CONS_NO,START_DATE,END_DATE,TOTAL_START_KWH,TOTAL_END_KWH,SUM_KWH
1000009393,20150101,20151231,463.81,603.34,139.53
1000112070,20150101,20151231,0.0,2013.82,2013.82
1000147535,20150101,20151231,3263.61,5087.78,1824.17
1000581700,20150101,20151231,4092.72,5903.77,1811.05
1001057057,20150101,20151231,9045.31,13543.51,4498.2
1001299400,20150101,20151231,6987.84,9966.22,2978.38
1002014383,20150101,20151231,3879.5,4702.16,822.66
1002020324,20150101,20151231,48.99,120.11,71.12
1002212470,20150101,20151231,3834.98,5668.96,1833.98
1006010033,20150410,20151231,5629.38,224.37,-5405.01
1007069541,20150101,20151231,2922.84,7000.9,4078.06
100910570,20150101,20151231,987.67,2841.51,1853.84
101020324,20150101,20151231,495.66,1231.41,735.75
1011100023,20150101,20151231,664.09,1848.59,1184.5
1011764383,20150101,20151223,2746.21,7084.82,4338.61
1012440062,20150101,20151231,3000.71,3665.44,664.73
1014280051,20150523,20151231,1386.82,3969.09,2582.27
1014968250,20150101,20151231,0.0,0.08,0.08
1015103116,20150101,20151231,1772.57,3278.52,1505.95
1015319535,20150101,20151231,22373.47,33772.07,11398.6
1015346657,20150101,20151231,35.5,52.21,16.71
1015908250,20150101,20151231,14753.59,12305.369999999999,-2448.22
101903141,20150101,20151231,1063.92,4060.84,2996.92
102002535,20150101,20151231,8208.79,14111.43,5902.64
102020324,20150101,20151231,1894.05,5678.0,3783.95
1020230457,20150101,20151231,12689.92,17525.18,4835.26
1020324,20150101,20151231,0.0,0.0,0.0
1020910570,20150101,20151231,31.15,167.05,135.9
1021903141,20150101,20151231,0.43,765.83,765.4
1022020324,20150101,20151231,528.09,1166.25,638.16
102212470,20150101,20151231,3409.72,4928.03,1518.31
1022440062,20150101,20151231,2339.03,3243.09,904.06
1024071357,20150101,20151231,1275.14,4972.92,3697.78
1024314033,20150101,20151231,2044.71,3166.98,1122.27
1024903141,20150127,20151231,0.0,5097.3,5097.3
1025702160,20150101,20151231,14880.65,23473.4,8592.75
1026047535,20150101,20151231,5876.73,7815.97,1939.24
1027989541,20150216,20151231,1254.47,2583.48,1329.01
1029259057,20150101,20151231,3744.8,4953.17,1208.37
1030581700,20150101,20151231,5032.67,8161.99,3129.32
1030910570,20150101,20151231,446.6,3626.76,3180.16
1031058330,20150101,20151231,812.93,1627.94,815.01
1031100023,20150101,20151231,245.03,1006.93,761.9
1031903141,20150101,20151231,410.84,1297.46,886.62
1034314033,20150101,20151231,368.39,1163.25,794.86
1035006541,20150101,20151231,1578.6,6050.1,4471.5
1037010033,20150410,20151231,7543.14,171.98,-7371.16
1037069541,20150101,20151231,1419.68,5741.22,4321.54
1038004100,20150101,20151231,4580.24,6831.83,2251.59
1040764383,20150101,20151231,499.99,499.99,0.0
1041020324,20150101,20151231,121.0,257.06,136.06
1042335657,20150101,20151231,576.17,1190.39,614.22
104280051,20150522,20151231,141.54,165.87,24.33
104314033,20150101,20151231,4014.64,7137.16,3122.52
1044010033,20150410,20151231,6722.27,8189.25,1466.98
1045709057,20150101,20151231,9619.17,14213.76,4594.59
1050058330,20150101,20151231,3295.75,3915.98,620.23
1050203016,20150217,20151231,486.55,1178.79,692.24
1051020324,20150101,20151231,1541.75,4142.25,2600.5
1051100023,20150101,20151231,119.68,682.98,563.3
1051903141,20150101,20151231,88.98,375.45,286.47
1051924383,20150101,20151231,0.54,0.97,0.43
1052100051,20150101,20151231,329.93,1503.36,1173.43
1053212470,20150101,20151230,6899.6,10109.26,3209.66
1055109393,20150101,20151231,584.92,1587.54,1002.62
1056065357,20150101,20151231,4182.1,6549.76,2367.66
10581700,20150101,20151231,1547.47,1954.67,407.2
1060203016,20150101,20151231,507.58,1983.74,1476.16
1060764383,20150101,20151231,3345.48,5025.37,1679.89
10607903,20150101,20151231,5321.65,9149.44,3827.79
1061203016,20150101,20151231,1803.84,2973.87,1170.03
1061389057,20150101,20151231,2973.22,4017.14,1043.92
1064968250,20150101,20151231,4409.8,6656.36,2246.56
1065096020,20150101,20151231,1663.84,3118.43,1454.59
106810457,20150101,20151231,682.21,776.76,94.55
1068589100,20150101,20151230,7352.36,9553.37,2201.01
1069130457,20150101,20151231,3865.59,4884.99,1019.4
1070100023,20150101,20151231,21.26,77.12,55.86
1070203016,20150217,20151231,0.0,0.0,0.0
107069541,20150101,20151231,904.48,3376.3,2471.82
1071203016,20150101,20151231,1887.16,3101.72,1214.56
1072100051,20150101,20151231,2.95,30.1,27.15
1073764383,20150101,20151231,1181.64,3590.62,2408.98
1074022657,20150101,20151231,321.69,1746.1,1424.41
1074430160,20150101,20151231,208.93,248.54,39.61
1075096020,20150101,20151231,3841.77,7130.82,3289.05
1076840055,20150101,20151231,990.06,2804.49,1814.43
1078004100,20150101,20151231,6270.07,7159.14,889.07
1078109393,20150101,20151231,24783.49,35481.56,10698.07
1078589100,20150101,20151231,8540.05,12191.24,3651.19
1080020324,20150101,20151231,0.0,0.0,0.0
1080924383,20150101,20151231,2551.76,3158.66,606.9
1081020324,20150101,20151231,816.14,2343.0,1526.86
1084001270,20150101,20151231,16806.9,35012.57,18205.67
1084011370,20150101,20151231,6098.58,10001.15,3902.57
10840170,20150101,20151231,4708.96,5491.9,782.94
1084968250,20150101,20151231,10287.47,13789.84,3502.37
1085109393,20150101,20151231,2121.05,5457.4,3336.35
1085110033,20150101,20151231,815.09,1608.49,793.4
108540250,20150101,20151231,296.9,4826.74,4529.84
1086220076,20150101,20151231,2921.34,6414.26,3492.92
1086788057,20150101,20151231,7417.4,10814.24,3396.84
1088589100,20150101,20151231,12645.19,17702.17,5056.98
1090809393,20150101,20151231,7960.72,26548.22,18587.5
1091764383,20150101,20151231,12658.85,15313.67,2654.82
110110033,20150101,20151231,5317.97,7724.9,2406.93
11020324,20150101,20151231,430.56,4286.9,3856.34
110581700,20150101,20151231,0.0,0.01,0.01
110910570,20150216,20151231,0.91,1325.62,1324.71
114314033,20150101,20151231,3438.99,6363.23,2924.24
114968250,20150101,20151231,3813.69,4442.8,629.11
115102210,20150101,20151231,638.12,2599.44,1961.32
115103116,20150101,20151231,7757.31,10617.93,2860.62
116110033,20150101,20151231,6181.13,8753.07,2571.94
11903141,20150101,20151231,2209.39,10240.09,8030.7
120100023,20150101,20151231,1039.62,5227.33,4187.71
120581700,20150101,20151231,752.09,1453.52,701.43
120840170,20150101,20151231,631.28,1905.43,1274.15
121031635,20150101,20151231,6868.17,11413.25,4545.08
121058330,20150101,20151231,3945.67,7003.74,3058.07
124058330,20150101,20151231,2267.59,3265.54,997.95
124280051,20150522,20151231,1129.39,1588.44,459.05
124314033,20150101,20151231,2353.89,4729.67,2375.78
12440062,20150101,20151231,5419.72,8900.09,3480.37
125103116,20150101,20151231,1016.08,1783.6,767.52
126047535,20150101,20151231,5790.43,8643.44,2853.01
127909057,20150101,20151231,9.93,247.72,237.79
12809057,20150101,20151231,6070.38,8923.79,2853.41
128589100,20150101,20151231,5113.46,7308.35,2194.89
1299400,20150101,20151231,13164.68,17006.16,3841.48
130398057,20150101,20151231,9476.95,14234.18,4757.23
130581700,20150101,20151231,4783.77,7886.88,3103.11
130910570,20150101,20151231,678.4,6037.26,5358.86
131020324,20150101,20151231,415.81,1114.28,698.47
1312070,20150101,20151231,6927.09,9825.3,2898.21
131903141,20150101,20151231,166.7,530.27,363.57
135810457,20150101,20151231,2159.41,4481.43,2322.02
137860250,20150101,20151231,7455.13,11276.11,3820.98
138004100,20150101,20151231,2906.73,3841.91,935.18
138589100,20150101,20151231,10814.95,14663.52,3848.57
139004100,20150101,20151231,6534.77,10235.87,3701.1
141020324,20150101,20151231,0.0,0.0,0.0
141058330,20150101,20151231,3035.77,5557.19,2521.42
141903141,20150101,20151231,1548.72,6233.54,4684.82
141924383,20150101,20151231,4682.67,6267.55,1584.88
142820055,20150210,20151231,66.43,4694.91,4628.48
14314033,20150101,20151231,0.02,1.86,1.84
145430160,20150101,20151231,2524.61,3039.64,515.03
146009393,20150101,20151231,8815.13,12710.7,3895.57
147535,20150101,20151231,1292.11,1937.12,645.01
148703157,20150101,20151231,883.61,1405.26,521.65
149004100,20150101,20151231,7254.93,11964.05,4709.12
14968250,20150101,20151231,1.57,1.64,0.07
150058330,20150101,20151231,441.65,151.32,-290.33
15103116,20150101,20151231,30.5,30.54,0.04
151100023,20150101,20151231,13.4,240.46,227.06
151903141,20150101,20151231,1408.44,3630.81,2222.37
151924383,20150101,20151231,2410.72,2983.97,573.25
152100051,20150101,20151231,214.48,436.87,222.39
153212470,20150101,20151231,6645.95,8360.07,1714.12
155831157,20150101,20151231,714.54,1148.33,433.79
159030735,20150101,20151231,1937.88,3734.02,1796.14
160100023,20150101,20151231,439.93,2270.5,1830.57
163212470,20150101,20151231,983.45,1362.25,378.8
163336035,20150101,20151231,5019.29,18860.31,13841.02
163833635,20150101,20151231,5.3,38.91,33.61
165096020,20150101,20151231,3358.76,4478.3,1119.54
168589100,20150101,20151231,12606.04,17697.25,5091.21
168976557,20150101,20151231,28.77,28.77,0.0
170924383,20150124,20151231,854.88,1018.56,163.68
171511370,20150101,20151231,11333.46,16630.57,5297.11
172100051,20150101,20151231,2642.17,5433.34,2791.17
173036635,20150101,20151231,7061.11,11573.9,4512.79
175058330,20150101,20151231,77.3,102.99,25.69
176069541,20150101,20151231,2738.96,10435.1,7696.14
178589100,20150101,20151231,13973.9,19628.74,5654.84
178794457,20150416,20151231,7.28,1006.34,999.06
180299400,20150101,20151231,3189.2,5747.89,2558.69
180924383,20150101,20151231,1029.57,1150.27,120.7
181020324,20150101,20151231,690.6,1248.29,557.69
181100023,20150101,20151231,422.1,2372.19,1950.09
181510457,20150101,20151231,0.0,0.02,0.02
182100023,20150101,20151231,402.17,2333.31,1931.14
184430160,20150101,20151231,0.0,19.22,19.22
184968250,20150101,20151231,4020.54,5288.77,1268.23
185109393,20150101,20151231,1428.0,2834.1,1406.1
191020324,20150101,20151231,0.0,0.0,0.0
196069541,20150101,20151231,249.97,796.1,546.13
197209951,20150525,20151231,4776.52,6772.78,1996.26
198004100,20150101,20151231,2918.85,3815.87,897.02
198908250,20150429,20151231,52.27,4718.76,4666.49
199948250,20150514,20151231,27.29,5908.6,5881.31
200110033,20150101,20151231,7466.91,9703.9,2236.99
200147535,20150101,20151231,7015.2,10479.76,3464.56
200240170,20150101,20151231,8243.7,10555.46,2311.76
200840170,20150101,20151231,1748.23,2410.08,661.85
201020324,20150101,20151231,320.88,974.57,653.69
201299400,20150101,20151231,10053.72,13186.78,3133.06
201319057,20150101,20151231,5461.79,6883.43,1421.64
2014383,20150101,20151231,5597.39,7595.77,1998.38
202020324,20150101,20151231,111.3,132.74,21.44
2020324,20150101,20151231,100.49,287.0,186.51
202212470,20150101,20151231,5496.85,7659.85,2163.0
202778257,20150101,20151231,485.45,485.45,0.0
204030635,20150101,20151231,10144.57,17173.95,7029.38
205319535,20150101,20151231,1905.1,3290.65,1385.55
205810457,20150101,20151231,2348.21,5526.31,3178.1
20581700,20150101,20151231,9272.0,14105.24,4833.24
21020324,20150101,20151231,571.97,1722.12,1150.15
210581700,20150101,20151231,773.81,1097.32,323.51
211903141,20150103,20151231,535.96,2417.27,1881.31
212020324,20150428,20151231,0.0,0.0,0.0
213102210,20150101,20151231,4026.79,4579.04,552.25
215103116,20150101,20151231,0.47,0.49,0.02
215319535,20150101,20151231,13988.65,23190.7,9202.05
215430160,20150101,20151231,6341.94,8768.35,2426.41
217989541,20150216,20151231,0.0,0.0,0.0
219009393,20150101,20151231,4155.1,5447.94,1292.84
21903141,20150101,20151231,0.0,0.0,0.0
219709393,20150101,20151231,309.5,997.67,688.17
220036635,20150101,20151231,61772.8,122321.24,60548.44
22020324,20150101,20151231,191.37,515.37,324.0
22058330,20150101,20151231,5565.22,8898.34,3333.12
221460757,20150101,20151231,2084.34,5162.35,3078.01
221903141,20150101,20151231,511.36,1881.7,1370.34
224280051,20150522,20151231,0.0,0.0,0.0
225103116,20150101,20151231,801.13,1095.18,294.05
225399535,20150101,20151231,675.16,1163.04,487.88
227086557,20150101,20151231,48.04,154.52,106.48
228047535,20150101,20151231,7294.2,10753.09,3458.89
228589100,20150101,20151231,6149.7,8525.56,2375.86
229304457,20150101,20151231,11817.25,15849.44,4032.19
230100023,20150101,20151231,570.22,2599.36,2029.14
230110033,20150101,20151231,4261.11,5972.01,1710.9
230581700,20150101,20151231,2001.59,6965.22,4963.63
230614033,20150101,20151231,3517.91,5309.78,1791.87
230910570,20150101,20151231,528.74,3120.3,2591.56
231131635,20150101,20151231,14254.83,24369.47,10114.64
231322470,20150101,20151231,9.7,1647.49,1637.79
232020324,20150101,20151231,111.32,3817.42,3706.1
232440062,20150101,20151231,1634.09,1775.8,141.71
239758657,20150101,20151231,1436.39,3414.18,1977.79
240203016,20150101,20151231,75.07,260.07,185.0
241020324,20150101,20151231,10.81,56.2,45.39
241924383,20150101,20151231,8590.75,11401.19,2810.44
242058330,20150101,20151231,2361.88,453.39,-1908.49
242440062,20150101,20151231,0.0,0.0,0.0
242583257,20150101,20151231,1098.0,2937.12,1839.12
242733635,20150101,20151231,4062.87,10273.82,6210.95
24280051,20150523,20151231,250.38,252.45,2.07
243134635,20150101,20151231,4416.79,7788.56,3371.77
244010055,20150101,20151231,7440.29,10671.37,3231.08
247058057,20150101,20151231,0.0,0.0,0.0
247622357,20150410,20151231,0.0,0.0,0.0
247940055,20150101,20151231,18273.68,23539.62,5265.94
24809393,20150101,20151231,6.41,16.22,9.81
250058330,20150101,20151231,820.1,1395.02,574.92
251510457,20150101,20151231,1.68,1.7,0.02
251924383,20150101,20151231,5549.18,7423.28,1874.1
252009393,20150101,20151231,4948.58,6664.91,1716.33
252440062,20150101,20151231,3490.14,5185.72,1695.58
253212470,20150101,20151231,6527.19,9071.1,2543.91
25399535,20150101,20151231,1118.95,2120.51,1001.56
25430160,20150101,20151231,65.6,2659.69,2594.09
254968250,20150101,20151231,0.0,0.0,0.0
256110033,20150101,20151231,7502.64,8500.56,997.92
258004100,20150101,20151231,19825.73,24679.72,4853.99
259009393,20150101,20151231,10162.89,13982.14,3819.25
260203016,20150101,20151231,836.31,2739.38,1903.07
262232635,20150101,20151231,5645.4,11111.34,5465.94
263212470,20150101,20151230,757.28,764.71,7.43
263609657,20150101,20151230,939.63,3333.62,2393.99
263770557,20150101,20151231,45676.41,73404.07,27727.66
264968250,20150101,20151231,0.0,0.0,0.0
270299400,20150101,20151231,7564.77,10532.27,2967.5
270924383,20150124,20151231,1374.14,2208.47,834.33
271085334,20150101,20151231,0.0,1428.41,1428.41
271100023,20150101,20151231,1530.96,6978.68,5447.72
271203016,20150101,20151231,5395.08,7875.51,2480.43
272100051,20150101,20151231,261.81,3497.15,3235.34
273037735,20150104,20151231,6426.85,16056.07,9629.22
274210060,20150101,20151231,11347.62,14536.96,3189.34
274430160,20150101,20151231,2879.6,3749.7,870.1
275031635,20150101,20151231,18994.93,37364.09,18369.16
275058330,20150101,20151231,4016.21,6434.84,2418.63
275096020,20150101,20151231,4409.33,6915.3,2505.97
276810457,20150101,20151231,1181.52,2984.74,1803.22
280014383,20150101,20151231,5830.83,8896.6,3065.77
280221757,20150101,20151231,79.36,376.62,297.26
280299400,20150101,20151231,10362.51,13398.67,3036.16
280924383,20150101,20151231,4137.01,5817.23,1680.22
280933635,20150101,20151231,1793.31,3868.4,2075.09
281020324,20150101,20151231,1565.48,3869.27,2303.79
284430160,20150101,20151231,1740.7,2124.93,384.23
289910065,20150217,20151231,5.55,4847.39,4841.84
290525157,20150101,20151231,254.56,392.5,137.94
291020324,20150116,20151231,10.09,2329.93,2319.84
292119057,20150101,20151231,5999.21,9162.59,3163.38
292928250,20150101,20151231,2242.69,57042.66,54799.97
294001270,20150101,20151231,15320.48,25962.14,10641.66
298263457,20150101,20151231,1681.59,5746.75,4065.16
299019057,20150101,20151231,8741.13,11296.4,2555.27
299047535,20150101,20151231,1265.75,1934.52,668.77
300112070,20150101,20151231,7307.7,12624.99,5317.29
300840170,20150101,20151231,11282.64,14890.51,3607.87
300910570,20150215,20151231,52.53,3110.26,3057.73
30100023,20150101,20151231,492.9,2016.24,1523.34
301020324,20150101,20151231,683.98,1998.44,1314.46
301299400,20150101,20151231,10082.1,12516.08,2433.98
301312070,20150101,20151231,4747.35,7968.62,3221.27
301440141,20150101,20151231,304.98,304.98,0.0
301903141,20150101,20151231,126.51,395.29,268.78
302212470,20150101,20151231,550.53,1115.35,564.82
302399535,20150101,20151231,10123.45,13984.32,3860.87
304314033,20150101,20151231,200.36,466.31,265.95
305430160,20150101,20151231,5402.75,7361.23,1958.48
30581700,20150101,20151231,4282.83,6609.84,2327.01
30910570,20150215,20151231,33.69,2726.58,2692.89
3100023,20150101,20151231,265.5,762.11,496.61
312440062,20150101,20151231,7445.34,11751.69,4306.35
31299400,20150101,20151231,729.09,1000.42,271.33
31398057,20150101,20151231,3978.83,4471.43,492.6
314280051,20150522,20151231,7.43,7.43,0.0
314314033,20150101,20151231,2079.33,3968.84,1889.51
315430160,20150101,20151231,1303.8,1761.22,457.42
318004100,20150101,20151231,3211.58,5576.7,2365.12
319009393,20150101,20151231,10315.84,13405.56,3089.72
32020324,20150317,20151231,0.0,0.0,0.0
320581700,20150101,20151231,0.0,0.0,0.0
321510457,20150101,20151231,0.0,0.0,0.0
321903141,20150101,20151231,4.02,62.44,58.42
322440062,20150101,20151231,1299.94,1928.21,628.27
323111170,20150101,20151231,15591.64,23383.09,7791.45
324314033,20150101,20151231,15283.21,28105.96,12822.75
325103116,20150101,20151231,8130.83,11866.08,3735.25
325435635,20150101,20151231,4543.5,7648.33,3104.83
327110033,20150101,20151231,104.37,456.58,352.21
328589100,20150101,20151231,5569.32,8350.84,2781.52
328948250,20150101,20151231,8598.92,11359.07,2760.15
329154257,20150101,20151231,0.0,0.0,0.0
330910570,20150101,20151231,289.98,3166.73,2876.75
331903141,20150101,20151231,760.45,2670.98,1910.53
332910022,20150101,20151231,312.97,955.96,642.99
334764383,20150101,20151231,570.84,3025.78,2454.94
335103116,20150101,20151231,745.42,755.8,10.38
33630435,20150101,20151231,52622.46,94478.37,41855.91
337109393,20150101,20151231,3108.65,7591.0,4482.35
338004100,20150101,20151231,3408.03,5057.72,1649.69
338589100,20150101,20151231,6694.0,9141.89,2447.89
342440062,20150101,20151231,6064.97,11673.06,5608.09
346110033,20150101,20151231,5202.64,7923.66,2721.02
347489157,20150101,20151231,6156.33,9296.56,3140.23
348589100,20150101,20151231,8352.23,11776.59,3424.36
35006541,20150101,20151231,30.19,163.36,133.17
351199541,20150101,20151231,0.0,1337.27,1337.27
351924383,20150101,20151231,7442.95,10080.66,2637.71
352100051,20150101,20151231,1871.03,5407.79,3536.76
352924383,20150101,20151231,1530.51,1622.63,92.12
353003052,20150101,20151231,769.88,3597.48,2827.6
354968250,20150101,20151231,11189.1,14906.05,3716.95
356110033,20150101,20151231,3769.71,5005.85,1236.14
356310085,20150101,20151231,7390.33,11913.47,4523.14
35702160,20150101,20151231,2805.36,3855.28,1049.92
358720055,20150101,20151231,1521.74,6401.69,4879.95
361203016,20150101,20151231,2883.42,4386.51,1503.09
361809393,20150101,20151231,9689.69,11188.95,1499.26
361834635,20150101,20151231,820.37,4182.02,3361.65
3631935,20150101,20151231,2692.24,3630.56,938.32
365096020,20150101,20151231,886.2,1105.83,219.63
36810457,20150101,20151231,2341.69,3557.83,1216.14
368589100,20150101,20151231,11205.08,14669.44,3464.36
370009393,20150101,20151231,0.0,0.0,0.0
37010033,20150410,20151231,5362.55,264.59,-5097.96
371035735,20150101,20151231,3792.08,6833.19,3041.11
371203016,20150101,20151231,0.48,0.48,0.0
372100023,20150101,20151231,645.07,3090.3,2445.23
372100051,20150101,20151231,2238.35,5591.04,3352.69
375096020,20150101,20151231,644.83,1200.58,555.75
375289657,20150121,20151231,4814.73,10725.03,5910.3
375711370,20150101,20151231,4635.43,17944.65,13309.22
376001270,20150101,20151231,1744.42,3319.81,1575.39
378030735,20150101,20151231,3261.96,5477.65,2215.69
378589100,20150101,20151231,7116.17,10092.7,2976.53
383280051,20150522,20151231,458.88,460.34,1.46
384109393,20150101,20151231,2497.24,6736.12,4238.88
384430160,20150101,20151231,1724.34,2059.64,335.3
386989541,20150101,20151231,1890.41,6609.86,4719.45
389014383,20150101,20151231,3100.2,7637.25,4537.05
391020324,20150101,20151231,182.35,543.96,361.61
392599357,20150101,20151231,8538.68,11568.83,3030.15
393280051,20150522,20151231,2786.39,3924.87,1138.48
393400751,20150523,20151231,0.0,10175.65,10175.65
394430160,20150101,20151231,2575.84,3131.42,555.58
397086557,20150101,20151231,116.56,162.55,45.99
399047535,20150101,20151231,7192.45,10521.5,3329.05
400009393,20150101,20151231,1055.84,5205.37,4149.53
400014383,20150101,20151231,610.4,2249.49,1639.09
400437735,20150101,20151231,8054.58,10401.06,2346.48
401020324,20150101,20151231,992.01,2506.14,1514.13
401032635,20150101,20151231,43409.6,88215.94,44806.34
401299400,20150101,20151231,6584.15,8736.53,2152.38
40203016,20150101,20151231,3.96,2285.53,2281.57
402212470,20150101,20151231,1006.95,1966.29,959.34
402399535,20150101,20151231,5329.98,7452.02,2122.04
404280051,20150522,20151231,5493.59,7796.14,2302.55
404314033,20150101,20151231,5818.9,11393.58,5574.68
405020381,20150101,20151231,1919.99,2911.07,991.08
405109393,20150101,20151231,3744.45,5079.11,1334.66
405510065,20150207,20151231,25.71,18447.9,18422.19
410010052,20150101,20151231,365.86,1923.22,1557.36
410581700,20150101,20151231,741.71,1093.93,352.22
41058330,20150101,20151231,1380.5,2380.85,1000.35
411398057,20150101,20151231,754.93,3630.54,2875.61
411909057,20150101,20151231,11964.54,16577.63,4613.09
414280051,20150524,20151231,100.43,143.96,43.53
414314033,20150101,20151231,2544.45,6067.95,3523.5
414968250,20150101,20151231,864.27,864.27,0.0
415103116,20150101,20151231,325.02,755.02,430.0
41514032,20150101,20151231,4399.22,9657.4,5258.18
415430160,20150101,20151231,3624.31,4828.63,1204.32
416110033,20150101,20151231,3069.59,5881.62,2812.03
416402470,20150101,20151231,175.68,970.07,794.39
417989541,20150216,20151231,1714.51,4520.21,2805.7
41903141,20150101,20151231,1205.96,4839.66,3633.7
41924383,20150101,20151231,3113.45,4125.58,1012.13
42020324,20150101,20151231,3816.99,8490.09,4673.1
42034635,20150101,20151231,366.01,5606.73,5240.72
42058330,20150101,20151231,2426.93,3113.96,687.03
422396657,20150101,20151231,659.3,2449.48,1790.18
422440062,20150101,20151231,213.13,213.58,0.45
424280051,20150522,20151231,3636.48,4689.84,1053.36
425103116,20150101,20151231,1793.45,3455.47,1662.02
425399535,20150101,20151231,7060.0,10784.55,3724.55
425430160,20150101,20151231,6015.6,8296.62,2281.02
428004100,20150101,20151231,6615.53,9959.94,3344.41
428589100,20150101,20151231,4525.82,5643.25,1117.43
430581700,20150101,20151231,6943.17,10614.7,3671.53
431903141,20150101,20151231,394.91,986.86,591.95
432020324,20150317,20151231,16.28,470.45,454.17
432440250,20150101,20151231,6867.08,13790.76,6923.68
433800457,20150101,20151231,1456.37,3063.26,1606.89
434109393,20150101,20151231,2986.99,6816.29,3829.3
435620022,20150101,20151231,196.27,959.54,763.27
435702160,20150101,20151231,0.0,0.0,0.0
436619157,20150101,20151231,510.57,2142.25,1631.68
438589100,20150101,20151231,19230.58,25021.78,5791.2
439004100,20150101,20151231,7643.41,9637.79,1994.38
439154457,20150101,20151231,1576.47,4163.83,2587.36
440058330,20150101,20151231,2711.46,4862.58,2151.12
440100023,20150101,20151231,8.0,42.73,34.73
44010033,20150410,20151231,3389.59,4341.41,951.82
440203016,20150101,20151231,1.07,6.59,5.52
441203016,20150101,20151231,2483.14,4040.29,1557.15
441609057,20150101,20151231,68.22,94.6,26.38
443282757,20150101,20151231,59.96,158.79,98.83
444009393,20150101,20151231,584.71,1272.64,687.93
445389535,20150101,20151231,3.09,4.79,1.7
446110033,20150101,20151231,8131.33,10531.72,2400.39
447186020,20150101,20151231,327.17,556.54,229.37
448976657,20150101,20151231,299.98,1176.3,876.32
449132635,20150101,20151231,2104.18,3215.19,1111.01
451203016,20150101,20151231,60.92,111.39,50.47
452100051,20150101,20151231,558.91,3496.09,2937.18
45430160,20150101,20151231,3190.5,4463.53,1273.03
456110033,20150101,20151231,5797.39,7985.23,2187.84
456788057,20150101,20151231,6837.32,8035.28,1197.96
456933657,20150101,20151231,45.23,104.05,58.82
457610085,20150103,20151231,1326.15,5628.0,4301.85
460203016,20150101,20151231,411.44,2439.1,2027.66
460583314,20150101,20151231,2418.28,2861.66,443.38
46109457,20150101,20151231,2.71,3.37,0.66
461203016,20150101,20151231,2908.85,5084.07,2175.22
461601257,20150312,20151231,5623.35,11411.61,5788.26
462100051,20150101,20151231,3172.33,6930.61,3758.28
466146357,20150101,20151231,9388.45,37204.24,27815.79
466273457,20150101,20151231,6384.63,7897.73,1513.1
467579057,20150101,20151231,1995.35,7444.35,5449.0
469014383,20150101,20151231,268.41,1141.52,873.11
470009393,20150101,20151231,9057.67,11409.66,2351.99
470299400,20150101,20151231,12839.46,17016.49,4177.03
470700316,20150101,20151231,299.37,724.16,424.79
472100023,20150101,20151231,782.46,3861.55,3079.09
473212470,20150101,20151231,4903.91,8359.54,3455.63
473816341,20150101,20151231,597.35,3051.23,2453.88
474430160,20150101,20151231,0.9,186.0,185.1
476989541,20150101,20151231,2006.02,6975.73,4969.71
477677903,20150101,20151231,4054.74,5966.75,1912.01
478004100,20150101,20151231,2851.99,4528.57,1676.58
478031735,20150101,20151231,12728.16,15743.06,3014.9
479740250,20150101,20151231,895.09,935.2,40.11
480856557,20150101,20151231,2658.8,5420.16,2761.36
480924383,20150101,20151231,3263.84,4359.72,1095.88
483011370,20150101,20151231,22991.84,28330.69,5338.85
483280051,20150522,20151231,887.68,1193.96,306.28
483294457,20150416,20151231,1.08,1673.51,1672.43
485096020,20150101,20151231,2092.58,3996.91,1904.33
488794457,20150416,20151231,7.06,1397.42,1390.36
490299400,20150101,20151231,18163.41,20512.48,2349.07
491020324,20150101,20151231,1452.91,3820.91,2368.0
493104357,20150101,20151231,2026.66,5231.09,3204.43
493280051,20150522,20151231,5796.16,8369.75,2573.59
499260250,20150101,20151231,0.0,0.0,0.0
500009393,20150101,20151231,5923.69,7977.21,2053.52
500147535,20150101,20151231,5462.61,8571.44,3108.83
50058330,20150101,20151231,1643.72,2609.25,965.53
500840170,20150101,20151231,4187.18,6147.19,1960.01
500932635,20150101,20151231,1349.28,3972.25,2622.97
501020324,20150101,20151231,39.36,39.41,0.05
501069541,20150101,20151231,527.15,1336.78,809.63
501299400,20150101,20151231,10435.93,13809.61,3373.68
50203016,20150217,20151231,5697.2,9801.18,4103.98
502032735,20150101,20151231,10018.41,15512.27,5493.86
502399535,20150101,20151231,10370.8,13944.9,3574.1
502635635,20150101,20151231,796.64,1572.47,775.83
503212470,20150101,20151231,98.6,109.45,10.85
504314033,20150101,20151231,382.19,383.16,0.97
505109393,20150101,20151231,2376.14,4797.09,2420.95
505319535,20150101,20151231,2612.31,3958.68,1346.37
507069541,20150101,20151231,3021.12,6556.36,3535.24
510910570,20150101,20151231,38.49,508.25,469.76
511069541,20150101,20151231,2318.64,5786.93,3468.29
511776441,20150217,20151231,0.0,4088.89,4088.89
511903141,20150101,20151231,0.0,0.0,0.0
512020324,20150101,20151231,228.7,634.67,405.97
514968250,20150101,20151231,18688.41,24540.52,5852.11
515399535,20150101,20151231,425.94,4124.76,3698.82
515430160,20150101,20151231,8557.0,11653.48,3096.48
515702160,20150101,20151231,6620.73,10369.58,3748.85
518004100,20150101,20151231,5503.61,8645.75,3142.14
520581700,20150101,20151231,9580.48,12779.04,3198.56
520840170,20150101,20151231,4138.17,7583.04,3444.87
52100051,20150101,20151231,689.22,2099.45,1410.23
521020324,20150101,20151231,473.51,2348.64,1875.13
521812160,20150101,20151231,7131.44,9354.57,2223.13
521903141,20150101,20151231,67.4,158.2,90.8
522020324,20150206,20151231,0.32,71.63,71.31
522058330,20150101,20151231,2473.63,2558.4,84.77
522440062,20150101,20151231,7118.6,10537.92,3419.32
524029057,20150101,20151231,3618.31,4755.58,1137.27
524262157,20150101,20151231,682.02,2332.22,1650.2
524314033,20150101,20151231,1642.26,3705.18,2062.92
52440062,20150101,20151231,2020.17,2349.45,329.28
525019057,20150101,20151231,12069.61,18095.29,6025.68
525103116,20150101,20151231,1952.7,1952.7,0.0
525399535,20150101,20151231,3004.38,3473.9,469.52
525702160,20150101,20151231,0.02,0.02,0.0
527709057,20150101,20151231,140.82,147.3,6.48
528284157,20150101,20151231,1729.2,4984.55,3255.35
532020324,20150304,20151231,11.91,205.98,194.07
53212470,20150101,20151231,6639.62,11514.57,4874.95
532633135,20150101,20151231,4327.08,7662.32,3335.24
535103116,20150101,20151231,7186.49,12034.07,4847.58
53629036,20150101,20151231,926.59,1651.31,724.72
537038735,20150101,20151231,9527.03,13205.04,3678.01
538004100,20150101,20151231,8581.82,11325.91,2744.09
538589100,20150101,20151231,6975.53,9231.44,2255.91
53922157,20150216,20151231,34.58,3381.74,3347.16
540058330,20150101,20151231,5768.83,10426.52,4657.69
541020324,20150101,20151231,1193.08,2257.79,1064.71
545010033,20150410,20151231,0.0,0.0,0.0
545430160,20150101,20151231,10107.39,13652.7,3545.31
545702160,20150101,20151231,7201.42,12186.47,4985.05
546110033,20150101,20151231,9947.91,13142.19,3194.28
547918250,20150101,20151231,3671.53,5286.99,1615.46
548908250,20150514,20151231,21.82,3327.19,3305.37
551004043,20150107,20151231,10.62,1587.82,1577.2
551203016,20150101,20151231,9193.26,2277.59,-6915.67
551332935,20150101,20151231,10262.8,13784.3,3521.5
552100051,20150101,20151231,1453.35,4336.06,2882.71
553212470,20150101,20151231,0.05,0.05,0.0
554968250,20150101,20151231,0.01,0.01,0.0
556079257,20150101,20151231,11428.68,16381.32,4952.64
556109393,20150101,20151231,1550.62,3337.05,1786.43
558660315,20150101,20151231,1991.24,4052.54,2061.3
560009393,20150101,20151231,0.0,0.0,0.0
560380257,20150101,20151231,1264.26,1419.21,154.95
561100023,20150101,20151231,282.85,1500.63,1217.78
561203016,20150101,20151231,5272.78,8617.09,3344.31
561510457,20150101,20151231,156.765,236.01,79.25
567111370,20150101,20151231,7858.99,11109.52,3250.53
568589100,20150101,20151231,11506.44,15824.87,4318.43
569014383,20150101,20151231,8.73,9.12,0.39
57109393,20150101,20151231,2425.52,5313.81,2888.29
571203016,20150101,20151231,157.01,1542.31,1385.3
571631157,20150101,20151231,471.59,1835.85,1364.26
572100051,20150101,20151231,0.02,486.17,486.15
574430160,20150101,20151231,5999.59,7938.08,1938.49
575096020,20150101,20151231,1413.62,1788.42,374.8
575110033,20150101,20151231,8007.36,10705.76,2698.4
575809057,20150101,20151231,2280.83,5476.91,3196.08
576001270,20150101,20151231,5945.38,7652.73,1707.35
576989541,20150101,20151231,402.3,1371.06,968.76
578004100,20150101,20151231,13951.15,19225.26,5274.11
578109393,20150101,20151231,2026.26,6097.1,4070.84
578392257,20150101,20151230,11062.15,15920.07,4857.92
58098057,20150101,20151231,17000.19,23856.24,6856.05
581020324,20150101,20151231,836.63,2494.15,1657.52
582038735,20150101,20151231,15687.95,26462.53,10774.58
582937635,20150101,20151231,2887.24,5268.38,2381.14
583280051,20150523,20151231,47.82,53.25,5.43
584430160,20150101,20151231,2160.62,3090.44,929.82
584968250,20150101,20151231,8502.54,11825.4,3322.86
585096020,20150101,20151231,2307.53,4216.67,1909.14
586069541,20150101,20151231,839.49,2624.12,1784.63
586810457,20150101,20151231,1492.51,2639.15,1146.64
588004100,20150101,20151231,8374.64,9340.07,965.43
588111370,20150101,20151231,0.0,11.81,11.81
588589100,20150101,20151231,6900.29,9222.32,2322.03
591020324,20150101,20151231,1534.8,3920.28,2385.48
594430160,20150101,20151231,4834.73,5936.32,1101.59
598589100,20150101,20151231,19504.36,39973.92,20469.56
599010033,20150101,20151231,20275.12,26160.73,5885.61
600581700,20150101,20151231,8669.92,13069.9,4399.98
601903141,20150101,20151231,1.15,5.06,3.91
602399535,20150101,20151231,7400.89,11084.7,3683.81
602510457,20150101,20151231,17.01,17.58,0.57
603212470,20150101,20151231,945.65,4015.95,3070.3
604314033,20150101,20151231,3318.75,5845.64,2526.89
607069541,20150101,20151231,1037.74,3146.33,2108.59
60764383,20150101,20151231,646.78,844.09,197.31
610581700,20150101,20151231,0.0,0.0,0.0
611069541,20150101,20151231,34.04,101.24,67.2
612020324,20150428,20151231,3.12,212.05,208.93
61412257,20150101,20151231,10372.41,72.68,-10299.73
614299400,20150101,20151231,6104.3,8572.01,2467.71
614314033,20150101,20151231,1508.87,4076.3,2567.43
614714033,20150101,20151231,3079.6,6110.6,3031.0
616110033,20150101,20151231,4170.3,5898.51,1728.21
617069541,20150101,20151231,22.11,112.73,90.62
617718257,20150101,20151231,1044.81,3089.81,2045.0
620100023,20150101,20151231,65.31,336.44,271.13
62038735,20150101,20151231,12466.6,30536.65,18070.05
620840170,20150101,20151231,14083.3,18236.4,4153.1
620910570,20150101,20151231,722.1,3806.91,3084.81
621903141,20150101,20151231,149.7,149.72,0.02
623122470,20150101,20151231,3055.51,3844.03,788.52
624280051,20150526,20151231,816.46,1682.63,866.17
625399535,20150101,20151231,5263.64,8396.28,3132.64
628000180,20150101,20151231,17653.43,37365.59,19712.16
628004100,20150101,20151231,8810.26,11923.48,3113.22
628589100,20150101,20151231,7960.84,10570.61,2609.77
628888057,20150101,20151231,7316.2,8459.48,1143.28
630340170,20150101,20151231,16576.53,21541.96,4965.43
630910570,20150214,20151231,15.48,2459.13,2443.65
631020324,20150101,20151231,476.19,1355.69,879.5
631510457,20150101,20151231,99.495,401.94,302.44
632020324,20150101,20151231,64.86,1806.81,1741.95
632234635,20150101,20151231,7357.04,8226.23,869.19
632440062,20150101,20151231,71.21,111.95,40.74
633740062,20150101,20151231,2362.09,3541.55,1179.46
633831635,20150101,20151231,7518.78,14226.82,6708.04
634260250,20150101,20151231,10769.87,16581.57,5811.7
634584657,20150101,20151231,1007.61,2821.18,1813.57
634610457,20150101,20151231,2729.18,3927.31,1198.13
635103116,20150101,20151231,0.0,0.0,0.0
635702160,20150101,20151231,6758.67,9747.89,2989.22
636031800,20150101,20151231,4040.58,8280.82,4240.24
638004100,20150101,20151231,6747.95,9374.85,2626.9
638589100,20150101,20151231,6749.62,8405.85,1656.23
641058330,20150101,20151231,86.88,195.45,108.57
641100023,20150101,20151231,696.51,3451.63,2755.12
641924383,20150101,20151231,5799.08,7738.69,1939.61
642440062,20150101,20151231,3747.07,5539.07,1792.0
643212470,20150101,20151231,1859.54,2614.7,755.16
649014383,20150101,20151231,1059.8,3636.37,2576.57
650009393,20150101,20151231,5385.13,14347.83,8962.7
650112070,20150101,20151231,10903.17,17464.54,6561.37
65096020,20150101,20151231,2646.52,4473.74,1827.22
651203016,20150101,20151231,121.48,333.6,212.12
652100051,20150101,20151231,0.0,0.0,0.0
653212470,20150101,20151230,2068.47,2068.63,0.16
654968250,20150104,20151231,289.55,2570.59,2281.04
65810457,20150101,20151231,2268.82,2648.13,379.31
66110033,20150101,20151231,4220.48,5652.74,1432.26
662002012,20150101,20151231,62.58,453.47,390.89
662232635,20150101,20151231,3696.19,5922.28,2226.09
668589100,20150101,20151231,5863.33,8156.76,2293.43
670112070,20150101,20151231,4530.32,4999.81,469.49
671203016,20150101,20151231,18741.52,31477.76,12736.24
672130635,20150101,20151231,4893.77,7295.9,2402.13
674430160,20150101,20151231,326.63,423.34,96.71
675184557,20150101,20151231,4952.79,7403.6,2450.81
676989541,20150101,20151231,309.69,1422.01,1112.32
678004100,20150101,20151231,14339.58,18672.73,4333.15
679130457,20150101,20151231,5315.66,7785.5,2469.84
680014383,20150101,20151231,2406.07,6503.68,4097.61
683280051,20150524,20151231,1538.92,2234.63,695.71
683498057,20150101,20151231,6058.22,7079.43,1021.21
683720055,20150213,20151231,4403.71,11628.99,7225.28
684109393,20150101,20151231,2579.85,6274.2,3694.35
684709057,20150101,20151231,93.56,93.78,0.22
685096020,20150101,20151231,2701.77,2762.62,60.85
68589100,20150101,20151230,9420.15,12406.44,2986.29
688589100,20150101,20151231,10732.99,13599.19,2866.2
689120055,20150101,20151231,2282.88,8713.0,6430.12
690020324,20150101,20151231,1225.28,3172.9,1947.62
691632135,20150101,20151231,35134.42,61241.41,26106.99
693398057,20150513,20151231,58.68,4043.93,3985.25
694430160,20150101,20151231,8475.04,11493.25,3018.21
696110033,20150101,20151231,0.01,0.02,0.01
697709057,20150101,20151231,4042.23,4328.04,285.81
698109393,20150101,20151231,5361.33,11995.95,6634.62
698802157,20150101,20151231,8420.81,9520.91,1100.1
700147535,20150101,20151231,10683.87,15771.09,5087.22
700409057,20150101,20151231,8410.92,10887.3,2476.38
700805057,20150101,20151231,2562.27,4465.57,1903.3
700840170,20150101,20151231,5469.26,7548.45,2079.19
700910570,20150215,20151231,32.64,935.85,903.21
7009951,20150101,20151231,5824.85,0.0,-5824.85
701299400,20150101,20151231,7547.2,8192.21,645.01
701510457,20150101,20151231,0.0,0.0,0.0
702399535,20150101,20151231,2143.96,5090.9,2946.94
702440062,20150101,20151231,2604.72,3759.43,1154.71
703110033,20150101,20151231,6285.84,7994.43,1708.59
704280051,20150522,20151231,1418.07,1850.89,432.82
704968250,20150101,20151231,16596.02,25222.1,8626.08
705178657,20150101,20151231,275.15,441.41,166.26
705319535,20150101,20151231,767.03,768.29,1.26
705430160,20150101,20151231,1406.0,1983.64,577.64
707220055,20150101,20151231,5211.2,7284.72,2073.52
710581700,20150101,20151231,3589.21,7807.49,4218.28
7110033,20150101,20151231,4765.62,6376.59,1610.97
711011052,20150101,20151231,1544.88,2659.42,1114.54
711100023,20150101,20151231,507.05,2445.34,1938.29
711299400,20150101,20151231,7428.71,9424.38,1995.67
711903141,20150101,20151231,771.52,2891.4,2119.88
71203016,20150101,20151231,369.71,623.03,253.32
712440062,20150101,20151231,3518.0,5222.26,1704.26
713804033,20150101,20151231,1528.2,2740.24,1212.04
714280051,20150602,20151231,2098.95,2888.31,789.36
714848457,20150128,20151231,0.0,497.14,497.14
716587657,20150101,20151231,94.11,243.83,149.72
717989541,20150216,20150620,4881.45,7220.6,2339.15
720014383,20150101,20151231,655.94,1645.28,989.34
720110033,20150101,20151231,5682.39,7395.94,1713.55
720126657,20150101,20151231,107.08,884.78,777.7
720840170,20150101,20151231,16226.96,20662.17,4435.21
720910570,20150214,20151231,2.4,370.16,367.76
72100051,20150101,20151231,3011.14,7823.34,4812.2
724280051,20150523,20151231,1711.46,1795.76,84.3
724314033,20150101,20151231,2548.82,5071.07,2522.25
725103116,20150101,20151231,3793.16,5670.87,1877.71
727010033,20150410,20151231,1713.67,510.18,-1203.49
730581700,20150101,20151231,119.52,1986.23,1866.71
731903141,20150101,20151231,0.38,42.16,41.78
732411370,20150101,20151231,7845.02,13884.97,6039.95
732440062,20150101,20151231,2264.32,3435.34,1171.02
734109393,20150101,20151231,1408.0,2118.83,710.83
735103116,20150101,20151231,0.1,0.17,0.07
735702160,20150101,20151231,2014.71,2548.94,534.23
736109393,20150101,20151231,2712.11,7106.28,4394.17
737022757,20150101,20151231,2197.67,6703.33,4505.66
737109393,20150101,20151231,6771.96,8692.48,1920.52
738589100,20150101,20151231,10444.93,14120.94,3676.01
739180657,20150101,20151231,864.15,3450.61,2586.46
739908250,20150429,20151231,56.49,5085.72,5029.23
740119257,20150101,20151231,3715.2,4894.6,1179.4
740203016,20150101,20151231,546.02,1923.63,1377.61
741058330,20150101,20151231,3415.83,6109.96,2694.13
741924383,20150101,20151231,1406.39,1542.93,136.54
742314033,20150101,20151231,4306.12,7452.21,3146.09
742440062,20150101,20151231,763.09,1235.23,472.14
744314033,20150101,20151231,500.31,524.62,24.31
744339535,20150101,20151231,5783.1,11286.29,5503.19
745010033,20150410,20151231,5157.92,6324.77,1166.85
747014383,20150101,20151231,3421.81,5766.88,2345.07
747110033,20150118,20151231,28.01,3567.73,3539.72
750112070,20150101,20151231,17267.15,27894.36,10627.21
75096020,20150101,20151231,4207.82,7309.8,3101.98
751203016,20150101,20151231,608.73,776.8,168.07
754809393,20150101,20151231,3357.58,7505.82,4148.24
755096020,20150101,20151231,394.46,734.75,340.29
756410160,20150527,20151231,9.44,645.57,636.13
757809057,20150101,20151231,506.93,1144.46,637.53
758004100,20150101,20151231,19667.28,25322.97,5655.69
758589100,20150101,20151231,4726.1,6222.43,1496.33
76032635,20150101,20151231,11197.98,41672.29,30474.31
762100051,20150101,20151231,962.39,3964.0,3001.61
763212470,20150101,20151231,6638.19,8590.53,1952.34
765096020,20150101,20151231,2570.46,4088.21,1517.75
766910060,20150316,20151227,583.61,11341.94,10758.33
768110055,20150101,20151231,245.45,0.0,-245.45
770114383,20150101,20151231,298.98,304.98,6.0
770709057,20150101,20151231,67.56,144.92,77.36
770924383,20150101,20151231,721.5,1019.39,297.89
771001270,20150101,20151231,1069.27,1731.65,662.38
771020324,20150116,20151231,6.67,1520.21,1513.54
772100023,20150101,20151231,3659.16,7175.06,3515.9
773212470,20150101,20151231,1529.76,3145.12,1615.36
773280051,20150523,20151231,270.19,278.02,7.83
778004100,20150101,20151231,9613.47,12614.04,3000.57
778109393,20150101,20151231,1532.46,4389.57,2857.11
780112070,20150101,20151231,7420.03,10956.38,3536.35
780989541,20150216,20151231,107.94,302.7,194.76
782100023,20150101,20151231,87.64,561.0,473.36
784430160,20150101,20151231,9312.58,13524.39,4211.81
784613100,20150101,20151231,676.52,824.58,148.06
786069541,20150101,20151231,1042.69,2978.01,1935.32
788004100,20150101,20151231,6418.75,8828.44,2409.69
790020324,20150101,20151231,104.72,472.95,368.23
790299400,20150101,20151231,6810.57,9190.69,2380.12
790509057,20150101,20151231,4828.02,5123.3,295.28
790978257,20150101,20151231,2255.28,5920.45,3665.17
793280051,20150522,20151231,9702.09,12704.04,3001.95
793314033,20150101,20151231,5993.79,11032.78,5038.99
794109393,20150101,20151231,1731.65,4048.1,2316.45
796110033,20150101,20151231,2050.92,3150.97,1100.05
797797457,20150101,20151231,5112.74,8036.36,2923.62
799010033,20150101,20151231,14316.81,24767.13,10450.32
799047535,20150101,20151231,6770.5,8688.97,1918.47
799211757,20150216,20151231,132.24,305.81,173.57
800510457,20150101,20151231,448.61,604.16,155.55
800840170,20150101,20151231,3393.42,4515.04,1121.62
801069541,20150101,20151231,2878.43,7738.03,4859.6
801299400,20150101,20151231,15588.76,19007.27,3418.51
801650141,20150129,20151231,43.2,7625.17,7581.97
801903141,20150101,20151231,149.76,762.33,612.57
802109393,20150101,20151231,1185.87,3039.84,1853.97
802212470,20150101,20151231,147.7,177.76,30.06
802399535,20150101,20151231,0.0,0.0,0.0
802440062,20150101,20151231,1198.27,1984.45,786.18
803036635,20150101,20151231,8728.54,9416.13,687.59
804314033,20150101,20151231,2772.95,5233.82,2460.87
805002535,20150101,20151231,8355.35,12577.02,4221.67
806450055,20150101,20151231,3263.74,13359.14,10095.4
807069541,20150101,20151231,2733.14,6779.53,4046.39
80924383,20150101,20151231,2442.51,3312.29,869.78
810910570,20150101,20151231,879.86,3085.25,2205.39
811903141,20150101,20151231,0.03,2.95,2.92
812835635,20150101,20151231,2424.26,5659.9,3235.64
814280051,20150523,20151231,1325.43,1785.58,460.15
815103116,20150101,20151231,352.15,358.97,6.82
815430160,20150101,20151231,2285.74,2285.74,0.0
816830635,20150101,20151231,1298.85,1371.03,72.18
817069541,20150101,20151231,1107.15,2924.31,1817.16
818113100,20150101,20151231,8348.71,13538.49,5189.78
818589100,20150101,20151231,8397.69,11707.0,3309.31
820923300,20150101,20151231,14124.1,23924.68,9800.58
821058330,20150101,20151231,355.37,459.02,103.65
821101270,20150101,20151231,11917.16,16962.18,5045.02
821903141,20150101,20151231,438.61,1256.49,817.88
822020324,20150319,20151231,5.3,1055.2,1049.9
822440062,20150101,20151231,3159.38,5549.32,2389.94
824280051,20150522,20151231,0.0,0.0,0.0
825103116,20150101,20151231,2010.62,3330.92,1320.3
825702160,20150101,20151231,0.28,0.28,0.0
826109393,20150101,20151231,233.53,2886.21,2652.68
827010033,20150410,20151231,7876.32,271.85,-7604.47
827282357,20150101,20151231,511.78,1533.92,1022.14
828004100,20150101,20151231,4459.46,6350.7,1891.24
829101357,20150101,20151231,6386.14,8707.45,2321.31
830203016,20150101,20151231,42.52,554.32,511.8
830581700,20150101,20151231,24.07,39.4,15.33
830950541,20150216,20151231,2380.42,6077.36,3696.94
831208075,20150101,20151231,23768.32,50078.23,26309.91
832105535,20150101,20151231,88772.58,149451.81,60679.23
834109393,20150101,20151231,1215.44,3223.47,2008.03
835058330,20150101,20151231,838.81,2025.75,1186.94
835702160,20150101,20151231,3263.09,5207.86,1944.77
837720055,20150216,20151231,24.06,6156.63,6132.57
839794457,20150416,20151231,1.87,2158.6,2156.73
839948250,20150511,20151231,51.51,1787.62,1736.11
840100023,20150101,20151231,239.13,1740.4,1501.27
841058330,20150101,20151231,0.0,0.0,0.0
841305160,20150530,20151231,0.0,52189.27,52189.27
841903141,20150101,20151231,1250.7,9520.1,8269.4
841924383,20150101,20151231,2665.02,3728.63,1063.61
843212470,20150101,20151231,1900.44,3030.12,1129.68
84430160,20150101,20151231,1450.53,2483.8,1033.27
847110033,20150101,20151231,1040.13,1462.2,422.07
849014383,20150101,20151231,15.84,1113.85,1098.01
84968250,20150101,20151231,12718.99,16554.12,3835.13
849969157,20150501,20151231,25.16,1741.24,1716.08
850200094,20150101,20151231,2153.81,5212.07,3058.26
850294457,20150416,20151231,8.58,1925.72,1917.14
851058330,20150101,20151231,0.0,0.0,0.0
85109393,20150101,20151231,3118.65,7747.66,4629.01
85110033,20150101,20151231,540.83,616.9,76.07
851332935,20150101,20151231,9953.32,13809.29,3855.97
853212470,20150101,20151230,15287.46,21287.08,5999.62
854121557,20150101,20151231,5630.64,8484.83,2854.19
855035735,20150101,20151231,5423.63,7779.87,2356.24
855096020,20150101,20151231,982.95,1787.51,804.56
858976557,20150101,20151231,324.96,553.88,228.92
860203016,20150217,20151231,773.82,2213.02,1439.2
861002270,20150101,20151231,1640.21,2624.88,984.67
861203016,20150101,20151231,2797.08,4566.14,1769.06
861293357,20150101,20151231,91.72,344.04,252.32
864065357,20150101,20151231,4450.09,6927.01,2476.92
864430160,20150101,20151231,0.0,0.0,0.0
866709057,20150101,20151231,1320.9,2339.71,1018.81
868589100,20150101,20151231,16771.22,23447.59,6676.37
870014383,20150101,20151231,450.58,2325.47,1874.89
870020324,20150101,20151231,49.8,1162.05,1112.25
870924383,20150101,20151231,6198.58,8543.89,2345.31
871100023,20150101,20151231,53.07,251.19,198.12
871203016,20150101,20151231,1408.09,5159.84,3751.75
871431735,20150101,20151231,276.57,3387.07,3110.5
872749357,20150101,20151231,3959.76,5946.32,1986.56
875096020,20150101,20151231,471.51,877.0,405.49
880114383,20150101,20151231,35652.16,54389.67,18737.51
881020324,20150101,20151231,1000.66,3376.84,2376.18
8811657,20150101,20151231,39.34,100.54,61.2
882100023,20150101,20151231,130.94,799.59,668.65
884430160,20150101,20151231,2571.18,2571.18,0.0
884613100,20150101,20151231,496.95,647.02,150.07
885210060,20150101,20151231,5045.64,7406.35,2360.71
88589100,20150101,20151231,15508.23,22095.9,6587.67
888004100,20150101,20151231,16846.12,20705.0,3858.88
89014383,20150101,20151231,487.48,1253.37,765.89
891764383,20150101,20151231,1685.52,3619.93,1934.41
892100023,20150101,20151231,421.39,1865.62,1444.23
893280051,20150522,20151231,0.0,1789.77,1789.77
894154357,20150101,20151231,0.0,0.0,0.0
894430160,20150101,20151231,0.0,0.0,0.0
896186020,20150101,20151231,487.54,615.85,128.31
896810457,20150101,20151231,23.335,3.29,-20.05
900840170,20150101,20151217,6739.76,8429.4,1689.64
900910570,20150101,20151231,510.59,3048.94,2538.35
900929250,20150101,20151231,0.0,0.0,0.0
901020324,20150101,20151231,557.91,2051.16,1493.25
901903141,20150101,20151231,440.4,1737.94,1297.54
902109393,20150101,20151231,1378.89,3599.84,2220.95
904968250,20150101,20151231,0.8,0.81,0.01
905319535,20150101,20151231,0.0,0.0,0.0
907032635,20150101,20151231,7719.33,11639.7,3920.37
91014383,20150101,20151231,878.04,2415.3,1537.26
910581700,20150101,20151231,3113.47,5156.68,2043.21
91089541,20150101,20151231,7244.37,8570.05,1325.68
911903141,20150101,20151231,281.42,1228.57,947.15
913058330,20150101,20151231,1681.93,2327.05,645.12
917086557,20150101,20151231,87.81,162.64,74.83
917110033,20150101,20151231,3994.1,7691.9,3697.8
917989541,20150216,20151231,4955.74,14852.28,9896.54
920581700,20150101,20151231,3888.81,5939.15,2050.34
920910570,20150101,20151231,40.49,409.38,368.89
921020324,20150101,20151231,33.9,92.91,59.01
921058330,20150101,20151231,5539.22,9123.53,3584.31
921101270,20150101,20151231,17664.33,25062.57,7398.24
921903141,20150101,20151231,234.87,304.39,69.52
922440062,20150101,20151231,57.48,226.55,169.07
925399535,20150101,20151231,3229.5,5956.35,2726.85
925702160,20150101,20151231,2469.31,3286.07,816.76
927010033,20150410,20151231,1273.78,2450.15,1176.37
927109393,20150101,20151231,6838.9,8499.62,1660.72
928004100,20150101,20151231,5138.28,7172.2,2033.92
929936635,20150101,20151231,17253.79,29799.96,12546.17
930203016,20150101,20151231,396.11,1412.89,1016.78
930931635,20150101,20151231,3421.52,17086.6,13665.08
931020324,20150101,20151231,637.72,1763.16,1125.44
931903141,20150101,20151231,702.14,2546.49,1844.35
932089110,20150101,20151231,14323.72,21464.97,7141.25
934010033,20150410,20151231,2835.46,3524.68,689.22
935010033,20150410,20151231,7128.34,149.16,-6979.18
935702160,20150101,20151231,287.11,378.18,91.07
936009393,20150101,20151231,6925.91,8703.06,1777.15
937109393,20150101,20151231,5289.35,11534.76,6245.41
938004100,20150101,20151231,5729.52,8696.19,2966.67
938110055,20150101,20151231,34.98,795.55,760.57
938718457,20150522,20151231,1569.91,2095.78,525.87
940058330,20150101,20151231,3434.08,5405.26,1971.18
940203016,20150217,20151231,145.28,342.78,197.5
941203016,20150101,20151231,1267.86,3363.69,2095.83
941924383,20150101,20151231,3084.62,4102.38,1017.76
942100051,20150101,20151231,2225.06,6784.96,4559.9
942714033,20150101,20151231,6857.12,8805.24,1948.12
943212470,20150101,20151231,801.75,836.78,35.03
944111370,20150501,20151231,11.57,1831.94,1820.37
944319535,20150101,20151231,5089.12,8935.89,3846.77
945443357,20150109,20151231,214.41,9653.63,9439.22
945702160,20150101,20151231,7480.67,10847.94,3367.27
94613100,20150101,20151231,259.08,338.45,79.37
947614033,20150407,20151231,4720.68,4973.73,253.05
94810457,20150101,20151231,2376.07,3702.02,1325.95
950112070,20150101,20151231,718.72,1112.11,393.39
950203016,20150101,20151231,964.3,4821.92,3857.62
951203016,20150101,20151231,4420.07,5886.35,1466.28
954811370,20150101,20151231,6124.57,6231.68,107.11
955096020,20150101,20151231,0.0,1.13,1.13
960100023,20150101,20151231,1336.87,6324.83,4987.96
963212470,20150101,20151230,1798.51,3972.11,2173.6
963764383,20150101,20151231,762.6,2250.63,1488.03
964211370,20150101,20151231,8363.68,10455.91,2092.23
966810457,20150101,20151231,0.95,1.65,0.7
96750557,20150101,20151231,3898.19,7409.67,3511.48
968004100,20150101,20151231,10206.37,14298.41,4092.04
968589100,20150101,20151231,8889.24,9039.03,149.79
970299400,20150101,20151231,9684.05,12419.93,2735.88
970924383,20150101,20151231,1840.65,2312.55,471.9
970934635,20150101,20151231,1686.4,2992.07,1305.67
971020324,20150101,20151231,228.24,338.72,110.48
971100023,20150101,20151231,213.46,1130.96,917.5
973031635,20150101,20151231,8868.87,16152.01,7283.14
975038635,20150101,20151231,54788.66,74858.62,20069.96
978010033,20150410,20151231,10384.87,400.66,-9984.21
980038457,20150101,20151231,153.22,222.04,68.82
981100023,20150101,20151231,37.58,154.53,116.95
981908250,20150101,20151231,1766.43,3110.62,1344.19
984430160,20150101,20151231,4076.28,5641.38,1565.1
984968250,20150101,20151231,189.0,226.91,37.91
985110033,20150101,20151231,3176.44,3576.42,399.98
985440055,20150101,20151231,751.85,2713.66,1961.81
986022157,20150101,20151231,4778.7,5379.72,601.02
986069541,20150101,20151231,0.0,0.0,0.0
986833757,20150101,20151231,0.0,55.1,55.1
988004100,20150101,20151231,6464.48,9272.21,2807.73
990020324,20150101,20151231,0.0,0.0,0.0
99109393,20150101,20151231,11323.98,14883.28,3559.3
992100023,20150101,20151231,466.17,2131.84,1665.67
993041052,20150101,20151231,1138.22,2254.81,1116.59
993280051,20150522,20151231,1974.66,2714.87,740.21
993314033,20150101,20151231,3798.17,6888.19,3090.02
995743757,20150101,20151231,26.96,173.6,146.64
