Age,Areas,ID,Package,SHabit,Salary
10,  C  ,917:1,0.9,4.0,5988
31,B  ,5:0,1.7,2.0,6373
28, D,309:0,0.7,4.0,6138
20,  C  ,493:1,1.2,3.0,6220
27, D,101:0,1.0,2.0,6376
21, D,938:1,1.3,4.0,6336
70, D,68:0,1.2,3.5,6092
44, D,299:0,1.0,2.0,5920
31, D,903:1,1.5,4.0,6073
16,  C  ,849:1,1.4,1.0,5850
42,B  ,165:0,-2.0,3.0,5754
10, D,624:0,1.4,2.0,5939
39, D,173:0,1.1,2.5,6171
21, D,159:0,1.1,4.0,5770
61, D,763:1,0.7,1.0,6144
69, D,505:0,1.0,4.0,5930
17,B  ,933:1,1.0,4.0,6061
17, A  ,96:1,0.7,3.0,6141
19, A  ,971:1,0.5,4.0,5868
62, D,420:1,1.2,4.0,6343
34, D,737:1,1.1,1.0,6112
4, A  ,954:1,0.8,4.0,5917
69, D,640:1,1.2,1.0,6271
45,  C  ,181:0,0.6,2.0,5929
32,  C  ,615:1,0.7,1.0,5973
62,  C  ,10:0,0.8,3.0,6082
14, D,620:1,0.8,2.0,5698
69, D,282:0,1.2,4.0,6204
11, D,311:1,1.2,3.0,5973
16,B  ,260:0,0.9,3.0,6122
22, D,864:1,1.1,1.0,6019
72,B  ,197:0,1.2,3.0,6154
55, D,169:1,1.1,3.0,6237
71, D,188:0,0.8,2.0,6010
47, D,71:0,0.2,2.0,6145
70, D,978:1,0.4,4.0,5827
32,B  ,810:1,0.7,1.0,5977
69, D,82:1,-9.0,1.0,6180
63, D,932:1,1.1,4.0,5948
23, D,475:1,0.7,2.0,6347
27, D,885:1,0.5,4.0,5847
14, D,709:1,0.6,1.0,6253
36, D,253:0,1.4,2.0,6028
72, D,808:1,0.9,1.0,5994
76,  C  ,692:1,1.3,4.0,6189
71, D,108:0,1.2,3.0,5850
38, D,900:1,1.6,4.0,5919
13, D,93:0,0.8,3.0,6041
68,B  ,855:1,0.9,1.0,5793
18, D,204:0,1.4,3.0,6131
27,  C  ,251:0,1.3,2.0,6104
42,B  ,867:1,0.9,1.0,5977
74,B  ,845:1,0.9,1.0,6081
48,  C  ,326:1,0.7,1.0,5937
40,  C  ,278:0,1.0,3.0,5976
19, D,729:1,1.3,1.0,6162
68, A  ,233:1,1.4,4.0,5891
50, D,477:1,0.7,3.0,6263
72, D,207:0,1.2,1.0,5995
71,  C  ,800:1,1.3,1.0,5834
47, D,913:1,0.6,4.0,6206
10, D,777:1,0.9,1.0,5988
22, D,419:1,1.2,2.0,6303
67, D,412:0,0.3,2.0,6160
39, D,458:1,0.7,2.0,5559
0, D,58:0,1.4,1.0,6060
64, D,128:0,1.4,4.0,6369
18,B  ,603:1,1.3,4.0,5811
1,  C  ,206:0,1.3,4.0,5676
60, D,535:1,0.8,1.0,5744
13,B  ,335:1,1.4,2.0,5468
55, D,617:1,1.0,1.0,6044
47,  C  ,279:0,0.6,2.0,5593
79, D,859:1,1.0,1.0,5892
39, D,458:1,0.7,2.0,5559
42, D,221:1,1.0,3.0,5808
35, D,321:0,0.9,2.0,5856
36, D,522:1,1.6,2.0,5817
10, A  ,19:0,1.5,3.0,6062
13,B  ,713:1,1.0,1.0,5860
65, D,998:1,0.9,4.0,6018
59,B  ,185:0,0.5,4.0,6125
17,B  ,523:1,0.8,3.0,5663
54, D,540:1,1.4,2.0,5978
56,B  ,942:1,0.8,4.0,6259
57, D,194:1,0.7,2.0,5766
44, D,836:1,0.7,1.0,6173
17, D,883:1,1.1,4.0,6011
23, D,475:1,0.7,2.0,6347
38,B  ,937:1,1.3,4.0,5798
64,B  ,999:1,0.5,4.0,5770
36,B  ,242:1,1.1,4.0,5920
5, D,267:0,1.3,4.0,6104
64, D,62:1,0.7,2.0,5928
61, D,835:1,0.4,1.0,6010
40, D,707:1,0.7,1.0,6187
79,  C  ,935:1,0.8,4.0,5937
68, A  ,527:0,0.8,1.0,6187
10,B  ,235:1,0.8,4.0,5768
57,B  ,982:1,1.4,4.0,5971
68, D,930:1,1.1,4.0,6294
64, D,395:0,0.8,1.0,5941
20, D,831:1,1.0,1.0,6064
22, A  ,310:1,0.7,1.0,5968
69, D,901:1,1.3,4.0,5707
16, D,398:0,1.0,1.0,6228
26, D,72:1,0.7,1.0,6025
71, D,769:1,0.7,1.0,6369
64, D,945:1,1.1,4.0,5985
30, D,266:1,-8.0,4.0,6037
0, D,936:1,1.2,4.0,5831
69, D,640:1,1.2,1.0,6271
66, D,192:1,1.5,1.0,6053
45, D,571:0,-1.0,4.0,6090
24, D,572:1,1.7,2.0,5634
50, D,911:1,0.6,4.0,5836
64, D,945:1,1.1,4.0,5985
16, D,454:0,1.1,2.0,6055
0, D,138:0,1.2,2.0,5958
54,B  ,107:1,0.9,4.0,5917
48, D,290:0,1.0,2.0,6260
21, D,457:1,-9.0,3.0,5906
12, D,406:1,0.9,2.0,6071
39,B  ,139:1,1.0,1.0,6079
44, D,544:1,1.1,3.0,6303
51, D,712:1,1.2,1.0,6135
48, D,424:0,1.2,4.0,6024
58, D,195:0,0.6,2.0,6104
37,B  ,468:1,0.7,3.0,5841
63, D,932:1,1.1,4.0,5948
51,B  ,1000:1,1.0,4.0,5928
53, D,829:1,2.1,1.0,6274
22, D,623:1,0.7,1.0,5955
41, D,2:1,1.3,4.0,6080
74,  C  ,647:1,1.2,3.0,6205
32, D,626:0,0.7,3.0,5754
48,B  ,379:0,1.2,3.0,5958
28,B  ,234:0,1.1,4.0,6083
10, D,624:0,1.4,2.0,5939
48, D,788:1,1.6,1.0,6084
57,B  ,383:1,0.9,1.0,5548
58, D,195:0,0.6,2.0,6104
38,B  ,301:0,1.3,3.0,5738
31, D,237:1,1.2,4.0,6298
8,B  ,165:0,0.8,3.0,5754
31, D,791:1,0.9,1.0,5848
45, D,968:1,0.9,4.0,6313
13,B  ,682:1,0.9,2.0,6224
72, A  ,411:0,0.4,3.0,5710
50, D,636:0,0.7,1.0,6080
29, D,274:0,0.6,2.0,6078
49, D,649:1,0.5,4.5,5879
68,B  ,496:1,1.3,1.0,5985
29, D,690:1,0.8,1.0,6476
68, D,250:0,0.7,3.0,5706
70,  C  ,13:1,1.4,2.0,6152
23, D,409:1,1.4,2.0,5962
71,B  ,268:0,0.8,1.0,6017
166, D,729:1,1.3,1.0,6162
27,  C  ,251:0,1.3,2.0,6104
77, D,920:1,0.8,4.0,5969
16, D,833:1,1.0,1.0,6006
11, D,428:1,0.8,2.0,5452
68, D,677:1,1.4,1.0,5812
19, D,601:1,1.3,2.0,5689
37, D,37:1,1.5,2.0,6246
12,  C  ,137:0,0.8,4.0,6115
51, D,7:1,1.3,2.0,6190
27,  C  ,141:1,1.0,4.0,5701
28,B  ,840:1,-7.0,1.0,6062
39, D,186:1,0.9,4.0,5679
71, D,928:1,0.5,4.0,5948
27,B  ,191:0,1.2,2.0,5741
35, A  ,736:1,0.5,1.0,5550
47,  C  ,453:1,0.7,2.0,6092
57,B  ,377:1,1.1,1.0,6128
37,  C  ,172:1,1.1,2.0,6063
40, D,179:1,0.6,4.0,5908
69, D,640:1,1.2,1.0,6271
13, D,939:1,1.0,4.0,5841
4, D,864:1,1.1,1.0,6019
20, D,132:0,0.9,3.0,6107
64, D,524:1,1.1,3.0,5822
71, A  ,209:1,1.2,3.0,6055
73, D,115:1,1.1,3.0,5946
63, D,155:1,0.9,4.0,5980
29, D,946:1,1.0,4.0,6051
64,B  ,99:1,0.9,3.0,6025
31, D,44:1,0.6,1.0,6390
36,  C  ,781:1,0.7,1.0,6297
23,B  ,562:0,1.0,3.0,5991
61, D,908:1,1.0,4.0,5763
44, D,697:0,1.6,3.0,5930
39,B  ,340:0,1.1,4.0,6331
54, D,325:0,1.4,4.0,5768
18, D,303:0,1.2,4.0,5976
33,B  ,343:1,1.1,4.0,5862
74, D,92:0,1.4,1.0,6244
32, D,757:1,0.7,0.5,6134
50,B  ,338:0,1.3,1.0,6090
47,  C  ,198:0,1.0,4.0,6164
55, A  ,47:1,0.8,3.0,5749
24, D,34:1,1.2,1.0,5603
10,  C  ,917:1,0.9,4.0,5988
20, D,463:0,1.1,3.0,5912
79, D,621:1,0.7,4.0,6135
58,B  ,349:0,1.1,3.0,6115
71,B  ,268:0,0.8,1.0,6017
17, A  ,252:0,1.0,2.0,5884
41, D,212:1,1.2,1.0,6063
48, D,1:1,0.9,2.0,6352
22, D,614:0,1.0,1.0,6179
68, D,455:0,1.3,1.0,6067
69,  C  ,306:0,0.9,1.0,5907
54, D,892:1,1.3,4.0,6094
0, D,520:0,1.5,4.0,6348
16,B  ,916:1,1.1,4.0,6193
23,B  ,907:1,0.8,4.0,5895
29, D,390:1,0.8,1.0,6032
39, D,499:1,1.3,4.0,5796
11,  C  ,545:1,1.3,4.0,5923
39, D,458:1,0.7,2.0,5559
78, D,255:1,1.7,1.0,6138
23, D,246:1,1.2,1.0,5664
79, D,371:0,0.9,1.0,6056
17, A  ,96:1,0.7,3.0,6141
51,B  ,633:1,1.0,4.0,6093
206, D,803:1,0.9,1.0,5988
40,B  ,839:1,1.0,1.0,6094
31, D,237:1,1.2,4.0,6298
51, D,936:1,1.2,4.0,5831
44,  C  ,635:1,1.2,4.0,5909
42, A  ,954:1,0.8,4.0,5917
47, D,369:0,1.2,1.0,5946
52, D,447:0,1.1,1.0,6091
55, D,414:0,1.0,4.0,5953
46, A  ,815:1,1.1,1.0,6093
24, D,569:1,0.7,3.0,6001
44, A  ,578:0,-3.0,4.0,5776
74, D,521:1,1.2,4.0,5955
3, D,606:1,1.5,2.0,5881
23,  C  ,238:1,-1.0,2.0,5586
13,B  ,86:0,0.8,3.0,6379
57,B  ,684:1,0.9,1.0,6173
30, D,38:0,0.6,1.0,6240
28,  C  ,529:0,0.9,1.0,5526
61, D,927:1,1.0,4.0,5944
78, D,752:1,1.7,1.0,5667
14, D,976:1,0.5,4.0,5938
23, D,548:1,0.7,3.0,5488
40, D,956:1,1.2,4.0,6049
40,B  ,401:1,0.9,2.0,5880
23, D,448:0,0.7,3.0,5807
35, D,418:0,0.8,2.0,6028
36,  C  ,781:1,0.7,1.0,6297
49, D,649:1,0.5,3.0,5879
41, D,386:1,0.8,1.0,5668
44, D,739:1,0.8,1.0,5979
62, D,420:1,1.2,4.0,6343
48, D,788:1,1.6,1.0,6084
27,B  ,50:1,0.9,1.0,5957
70, D,502:1,0.7,3.0,5993
60,B  ,590:0,0.9,4.0,5390
23,B  ,487:1,0.6,3.0,6302
65, D,998:1,0.9,4.0,6018
10,B  ,834:1,1.0,1.0,5986
73,B  ,485:1,1.0,2.0,6172
45, A  ,694:0,0.7,3.0,5644
24,  C  ,489:1,1.1,4.0,5990
35, D,321:0,0.9,2.0,5856
10, D,433:1,1.0,3.0,6173
21,  C  ,28:1,0.7,1.0,5962
72, D,55:1,1.0,2.0,5994
53, A  ,536:1,0.9,1.0,5882
32,B  ,342:1,0.7,2.0,5909
43, D,403:0,0.2,1.0,6153
54, D,106:0,1.2,3.0,6388
20, D,792:1,0.9,1.0,5989
67,  C  ,45:1,1.1,3.0,5898
72, D,994:1,1.5,4.0,6048
50,B  ,338:0,1.3,1.0,6090
48, D,788:1,1.6,1.0,6084
75, D,224:1,1.2,2.0,6096
21, D,974:1,0.5,4.0,6277
0,B  ,699:0,0.8,3.0,6039
39, D,355:1,0.5,3.0,5869
46, D,328:1,0.8,1.0,6451
60,B  ,894:1,0.7,4.0,5964
36, D,459:0,0.8,4.0,6039
68, D,258:1,1.3,4.0,5723
23, A  ,293:1,1.1,4.0,6460
61,B  ,220:1,1.1,4.0,5991
22, D,228:0,1.3,4.0,6046
27, D,101:0,1.0,2.0,6376
24, D,569:1,0.7,3.0,6001
16, D,669:1,1.0,4.0,5599
15,  C  ,53:1,0.5,2.0,5897
63, D,94:0,1.4,1.5,6195
22, D,826:1,0.9,1.0,6065
36,B  ,242:1,1.1,4.0,5920
15, D,241:1,1.0,1.0,5872
77, D,196:1,0.8,0.5,5965
15,  C  ,199:1,1.3,3.0,6432
30, D,214:1,0.8,2.0,5906
72, D,396:1,1.2,3.0,5847
10,  C  ,917:1,0.9,4.0,5988
52,  C  ,382:1,1.4,3.0,6077
69, D,742:1,1.1,1.0,5771
21,  C  ,125:1,0.9,4.0,5861
72, A  ,619:0,0.8,3.0,6257
39, D,658:0,0.9,3.0,5736
65, D,339:0,1.6,1.0,5863
65, D,998:1,0.9,4.0,6018
46, D,639:0,1.0,3.0,6164
46,B  ,344:1,1.3,4.0,5757
62, D,809:1,1.1,1.0,5662
21, D,97:1,0.5,2.0,6002
36,B  ,770:1,1.1,4.5,5957
173, D,835:1,0.4,1.0,6010
75,B  ,926:1,1.0,4.0,6467
68,B  ,142:0,0.8,1.0,6087
69, D,640:1,1.2,1.0,6271
12, D,794:1,0.5,1.0,6262
67, A  ,725:1,0.6,1.0,5679
69, D,282:0,-4.0,4.0,6204
52, D,60:0,1.0,1.0,5927
54, D,540:1,1.4,2.0,5978
43, D,605:0,1.4,3.0,5718
48,  C  ,117:1,0.8,2.0,6189
66, D,912:1,1.1,4.0,5719
54, D,540:1,1.4,2.0,5978
42,B  ,774:1,0.6,1.0,6038
69, D,345:0,1.1,1.0,5911
75,  C  ,430:0,1.2,2.0,6053
26, D,728:1,1.0,1.0,6248
46, D,324:1,1.4,4.0,5821
31, D,87:1,0.9,2.0,6235
34, D,737:1,1.1,1.0,6112
10, D,718:1,1.0,1.0,5907
48, D,843:1,0.6,1.0,6194
78, D,291:1,0.6,2.0,5874
59,B  ,865:1,1.1,1.0,6045
69, D,640:1,1.2,1.0,6271
69,  C  ,306:0,0.9,1.0,5907
43, D,858:1,0.8,1.0,5918
20, D,895:1,1.8,4.0,5715
41,  C  ,811:1,1.3,1.0,5893
267, D,457:1,1.0,3.0,5906
57, D,773:1,0.6,1.0,5816
27, D,983:1,1.2,4.0,5927
26, D,372:1,0.9,1.0,5801
65, D,915:1,0.7,4.0,5754
79, D,231:0,1.0,2.0,5715
16,  C  ,347:0,1.0,2.0,5927
58, D,195:0,0.6,2.0,6104
39, D,217:1,1.4,3.0,5996
51,  C  ,12:1,0.9,2.0,6290
78,B  ,478:0,0.6,4.0,5823
41, D,22:0,0.7,4.0,6130
70,B  ,861:1,0.8,1.0,6230
63,B  ,121:0,0.8,3.0,6075
10, D,273:1,1.4,2.0,6391
30, D,850:1,0.9,1.0,6006
62, D,420:1,1.2,4.0,6343
15, D,765:1,0.8,1.0,6143
28, D,136:0,0.8,3.0,6135
62,  C  ,216:1,0.7,2.0,5917
36, D,674:1,1.1,2.0,5817
44, D,589:1,0.9,2.0,5921
43, D,858:1,0.8,1.0,5918
33,  C  ,39:1,1.2,1.0,5922
45, D,294:1,1.3,1.0,5787
78, D,789:1,1.3,1.0,5728
7,B  ,543:0,0.6,1.0,5951
66, D,280:0,1.2,4.0,6412
13, D,987:1,0.7,4.0,5918
51, D,906:1,1.3,4.0,6364
38,B  ,970:1,1.3,4.0,6159
57, D,853:1,1.2,1.0,5930
60,B  ,148:0,0.7,3.0,6223
25,  C  ,506:1,0.9,4.0,5883
71, D,6:1,1.1,4.0,5804
57, D,750:1,1.5,1.0,6060
60, D,275:1,0.8,3.0,5869
73,B  ,35:0,1.2,1.0,5930
59, D,868:1,1.2,1.0,6061
60,B  ,547:0,1.3,3.0,6215
32, D,513:1,1.0,3.0,5733
43, D,618:0,0.9,4.0,6065
20, D,54:0,1.3,1.0,5763
43, D,951:1,1.4,4.0,5810
59, D,203:0,1.6,2.0,6219
78, D,780:1,0.6,1.0,5986
53,B  ,256:1,0.9,1.0,6138
57,B  ,684:1,0.9,1.0,6173
41,  C  ,381:1,0.8,1.0,5660
20, D,564:1,1.3,1.0,5643
19, D,302:0,0.4,3.0,6331
56,B  ,797:1,1.0,1.0,6014
56, A  ,613:1,0.9,2.0,6121
10,  C  ,570:0,0.7,3.0,6105
30, D,266:1,1.1,4.0,6037
16, D,88:1,1.3,1.0,5964
54, D,540:1,1.4,2.0,5978
35, D,604:0,1.5,3.0,6047
67,B  ,4:0,0.9,3.0,6448
53, D,552:0,0.9,4.0,6019
28,B  ,840:1,0.8,1.0,6062
27, D,870:1,1.0,1.0,6173
79,B  ,416:0,1.1,3.0,6136
39, A  ,599:0,1.3,3.0,5813
68,  C  ,643:0,1.2,2.0,6206
15,  C  ,566:1,0.7,1.0,6039
40, D,726:1,1.0,1.0,5822
63, D,341:1,1.0,1.0,6213
16, D,79:1,0.9,2.0,5937
23, D,548:1,0.7,3.0,5488
65,B  ,962:1,1.0,4.0,6187
19,  C  ,612:1,0.9,4.0,5739
35, D,321:0,0.9,2.0,5856
44, D,40:0,1.1,2.0,5939
22, D,744:1,0.8,1.0,5973
77, D,577:0,0.6,3.0,5838
16, A  ,711:1,1.5,1.0,5859
33, D,376:1,1.1,1.0,6098
39, D,658:0,-4.0,3.0,5736
53, D,889:1,0.8,4.0,6054
39, D,83:1,0.5,4.0,6093
31, D,114:0,1.2,2.0,6382
56, D,533:0,1.0,3.0,6244
72,B  ,443:0,0.8,4.0,5982
33, D,270:0,1.2,4.0,6019
41, D,990:1,1.3,4.0,5939
74,B  ,963:1,1.0,4.0,6059
13,  C  ,542:0,1.1,1.0,5758
19,  C  ,500:1,1.5,3.0,5984
73,B  ,183:0,0.3,1.0,5871
33, D,799:1,0.9,1.0,5915
10, D,367:0,1.2,3.0,5961
50,B  ,338:0,1.3,1.0,6090
77,B  ,21:1,1.2,2.0,5489
27, D,581:0,1.2,1.0,5609
36, D,26:1,1.4,3.0,5709
45, D,672:1,1.1,4.0,5623
45, D,967:1,0.9,4.0,6002
51, D,245:1,0.7,2.0,5938
65, D,200:0,1.2,2.0,6267
71, D,108:0,1.2,3.0,5850
21, D,97:1,0.5,2.0,6002
42, D,696:0,0.9,3.0,6218
62, D,420:1,1.2,4.0,6343
16, D,133:0,0.7,4.0,5865
25,B  ,680:0,1.0,3.0,6079
53, D,832:1,1.5,1.0,6199
17, A  ,96:1,0.7,3.0,6141
28,B  ,380:1,1.5,1.0,6176
78, D,575:0,1.5,4.0,6117
33,B  ,11:0,0.9,2.0,6028
32, D,122:0,0.9,1.0,5780
67,  C  ,652:1,0.6,1.0,5535
11,  C  ,812:1,0.9,1.0,6129
23, D,356:0,1.0,2.0,5895
47, D,166:0,0.8,1.0,6168
78,  C  ,163:1,1.3,4.0,6189
34, D,49:1,0.9,3.0,5677
23, D,664:0,1.2,3.0,6019
59, D,265:0,1.2,1.0,5612
56, D,704:1,1.0,1.0,6218
35,B  ,305:1,0.8,2.0,6133
59, D,368:0,1.0,2.0,5921
72, D,994:1,1.5,4.0,6048
26, D,783:1,0.5,1.0,6122
69, D,640:1,1.2,1.0,6271
57,B  ,14:0,1.0,4.0,6024
69,  C  ,306:0,0.9,1.0,5907
10,B  ,719:1,0.5,1.0,6204
77,B  ,585:0,1.0,3.0,5889
21, D,211:1,0.5,4.0,6182
57,  C  ,888:1,1.2,4.0,5894
24, D,569:1,0.7,3.0,6001
51, D,922:1,0.6,4.0,6255
39,  C  ,766:1,0.8,1.0,5779
76, D,387:0,1.4,2.0,5802
75, D,42:1,1.1,2.0,5715
69, D,640:1,1.2,1.0,6271
13, D,93:0,0.8,3.0,6041
58, D,822:1,1.2,1.0,6002
14, D,131:1,1.2,2.0,5846
23,B  ,330:0,1.1,1.0,6188
33, D,270:0,1.2,4.5,6019
52,  C  ,816:1,1.5,1.0,6347
39, D,56:0,1.1,2.0,6085
6, D,799:1,0.9,1.0,5915
19, A  ,541:1,0.8,4.0,6042
45, D,193:1,1.0,3.0,5992
36,B  ,242:1,1.1,4.0,5920
13,B  ,886:1,1.0,4.0,5822
16, A  ,882:1,0.8,4.0,5807
268,  C  ,875:1,1.0,4.0,6139
42,B  ,774:1,0.6,1.0,6038
46, D,297:0,0.5,3.0,6019
72, D,230:1,0.6,2.0,5952
75, D,768:1,1.2,1.0,6003
37,  C  ,172:1,1.1,2.0,6063
33, D,222:1,0.9,3.0,5930
41, D,284:0,0.4,3.0,6307
76,B  ,761:1,1.1,1.0,5909
26, D,24:1,1.0,3.0,5851
72, D,994:1,1.5,4.0,6048
50, D,127:1,1.6,3.0,5912
48, A  ,632:1,0.7,2.0,5976
174,  C  ,162:0,1.5,2.0,6385
48, A  ,632:1,0.7,2.0,5976
78,  C  ,399:1,0.9,2.0,6293
13, D,814:1,0.5,1.0,5868
40, D,161:1,1.6,2.0,5900
57,B  ,684:1,0.9,1.0,6173
191, D,115:1,1.1,3.0,5946
16,B  ,333:0,0.7,2.0,6154
10, D,624:0,1.4,2.0,5939
32, D,43:0,1.1,4.0,5658
56, A  ,953:1,1.1,4.0,6280
23, D,869:1,1.2,1.0,5725
24, D,569:1,0.7,3.0,6001
4,  C  ,635:1,1.2,4.0,5909
45,  C  ,806:1,0.6,1.0,6081
70,B  ,426:1,0.8,1.0,6018
58, D,195:0,0.6,2.0,6104
16, D,538:0,1.1,2.0,5963
35, D,511:0,0.7,2.0,6179
23,B  ,330:0,1.1,1.0,6188
18, D,204:0,1.4,3.0,6131
47, D,350:0,0.5,2.0,6069
25, D,568:0,1.0,4.0,6123
67,B  ,526:0,0.9,2.0,5822
67,B  ,4:0,0.9,3.0,6448
43, D,858:1,0.8,1.0,5918
72, D,705:1,1.1,1.0,6046
10, D,624:0,1.4,2.0,5939
27,B  ,943:1,0.8,4.0,6096
71,B  ,268:0,0.8,1.0,6017
10, D,777:1,-7.0,1.0,5988
77, D,196:1,0.8,3.0,5965
37,B  ,481:0,1.3,3.0,6154
28, D,495:1,0.8,4.0,6539
16, D,454:0,-2.0,2.0,6055
19, D,449:0,1.4,2.0,5843
74, D,838:1,1.0,1.0,5934
31, D,237:1,1.2,4.0,6298
78, D,596:0,0.9,4.0,6075
72,B  ,706:1,1.6,1.0,6426
71, D,393:1,0.5,1.0,5929
69,  C  ,164:1,0.5,1.0,6017
16,B  ,916:1,1.1,4.0,6193
47,  C  ,648:1,0.9,1.0,5985
23,B  ,330:0,1.1,1.0,6188
77, D,239:1,1.0,3.0,6085
50,B  ,673:1,1.1,2.0,5610
13, D,104:1,0.9,1.0,6193
65, D,998:1,0.9,4.0,6018
68, D,851:1,0.9,1.0,5483
36, D,466:0,0.9,3.0,6482
41,B  ,389:0,0.7,2.0,6329
62,B  ,592:1,0.3,3.0,6087
6,B  ,248:0,1.3,4.0,6215
27,  C  ,120:0,1.3,4.0,6184
8, D,896:1,0.9,4.0,6399
58, D,874:1,1.1,4.0,5824
19, D,561:1,1.2,3.0,6402
71, A  ,209:1,-7.0,3.0,6055
170, D,79:1,0.9,2.0,5937
70, D,152:0,0.8,2.0,6342
48, D,583:0,0.8,3.0,5772
23,B  ,847:1,0.9,1.0,6151
27, D,606:1,1.5,2.0,5881
16,B  ,916:1,1.1,4.0,6193
34,  C  ,860:1,0.7,1.0,6005
27, D,476:1,0.7,4.0,6198
59, D,417:0,0.8,4.0,6074
13, D,997:1,0.7,4.0,5960
23,B  ,330:0,1.1,1.0,6188
15, D,160:1,1.3,3.0,5912
49, D,772:1,0.7,1.0,6004
54, D,359:1,0.4,2.0,5904
14, D,775:1,0.5,1.0,5926
16, D,27:1,1.0,1.0,6009
54, D,892:1,1.3,4.0,6094
49, D,391:1,1.2,1.0,6113
54, D,532:1,1.2,1.0,6080
49, D,392:1,0.9,1.0,5955
23,B  ,330:0,1.1,1.0,6188
79,B  ,952:1,0.6,4.0,6048
79, D,929:1,0.7,4.0,6072
75,B  ,660:1,1.1,1.0,5810
39, D,173:0,1.1,2.0,6171
1, D,565:1,0.9,1.0,5854
47,  C  ,198:0,-3.0,4.0,6164
26, D,423:0,1.1,2.0,5581
38, D,758:1,1.6,1.0,5858
65, D,29:0,1.2,2.0,6306
48,B  ,634:1,0.9,3.0,5925
39, D,23:0,0.9,4.0,6172
51, D,622:0,0.9,1.0,5923
11,B  ,958:1,1.1,4.0,5839
45, D,560:0,0.8,3.0,5847
15,  C  ,723:1,1.0,1.0,6036
52, D,531:0,1.0,2.0,5552
17,B  ,824:1,0.8,1.0,5881
49, D,925:1,0.7,4.0,6009
13, D,145:0,0.8,3.0,6476
16,B  ,474:1,1.4,4.0,5858
72, D,994:1,1.5,4.0,6048
10,B  ,105:1,0.8,1.0,5765
37, D,631:1,1.4,1.0,5862
13, D,814:1,0.5,1.0,5868
10,  C  ,917:1,0.9,4.0,5988
70,B  ,168:1,0.8,4.0,5691
64, D,945:1,1.1,4.0,5985
17, A  ,96:1,0.7,3.0,6141
61, D,779:1,1.4,1.0,5673
78,B  ,77:1,1.1,1.0,5825
22, D,844:1,0.8,1.0,6426
38,B  ,301:0,1.3,3.0,5738
24, D,569:1,0.7,3.0,6001
72, D,610:0,0.3,2.0,5924
37, A  ,828:1,1.0,1.0,6445
30,  C  ,436:1,0.9,4.0,6062
38,  C  ,759:1,1.0,1.0,6007
70, D,353:0,1.1,4.0,6272
27, D,530:1,1.0,2.0,6172
34,B  ,693:1,0.4,1.0,5699
69,  C  ,323:0,0.7,2.0,6054
48, D,276:0,0.9,3.0,5921
61,B  ,467:1,1.2,2.0,5807
47,  C  ,550:0,1.0,3.0,5873
58, D,195:0,0.6,2.0,6104
27, D,462:1,0.9,2.0,5804
10, D,624:0,1.4,2.0,5939
17, D,320:1,0.7,2.0,5978
26, D,756:1,1.3,1.0,6164
73,B  ,183:0,0.3,1.0,5871
69,  C  ,323:0,0.7,2.0,6054
49,  C  ,153:0,1.2,4.0,5851
231, D,866:1,0.9,1.0,5796
68,  C  ,162:0,1.5,1.5,6385
64, D,945:1,1.1,4.0,5985
15, D,337:0,1.2,1.0,5648
66, D,642:0,1.2,2.0,6273
73, D,923:1,1.3,4.0,6265
36,B  ,770:1,1.1,1.0,5957
56, D,488:0,1.3,1.0,6110
56, D,501:0,0.9,3.0,6076
54, D,948:1,0.8,4.0,6287
18, D,995:1,0.8,4.0,6057
76, D,909:1,1.0,4.0,6192
21,  C  ,721:1,1.1,1.0,5922
18,  C  ,135:1,1.0,2.0,5872
57, D,421:0,0.9,4.0,6185
25, D,588:0,0.6,3.0,6089
42, D,841:1,0.8,1.0,6047
22, A  ,654:0,1.3,4.0,6104
27,  C  ,348:1,1.0,2.0,6031
23,  C  ,331:0,1.2,2.0,6149
42, D,41:1,0.9,2.0,5790
60, D,190:1,0.7,4.0,6308
71,  C  ,315:1,0.9,2.0,5923
26, D,208:1,1.3,2.0,5852
62,  C  ,517:1,0.3,1.0,6099
50,B  ,338:0,1.3,1.0,6090
79, D,724:1,0.6,1.0,5922
12,B  ,842:1,1.0,1.0,5926
74, D,879:1,0.5,4.0,6010
10,B  ,319:1,0.7,3.0,5987
40, D,486:1,0.7,3.0,5468
21,  C  ,146:0,0.4,1.0,6188
78, D,46:0,0.7,2.0,5912
13, D,814:1,0.5,1.0,5868
48, D,788:1,1.6,1.0,6084
51, D,985:1,0.7,4.0,5812
32, D,757:1,0.7,1.0,6134
26, D,373:0,1.6,2.0,6168
75, D,76:0,0.6,1.0,5863
75,  C  ,628:0,0.6,2.0,6334
31, D,237:1,1.2,4.0,6298
13, D,973:1,1.3,4.0,6045
33, D,837:1,0.8,1.0,5830
43, D,858:1,0.8,1.0,5918
35,  C  ,593:0,1.1,2.0,5956
50,B  ,338:0,1.3,1.0,6090
32, D,180:1,1.1,3.0,6003
71, D,796:1,0.4,1.0,5820
9, D,292:0,0.4,3.0,5903
35,  C  ,408:0,1.2,3.0,6011
63, D,932:1,1.1,4.0,5948
37, D,638:1,0.9,1.0,6050
24, D,569:1,0.7,3.0,6001
51, D,358:1,0.7,3.0,5904
25,B  ,510:1,1.2,1.0,6260
24, D,569:1,0.7,3.0,6001
11,B  ,236:1,1.1,2.0,6156
40, D,103:1,1.3,1.0,5745
10,  C  ,351:1,1.2,1.0,5847
23,B  ,330:0,1.1,1.0,6188
210,B  ,366:1,0.8,4.0,6032
71,B  ,268:0,0.8,1.0,6017
76,  C  ,206:0,1.3,4.0,5676
48, A  ,632:1,0.7,2.0,5976
77,B  ,314:1,0.3,4.0,5853
16, D,405:1,1.1,3.0,5646
67,B  ,4:0,0.9,3.0,6448
2, D,406:1,0.9,2.0,6071
55, D,64:0,0.6,2.0,5654
42,B  ,774:1,0.6,1.0,6038
13, D,93:0,0.8,3.0,6041
60, D,519:0,1.0,2.0,6056
45, D,899:1,0.9,4.0,6518
20,  C  ,629:0,1.3,1.0,5988
69,  C  ,323:0,0.7,2.0,6054
58, D,444:0,0.8,2.0,6038
3, D,739:1,0.8,1.0,5979
69,  C  ,113:1,1.0,4.0,5827
37, D,559:0,0.9,2.0,5730
49, D,48:0,0.5,4.0,6155
77, D,277:1,1.2,2.0,6098
57,B  ,366:1,0.8,4.0,6032
55,B  ,961:1,1.4,4.0,5926
60,B  ,289:1,-6.0,1.0,6137
18, D,665:0,0.7,3.0,5910
22, D,498:0,1.3,4.0,5897
23, D,475:1,0.7,2.0,6347
26, D,336:0,1.1,2.0,6121
253, D,669:1,1.0,4.0,5599
43, D,67:1,0.8,1.0,5673
189, D,38:0,0.6,1.0,6240
78, D,182:0,1.0,3.0,5725
28, D,727:1,0.8,1.0,5813
50, D,567:0,1.3,2.0,6070
75, D,42:1,1.1,2.0,5715
66,B  ,249:1,0.9,3.0,5837
51, D,332:0,1.6,3.0,5762
13,B  ,682:1,0.9,2.0,6224
39, D,977:1,1.0,4.0,5918
47, A  ,362:0,1.1,1.0,6000
61,B  ,360:0,0.5,2.0,6124
31,B  ,512:1,0.5,3.0,6274
61, D,483:1,1.1,3.0,5818
27, D,655:0,1.0,4.0,6045
35,  C  ,63:0,1.3,2.0,5837
65, D,269:0,0.9,3.0,5937
18,B  ,603:1,-8.0,4.0,5811
48,B  ,379:0,1.2,3.0,5958
55, D,676:1,0.9,1.0,6078
6, D,300:1,1.6,1.0,6074
22, D,334:1,1.4,3.0,5763
61, D,298:1,1.3,1.0,6116
41, D,287:1,1.0,3.0,5790
256, D,432:1,1.2,4.0,5716
298,B  ,314:1,0.3,4.0,5853
48, D,546:0,1.0,2.0,5911
16, A  ,427:0,0.6,1.0,6188
18,B  ,887:1,0.8,4.0,6187
59, D,203:0,-3.0,2.0,6219
33, A  ,663:0,0.9,3.0,6090
37, D,440:1,1.7,4.0,6015
40, D,439:0,0.9,3.0,6160
55, D,73:1,1.0,2.0,6227
26, D,520:0,1.5,4.0,6348
13,B  ,846:1,0.6,1.0,5961
34, D,737:1,1.1,1.0,6112
0, D,748:1,0.6,1.0,6144
26,B  ,361:1,1.1,3.0,6139
56, D,549:1,0.7,4.0,6236
71, D,108:0,1.2,3.0,5850
18, D,204:0,1.4,3.0,6131
25, D,149:0,1.2,4.0,5736
72,B  ,232:1,1.2,1.0,5901
36, D,263:1,1.0,4.0,5880
31, D,431:0,0.7,1.0,5906
16,B  ,916:1,1.1,4.0,6193
53, D,947:1,1.1,4.0,6055
27, D,785:1,0.7,1.0,6095
46,B  ,344:1,1.3,4.0,5757
71, D,438:1,0.4,3.0,6001
59, D,893:1,1.3,4.0,6186
29,B  ,557:1,1.2,4.0,5527
61,B  ,360:0,0.5,2.0,6124
31,B  ,89:0,1.2,1.0,5785
47, D,671:1,0.6,3.0,5890
51, D,689:0,0.8,2.0,5992
31,  C  ,653:1,1.4,2.0,6063
49, D,772:1,-3.0,1.0,6004
50, D,225:1,0.9,4.0,5691
55,B  ,247:1,1.1,1.0,6230
45, D,762:1,1.3,1.0,6053
65, D,700:0,0.5,2.0,6216
20, D,354:1,-3.0,3.0,5862
73, D,960:1,1.5,4.0,5744
14, D,492:0,1.1,4.0,5930
58,B  ,248:0,1.3,4.0,6215
47, D,264:0,1.2,3.0,5989
41,B  ,747:1,0.8,1.0,6002
77,B  ,156:1,0.9,4.0,5867
53, D,167:0,1.5,4.0,5799
39,  C  ,722:1,0.9,1.0,5897
61, D,991:1,1.1,4.0,6088
13, D,813:1,1.0,1.0,6202
67, D,147:1,0.9,2.0,5817
37,B  ,450:1,0.9,2.0,5977
72, D,55:1,1.0,2.0,5994
61,B  ,360:0,0.5,2.0,6124
47, D,95:0,1.0,1.0,6071
27, D,110:0,0.9,2.0,6296
72, D,994:1,1.5,4.0,6048
72,  C  ,897:1,0.7,4.0,5828
54, D,394:1,0.9,3.0,5676
19, A  ,971:1,0.5,4.0,5868
12, D,98:1,0.9,4.0,6357
8, D,231:0,1.0,2.0,5715
16, D,223:1,0.9,4.0,5907
53, D,518:0,0.7,3.0,6209
56, D,490:0,1.2,4.0,6044
35, A  ,904:1,1.3,4.0,6038
70, D,226:0,0.7,4.0,6012
27, D,116:0,1.1,2.0,6160
39, D,458:1,0.7,2.0,5559
0, D,946:1,1.0,4.0,6051
60,B  ,289:1,0.6,1.0,6137
15, D,760:1,0.8,1.0,5686
23, D,580:1,1.2,1.0,6226
15, D,966:1,1.0,4.0,5985
62,B  ,51:1,1.2,4.0,5820
21,  C  ,57:0,1.3,3.0,6013
26, D,316:0,0.7,3.0,6018
70,B  ,587:1,1.2,1.0,5956
58, D,734:1,0.9,1.0,5789
36,B  ,407:1,1.2,4.0,6162
23, D,497:1,0.5,4.0,5868
52, D,698:1,1.1,1.0,5841
43, D,75:1,0.8,2.0,6080
16, D,573:0,0.9,4.0,6007
71, D,108:0,1.2,3.0,5850
5, D,826:1,0.9,1.0,6065
77, D,322:0,1.1,3.0,5837
39, D,111:0,1.0,2.0,6373
29, D,388:0,0.6,3.0,5705
37, D,715:1,0.6,1.0,6265
37, D,244:1,0.7,4.0,5940
16, A  ,751:1,1.0,1.0,6154
57, D,257:0,1.3,4.0,5854
62, D,420:1,1.2,4.0,6343
66,B  ,157:1,1.3,1.0,6225
40, D,58:0,1.4,1.0,6060
34, D,737:1,1.1,1.0,6112
34, D,85:1,1.1,3.0,6297
33, D,9:0,0.6,1.0,5979
53,  C  ,30:1,0.9,3.0,6293
27,  C  ,348:1,1.0,2.5,6031
51, D,579:0,1.4,3.0,5973
51, D,598:1,1.0,3.0,5956
62, D,461:1,0.7,3.0,5896
11, D,801:1,1.0,1.0,6282
67,  C  ,675:0,1.1,4.0,6043
77, D,378:0,0.4,4.0,5685
18,B  ,603:1,1.3,4.0,5811
32,B  ,3:0,1.1,1.0,6195
59, D,627:1,0.9,1.0,6036
18,B  ,603:1,1.3,4.0,5811
16,B  ,318:1,1.3,4.0,5942
65, D,998:1,0.9,4.0,6018
53, D,473:0,0.8,1.0,5944
17, A  ,96:1,0.7,3.0,6141
71, D,283:1,1.2,1.0,5861
70,B  ,464:0,0.9,2.0,6036
37,B  ,641:1,0.9,3.0,5981
67,B  ,4:0,0.9,3.0,6448
31, D,415:1,1.0,4.0,6346
22, D,650:0,1.2,2.0,6310
13, D,866:1,0.9,1.0,5796
67,  C  ,856:1,0.7,1.0,5912
41,B  ,644:0,0.9,4.0,5800
66, D,280:0,1.2,4.0,6412
9,  C  ,675:0,1.1,4.0,6043
36, D,189:0,1.2,2.0,5852
23,  C  ,238:1,1.0,2.0,5586
68, D,59:0,1.6,3.0,5873
61,B  ,708:1,0.9,1.0,5992
15, D,218:1,0.3,2.0,6075
13, D,848:1,0.7,1.0,5892
64, D,602:0,1.4,2.0,6083
67,B  ,4:0,0.9,3.0,6448
31,B  ,743:1,0.8,1.0,6350
20, D,905:1,0.6,4.0,5829
47,B  ,699:0,0.8,3.0,6039
13, D,151:1,1.1,1.0,5986
62, D,854:1,0.5,1.0,5729
46,B  ,16:1,1.0,2.0,6066
15, A  ,102:0,0.9,4.0,5730
10, D,624:0,1.4,2.0,5939
4,B  ,61:1,1.1,3.0,5865
74, D,879:1,0.5,4.0,6010
71,B  ,268:0,0.8,1.0,6017
4, D,960:1,1.5,4.0,5744
24,  C  ,219:1,0.3,2.0,6451
67, D,924:1,0.6,4.0,6041
76, D,124:0,0.8,2.0,6265
15, D,100:1,1.3,3.0,6080
11,B  ,902:1,0.9,4.0,5863
16,B  ,20:1,0.8,3.0,5829
55,B  ,491:1,0.7,1.0,5794
35, D,321:0,0.9,2.0,5856
21,  C  ,143:0,0.6,3.0,6033
16, A  ,751:1,-5.0,1.0,6154
73,B  ,243:1,0.7,1.0,5973
45, D,941:1,1.9,4.0,6073
53, D,896:1,0.9,4.0,6399
27, D,254:0,1.2,3.0,5936
35, D,321:0,0.9,2.0,5856
13, D,93:0,0.8,3.0,6041
69, D,740:1,1.1,1.0,5802
72, D,898:1,1.3,4.0,5691
52,B  ,825:1,1.1,1.0,5866
10, D,109:0,0.8,3.0,6384
47, D,611:0,0.6,1.0,5651
71, D,108:0,1.2,3.0,5850
53, D,741:1,1.3,1.0,5764
46,B  ,364:0,1.0,4.0,6067
53, D,565:1,0.9,1.0,5854
57,  C  ,123:0,1.2,4.0,6059
27, D,240:0,1.1,1.0,6135
59, D,144:0,1.1,1.0,6127
10,  C  ,917:1,0.9,4.0,5988
78, D,329:1,0.5,2.0,5859
44, D,346:0,0.8,4.0,5943
27, D,555:0,1.1,2.0,5864
19, D,302:0,0.4,3.0,6331
5, D,524:1,1.1,3.0,5822
23, D,475:1,0.7,2.0,6347
44, D,346:0,0.8,4.0,5943
53, D,36:0,1.3,4.0,6031
21,B  ,295:1,1.1,2.0,5972
39, D,170:1,1.0,3.0,6063
20, D,422:0,1.0,4.0,6116
69, D,82:1,1.2,1.0,6180
52, D,584:0,0.9,4.0,6156
29, A  ,556:0,1.4,4.0,6259
69,  C  ,306:0,0.9,1.0,5907
68,  C  ,162:0,1.5,2.0,6385
1,  C  ,812:1,0.9,1.0,6129
41, D,657:0,0.6,3.0,5986
65, D,385:0,1.3,2.0,6007
71,B  ,863:1,1.3,1.0,6004
192,B  ,335:1,1.4,2.0,5468
68, D,677:1,-2.0,1.0,5812
68, D,300:1,1.6,1.0,6074
1, A  ,527:0,0.8,1.0,6187
45, D,460:0,0.4,1.0,5989
64, D,507:0,0.7,3.0,5673
72, D,685:1,1.1,3.0,5868
50, D,582:0,1.0,2.0,5868
33, D,748:1,0.6,1.0,6144
34, D,986:1,0.9,4.0,6086
31, D,237:1,1.2,4.0,6298
51,B  ,452:0,0.8,4.0,6164
58, D,195:0,0.6,2.0,6104
32, D,472:0,0.8,4.0,5892
72, D,994:1,1.5,4.0,6048
18,B  ,603:1,-6.0,4.0,5811
24, D,363:1,1.3,4.0,6186
63,B  ,402:0,1.1,2.0,5776
32, D,757:1,0.7,1.0,6134
56, D,201:1,1.0,2.0,5926
37, D,576:0,1.0,4.0,5927
57, D,957:1,1.3,4.0,6172
54,  C  ,134:0,0.8,1.0,6006
34,B  ,753:1,1.2,1.0,6089
70, D,68:0,1.2,3.0,6092
70,B  ,988:1,1.3,4.0,6144
182,B  ,468:1,0.7,3.0,5841
48,B  ,202:1,1.1,4.0,5952
42,B  ,787:1,0.9,1.0,6105
71, D,438:1,-9.0,3.0,6001
71, A  ,890:1,0.8,4.0,5839
30, D,817:1,0.7,1.0,5866
46, D,802:1,0.9,1.0,6157
69,  C  ,306:0,0.9,1.0,5907
19, D,516:1,1.2,4.0,6035
33,B  ,442:0,1.1,4.0,5768
79,B  ,625:1,1.1,2.0,5924
26, D,397:1,0.9,3.0,6171
78, D,710:1,1.0,1.0,6042
14, D,184:1,0.7,4.0,5555
25,B  ,15:1,1.1,2.0,6088
66, D,616:1,0.5,2.0,6080
48,B  ,379:0,1.2,3.0,5958
252, D,24:1,1.0,3.0,5851
63,  C  ,563:1,0.9,1.0,6039
43, D,618:0,-2.0,4.0,6065
66, D,764:1,1.2,1.0,6004
54, D,892:1,1.3,4.0,6094
63, D,830:1,1.7,1.0,5898
66, D,280:0,1.2,4.0,6412
21, D,175:1,1.4,2.0,5793
61, D,129:1,1.3,3.0,6134
21,B  ,993:1,0.9,4.0,5840
63, D,262:1,0.5,3.0,5898
67, D,271:1,1.1,3.0,6079
28, D,940:1,1.4,4.0,5893
17, D,69:1,1.1,3.0,5818
28,B  ,479:1,0.7,4.0,6225
13, D,891:1,0.9,4.0,5870
13, D,820:1,1.0,1.0,6004
36, D,91:1,0.9,2.0,5919
57, D,484:1,1.2,3.0,5915
35,B  ,61:1,1.1,3.0,5865
59, D,609:1,0.9,3.0,6023
52, D,531:0,1.0,2.0,5552
39,  C  ,154:0,1.1,2.0,5834
4, D,505:0,1.0,4.0,5930
26, D,608:0,1.1,3.0,5667
68, D,733:1,0.9,1.0,5898
63,B  ,767:1,0.9,1.0,5979
42, D,508:1,1.1,3.0,5686
34, D,737:1,1.1,1.0,6112
37, D,944:1,1.5,4.0,6551
14, D,352:1,1.2,3.0,5712
28, D,940:1,-1.0,4.0,5893
6, D,239:1,1.0,3.0,6085
42, D,959:1,0.4,4.0,6469
57, D,992:1,1.0,4.0,6035
13, A  ,646:1,0.6,1.0,5939
49, D,292:0,0.4,3.0,5903
13, D,93:0,0.8,3.0,6041
227, D,239:1,1.0,3.0,6085
74, D,731:1,0.2,1.0,5898
56, D,795:1,1.1,1.0,5828
56, D,432:1,1.2,4.0,5716
67,B  ,150:1,1.2,4.0,5907
73,  C  ,429:0,1.2,4.0,5886
75, D,17:0,0.9,4.0,6298
69, D,307:1,1.0,2.0,5733
3, D,690:1,0.8,1.0,6476
37,  C  ,172:1,1.1,2.0,6063
76,  C  ,210:0,0.7,4.0,5980
15,  C  ,595:0,1.4,4.0,6070
66,B  ,249:1,-3.0,3.0,5837
71, D,81:1,1.4,2.0,5766
48, A  ,174:0,0.6,4.0,5869
50, D,637:0,0.8,2.0,5816
15,  C  ,595:0,1.4,4.0,6070
45, D,229:1,0.8,4.0,5880
42,  C  ,798:1,1.6,1.0,5784
49,B  ,288:0,1.2,4.0,6242
29, D,357:0,1.3,1.0,5631
3,B  ,855:1,0.9,1.0,5793
44, D,437:1,1.2,3.0,6164
64, D,819:1,0.7,1.0,5829
69,  C  ,306:0,0.9,1.0,5907
77, A  ,25:1,1.1,2.0,6453
79, D,138:0,1.2,2.0,5958
52, D,531:0,1.0,2.0,5552
23, D,716:1,0.9,1.0,5979
14, D,790:1,0.7,1.0,5991
57,B  ,651:1,1.0,4.0,6057
74, D,878:1,0.7,4.0,5828
13, D,814:1,0.5,1.0,5868
15, D,745:1,1.2,1.0,5846
63, D,470:0,1.6,1.0,6050
23,  C  ,600:1,0.8,4.0,5964
19, D,302:0,0.4,3.0,6331
48, D,873:1,0.5,4.0,5951
55, D,400:1,1.1,4.0,6170
27, D,785:1,0.7,1.0,6095
54, D,370:1,1.1,1.0,5774
57, D,607:0,1.5,4.0,5977
27, D,476:1,-7.0,4.0,6198
57, D,130:0,0.7,1.0,6081
71,B  ,863:1,1.3,1.0,6004
55, D,158:1,0.9,2.0,5784
15, D,160:1,-7.0,3.0,5912
51,B  ,8:0,0.8,1.0,5969
23,B  ,667:0,0.6,2.0,5995
7, D,313:0,1.1,1.0,5774
16,B  ,916:1,1.1,4.0,6193
21, D,97:1,0.5,2.0,6002
64, D,296:1,1.0,2.0,6227
69, D,640:1,1.2,1.0,6271
31,  C  ,653:1,1.4,2.0,6063
26,B  ,630:0,1.4,1.0,5999
19, D,126:1,1.6,2.0,5970
10, D,720:1,1.1,1.0,5889
44, A  ,578:0,0.5,4.0,5776
67,B  ,4:0,0.9,3.0,6448
50,B  ,687:0,1.2,4.0,6423
72,  C  ,996:1,1.5,4.0,6082
42, D,755:1,1.1,1.0,5997
37, D,90:0,1.4,2.0,6210
45,B  ,877:1,1.3,4.0,5955
3,  C  ,375:0,1.0,3.0,6009
26, D,793:1,2.0,1.0,5820
56,B  ,949:1,0.7,4.0,6101
27, D,101:0,1.0,2.0,6376
18,B  ,668:1,1.2,4.0,6215
21, D,509:1,0.6,4.0,5764
40,  C  ,514:0,1.1,3.0,5606
21, D,457:1,1.0,3.0,5906
193, D,224:1,1.2,2.0,6096
48,B  ,379:0,1.2,3.0,5958
47,B  ,413:0,0.5,2.0,5938
15, D,738:1,1.5,1.0,5743
43, D,951:1,1.4,4.0,5810
18,B  ,603:1,1.3,4.0,5811
58,B  ,645:1,0.6,2.0,5756
75,B  ,702:1,0.6,1.0,5757
53,B  ,972:1,1.1,4.0,6193
57,B  ,539:1,1.3,4.0,5959
12,  C  ,852:1,1.1,1.0,5769
33, D,821:1,1.0,1.0,5997
52, D,531:0,1.0,2.0,5552
19, A  ,971:1,0.5,4.0,5868
77, D,691:1,0.9,4.0,6066
49, D,656:1,0.6,2.0,6089
53, D,446:1,1.5,3.0,5976
25, D,782:1,1.1,1.0,6104
47, D,661:1,0.6,2.0,5813
38,B  ,732:1,1.0,1.0,5836
49,  C  ,714:1,1.1,1.0,5941
17, D,261:0,0.6,3.0,5762
61, D,975:1,1.0,4.0,6402
69, D,445:0,1.0,3.0,6175
19, D,730:1,0.9,1.0,6117
44,B  ,112:0,0.9,4.0,6181
37,B  ,586:0,0.7,1.0,5905
46, D,434:0,0.9,2.0,6055
23, D,475:1,0.7,2.0,6347
52,B  ,327:1,0.9,4.0,5968
21, D,97:1,0.5,2.0,6002
42, D,755:1,-8.0,1.0,5997
56,B  ,695:1,1.0,1.0,5893
13, D,574:0,0.9,2.0,6153
18, D,52:1,1.0,4.0,6077
65, D,659:1,0.5,3.0,5925
37, D,317:0,0.7,4.0,5991
79, D,981:1,0.8,4.0,6071
58, D,425:1,0.7,4.0,5973
70, D,70:0,0.5,3.0,6010
18,  C  ,918:1,1.4,4.0,5947
36,B  ,242:1,1.1,4.0,5920
65, D,998:1,0.9,4.0,6018
77,  C  ,881:1,0.7,4.0,6265
1, D,71:0,0.2,2.0,6145
61, D,884:1,0.8,4.0,5957
57, D,754:1,1.1,1.0,6339
29,B  ,749:1,0.6,1.0,5635
41, D,286:1,1.1,3.0,6121
14, D,469:1,1.3,2.0,5542
37,  C  ,172:1,1.1,2.0,6063
64, D,945:1,1.1,4.0,5985
64, D,945:1,1.1,4.0,5985
27, D,101:0,1.0,2.0,6376
64,  C  ,776:1,1.3,1.0,5641
11, D,553:1,0.9,2.0,6188
54, D,594:0,0.8,3.0,5783
46, D,227:0,0.7,3.0,6031
37,  C  ,965:1,1.3,4.0,5900
66, D,280:0,1.2,4.0,6412
72, D,55:1,1.0,2.0,5994
56, D,921:1,0.9,4.0,5740
31,  C  ,653:1,1.4,2.0,6063
12, D,480:1,1.2,3.0,6099
64, D,534:1,0.9,3.0,6012
54,  C  ,717:1,1.0,1.0,5839
7, D,239:1,1.0,3.0,6085
57, D,804:1,0.8,1.0,5921
63, D,94:0,1.4,2.0,6195
27, D,101:0,1.0,2.0,6376
52, D,531:0,1.0,2.0,5552
68, D,525:0,0.7,3.0,6048
73, D,494:0,1.1,4.0,6259
75,  C  ,558:0,1.2,2.0,6004
37,  C  ,171:0,0.7,2.0,6184
15,B  ,281:1,1.3,1.0,5977
74, D,862:1,0.8,1.0,6034
18, D,880:1,1.3,4.0,5641
54, D,540:1,1.4,2.0,5978
38, D,771:1,0.9,1.0,5900
34, D,686:1,1.6,4.0,5433
20, D,313:0,1.1,1.0,5774
62, D,441:0,1.2,4.0,5920
35, D,876:1,1.1,4.0,5787
42,B  ,597:1,0.8,4.0,5905
15, D,818:1,0.9,1.0,6336
3,B  ,5:0,1.7,2.0,6373
50, D,477:1,-2.0,3.0,6263
54, D,591:0,0.8,1.0,6108
57, D,934:1,0.5,4.0,5724
16,B  ,916:1,1.1,4.0,6193
28,B  ,404:1,1.0,2.0,6071
17, A  ,96:1,0.7,3.0,6141
40, D,823:1,1.2,1.0,5832
20, D,354:1,1.0,3.0,5862
32, A  ,964:1,1.5,4.0,6165
37,  C  ,735:1,1.3,1.0,6499
37,  C  ,172:1,1.1,2.0,6063
36, A  ,435:1,0.6,2.0,5805
34, D,78:1,1.0,2.0,5884
18, D,803:1,0.9,1.0,5988
73,  C  ,187:0,0.9,4.0,5779
57, D,872:1,1.4,4.0,5873
44, A  ,451:0,1.5,1.0,5789
23, D,528:1,0.8,1.0,6282
13,B  ,65:1,0.5,1.0,6035
56, D,914:1,0.2,4.0,5590
70, D,80:1,1.4,1.0,6011
35, D,465:1,1.0,3.0,5899
50, D,178:0,1.3,1.0,5862
42,B  ,165:0,0.8,3.0,5754
47, D,919:1,1.1,4.0,6070
31, D,384:1,1.1,2.0,5795
16,B  ,551:1,1.3,4.0,6032
11, D,118:0,1.3,3.0,5968
19, D,688:1,1.3,1.0,5677
44, D,697:0,1.6,3.0,5930
12, D,980:1,0.8,4.0,5923
58, D,554:1,0.7,1.0,5946
49, D,955:1,0.9,4.0,6105
24, D,569:1,0.7,3.0,6001
37, D,259:0,0.8,1.0,5683
10,  C  ,662:0,1.0,1.0,5747
75, D,786:1,1.1,1.0,6029
77, D,969:1,1.4,4.0,6138
23, D,475:1,0.7,2.0,6347
71, D,108:0,1.2,3.0,5850
33, A  ,471:1,1.1,3.0,5596
10, D,624:0,1.4,2.0,5939
71,B  ,268:0,0.8,1.0,6017
37, D,140:1,1.1,2.0,5781
28, D,679:0,0.8,3.0,6284
30,  C  ,683:1,0.9,1.0,6151
12, D,784:1,0.8,1.0,5731
75, D,205:0,0.9,2.0,6128
186,B  ,268:0,0.8,1.0,6017
54,B  ,979:1,0.8,4.0,5971
73, D,410:0,1.0,4.0,5838
50, D,931:1,1.3,4.0,6318
39, D,503:0,1.2,4.0,6219
77,  C  ,31:0,1.1,1.0,6030
46,  C  ,875:1,1.0,4.0,6139
44, D,950:1,0.8,4.0,5976
15,  C  ,375:0,1.0,3.0,6009
13, D,456:0,1.3,3.0,6404
52,B  ,18:1,1.0,3.0,5958
24,B  ,33:1,0.4,2.0,5822
66,B  ,984:1,0.9,4.0,6212
14, D,827:1,0.7,1.0,6066
27, D,101:0,1.0,2.0,6376
74, D,681:1,0.7,4.0,5881
10, D,805:1,0.8,1.0,6188
35, D,321:0,0.9,2.0,5856
45, D,571:0,1.0,4.0,6090
21, D,97:1,0.5,2.0,6002
38, D,84:0,0.7,4.0,5692
37, D,312:0,1.0,1.0,6215
20, D,374:1,1.1,1.0,5950
54, D,892:1,1.3,4.0,6094
47,  C  ,66:1,1.2,2.0,5919
37,  C  ,670:0,1.1,4.0,6075
49,B  ,74:0,0.6,2.0,5753
21,  C  ,778:1,1.0,1.0,5936
61,B  ,360:0,0.5,2.0,6124
68, D,308:0,1.1,2.0,5730
30, D,746:1,1.2,1.0,6111
66, D,267:0,1.3,4.0,6104
78,B  ,871:1,1.3,4.0,6216
25, D,119:0,1.2,3.0,6122
33, D,678:1,1.0,4.0,6203
19,  C  ,272:0,0.9,1.0,5445
69, D,640:1,1.2,1.0,6271
56, D,989:1,1.6,4.0,6277
36,  C  ,807:1,1.5,1.0,6099
30, D,703:1,1.1,1.0,5842
17, D,910:1,0.7,4.0,6265
53, D,857:1,1.0,1.0,5671
20, D,213:0,1.6,3.0,6157
51, D,515:1,1.2,3.0,5867
42, D,176:1,0.4,4.0,6136
19,B  ,543:0,0.6,1.0,5951
27, D,304:1,0.6,4.0,5863
54, D,892:1,1.3,4.0,6094
14, D,365:0,0.5,2.0,5996
27, D,285:1,0.7,2.0,6057
61,B  ,360:0,0.5,2.0,6124
69,  C  ,323:0,0.7,2.0,6054
18, D,482:0,0.8,1.0,6205
24, D,215:1,0.9,1.0,5811
30, D,32:0,1.0,4.0,6075
34,B  ,504:1,0.8,4.0,5953
45, D,701:1,0.9,1.0,5711
63, A  ,666:0,1.1,2.0,5870
60,B  ,177:1,0.8,1.0,5839
75, D,537:0,0.9,2.0,5947
