,负载率
0,0.15990000000000001
1,0.4167
2,0.2167
3,0.6772
4,0.3085
5,0.6397999999999999
6,0.6835
7,0.5538000000000001
8,0.2146
9,0.15839999999999999
10,0.5321
11,0.4629
12,0.6114
13,0.4397
14,0.6467
15,0.3298
16,0.3398
17,0.5422
18,0.1197
19,0.5362
20,0.8834000000000001
21,0.5256000000000001
22,0.21239999999999998
23,0.6759000000000001
24,0.8073
25,0.344
26,0.6235
27,0.4285
28,0.5676
29,0.6591
30,0.8473999999999999
31,0.6756
32,0.8825
33,0.7733
34,0.2095
35,0.4905
36,0.8208
37,0.3284
38,0.2916
39,0.2504
40,0.09609999999999999
41,0.2975
42,0.2369
43,0.36229999999999996
44,0.36979999999999996
45,0.5938
46,0.0745
47,0.3243
48,0.45880000000000004
49,0.37929999999999997
50,0.34840000000000004
51,0.41619999999999996
52,0.31739999999999996
53,0.3104
54,0.9771
55,0.5465
56,0.6386
57,0.2451
58,0.6362
59,0.46409999999999996
60,0.9487000000000001
61,0.8044
62,0.44799999999999995
63,0.0373
64,0.1497
65,0.1244
66,0.11199999999999999
67,0.1563
68,0.3837
69,0.0
70,0.5427000000000001
71,0.312
72,0.8726
73,0.6212
74,0.1729
75,0.6411
76,0.5633
77,0.7349
78,0.48829999999999996
79,0.6947
80,0.3361
81,0.2962
82,0.163
83,0.0965
84,0.0819
85,0.08529999999999999
86,0.057
87,0.0382
88,0.0207
89,0.059000000000000004
90,0.0209
91,0.4412
92,0.49340000000000006
93,0.26899999999999996
94,0.5509000000000001
95,0.6776000000000001
96,0.3655
97,0.46950000000000003
98,0.1839
99,0.1617
100,0.3682
101,0.0371
102,0.4824
103,0.4904
104,0.6154
105,0.7755
106,0.7606999999999999
107,0.1957
108,0.4807
109,0.33020000000000005
110,0.7739
111,0.4204
112,0.4157
113,0.1989
114,0.2006
115,0.2238
116,0.2077
117,0.14279999999999998
118,0.2205
119,0.31579999999999997
120,0.0956
121,0.0
122,0.8539
123,0.0
124,0.5154
125,0.1119
126,0.1445
127,0.46799999999999997
128,0.195
129,0.19899999999999998
130,0.42369999999999997
131,0.44659999999999994
132,0.3665
133,0.6161
134,0.4743
135,0.2967
136,0.5556
137,0.46009999999999995
138,0.5725
139,0.44789999999999996
140,0.7166
141,0.44
142,0.6011
143,0.9392
144,0.3125
145,0.43329999999999996
146,0.7340000000000001
147,0.0
148,0.43689999999999996
149,0.3987
150,0.3826
151,0.47700000000000004
152,0.5939
153,0.6103000000000001
154,0.4177
155,0.5710000000000001
156,0.3885
157,0.5202
158,0.5181
159,0.5223
160,0.3771
161,0.2525
162,0.5706
163,0.8256
164,0.3801
165,0.3436
166,0.5154
167,0.7912
168,0.442
169,0.35850000000000004
170,0.6589
171,0.2332
172,0.6322
173,0.1127
174,0.0
175,0.0
176,0.157
177,0.1709
178,0.7725
179,0.5183
180,0.4683
181,0.1491
182,0.7421
183,0.3251
184,0.2763
185,0.1925
186,0.5622
187,0.5893
188,0.7384000000000001
189,0.6114999999999999
190,0.9162
191,0.5892000000000001
192,0.49579999999999996
193,0.5414
194,0.4793
195,0.4006
196,0.2857
197,0.4732
198,0.3028
199,0.24230000000000002
200,0.7608
201,0.6184000000000001
202,0.8623999999999999
203,0.20629999999999998
204,0.3211
205,0.387
206,0.2349
207,0.40270000000000006
208,0.4604
209,0.0594
210,0.6840999999999999
211,0.7191
212,0.193
213,0.33399999999999996
214,0.7548
215,0.7454000000000001
216,0.4617
217,0.3625
218,0.6025
219,0.5528
220,0.632
221,0.5932
222,0.507
223,0.3103
224,0.6078
225,0.3063
226,0.5329
227,0.757
228,0.8886
229,0.32380000000000003
230,0.5740999999999999
231,0.9359000000000001
232,0.193
233,0.5468999999999999
234,0.5986
235,0.5924
236,0.5398
237,0.7019
238,0.46140000000000003
239,0.8518000000000001
240,0.9499
241,0.40619999999999995
242,0.5215
243,1.0937999999999999
244,0.2782
245,0.3171
246,0.8471
247,0.4889
248,0.7889
249,0.5710000000000001
250,0.4165
251,0.3716
252,0.099
253,0.3395
254,0.5856
255,0.36700000000000005
256,0.6657
257,0.5159
258,0.6131
259,0.2556
260,0.3029
261,0.34119999999999995
262,0.3031
263,0.7587999999999999
264,0.0737
265,0.6527
266,0.1413
267,0.39189999999999997
268,0.892
269,0.1249
270,0.1461
271,0.13419999999999999
272,0.5403
273,0.1032
274,0.3193
275,0.3296
276,0.5322
277,0.5936
278,0.8802
279,0.8643000000000001
280,0.6570999999999999
281,0.6344
282,0.653
283,0.7465
284,0.6998000000000001
285,0.7822
286,0.2836
287,0.7293000000000001
288,0.5561
289,0.547
290,0.7389
291,0.2606
292,0.0712
293,0.2023
294,0.17370000000000002
295,0.0892
296,0.08289999999999999
297,0.3077
298,0.2576
299,0.3297
300,0.2296
301,0.2445
302,0.1378
303,0.3029
304,0.1623
305,0.2157
306,0.3284
307,0.303
308,0.1635
309,0.2516
310,0.1673
311,0.2566
312,0.1771
313,0.1597
314,0.3292
315,0.23670000000000002
316,0.5597
317,0.5670000000000001
318,0.35369999999999996
319,0.179
320,0.7141
321,0.5602
322,0.4876
323,0.08289999999999999
324,0.5981000000000001
325,0.3039
326,0.2267
327,0.4982
328,0.4714
329,0.18059999999999998
330,0.1839
331,0.3575
332,0.6639
333,0.2539
334,0.4783
335,0.3871
336,0.31329999999999997
337,0.4355
338,0.31629999999999997
339,0.20149999999999998
340,0.473
341,0.20149999999999998
342,0.3214
343,0.667
344,0.0785
345,0.0405
346,0.04019999999999999
347,0.49439999999999995
348,0.6518999999999999
349,0.2688
350,0.6134000000000001
351,0.5318
352,0.4138
353,0.2237
354,0.163
355,0.2523
356,0.6709999999999999
357,0.0152
358,0.17579999999999998
359,0.368
360,0.5578
361,0.4567
362,0.2707
363,0.5585
364,0.5540999999999999
365,0.6563
366,0.7734000000000001
367,0.33299999999999996
368,0.1286
369,0.32659999999999995
370,0.2206
371,0.1935
372,0.058600000000000006
373,0.0842
374,0.3558
375,0.6668000000000001
376,0.1769
377,0.2048
378,0.2565
379,0.2108
380,0.3467
381,0.2267
382,0.3379
383,0.5936
384,0.49920000000000003
385,0.07440000000000001
386,0.1389
387,0.3276
388,0.648
389,0.4422
390,0.6559999999999999
391,0.4853
392,0.3475
393,0.2817
394,0.5771999999999999
395,0.7186
396,0.5852
397,0.3046
398,0.41090000000000004
399,0.7203
400,0.5424
401,0.0076
402,0.6859000000000001
403,0.3496
404,0.3804
405,0.23129999999999998
406,0.2805
407,0.4486
408,0.2922
409,0.3264
410,0.2286
411,0.2775
412,0.1202
413,0.5194
414,0.44229999999999997
415,0.435
416,0.2335
417,0.34659999999999996
418,0.5622
419,0.1648
420,0.0863
421,0.0728
422,0.342
423,0.1331
424,0.48950000000000005
425,0.4557
426,0.2708
427,0.7254999999999999
428,0.8628
429,0.4752
430,0.9856
431,0.3741
432,0.29969999999999997
433,0.6341
434,0.25379999999999997
435,0.4557
436,0.9548000000000001
437,0.4935
438,0.6995999999999999
439,0.7902
440,0.56
441,0.6789000000000001
442,0.6393
443,0.1483
444,0.051
445,0.8153
446,0.8695
447,0.5539999999999999
448,0.7539
449,0.4385
450,0.0605
451,0.6618999999999999
452,0.21289999999999998
453,0.40090000000000003
454,0.5566
455,0.49810000000000004
456,0.31579999999999997
457,0.7227
458,0.8771
459,0.9861
460,0.3542
461,0.305
462,0.6183
463,0.5393
464,0.7567
465,0.4264
466,0.9925
467,0.5421
468,0.2893
469,0.8036
470,0.2036
471,0.5683
472,0.5507
473,0.8026000000000001
474,0.7670999999999999
475,0.0643
476,0.2995
477,0.4917
478,0.4743
479,0.6064
480,0.21989999999999998
481,0.1864
482,0.1268
483,0.10550000000000001
484,0.3247
485,0.7039
486,0.7067
487,0.0764
488,0.0461
489,0.1283
490,0.0404
491,0.0
492,0.0633
493,0.0151
494,0.02
495,0.1322
496,0.0363
497,0.5156000000000001
498,0.5295000000000001
499,0.6724
500,0.0033
501,0.183
502,0.35979999999999995
503,0.4029
504,0.6396999999999999
505,0.6009
506,0.1961
507,0.6308
508,0.6970000000000001
509,0.6132
510,0.5634
511,0.0519
512,0.1192
513,0.4071
514,0.1565
515,0.44420000000000004
516,0.3829
517,0.4963
518,0.489
519,0.48869999999999997
520,0.3532
521,0.4378
522,0.3372
523,0.6928
524,0.2688
525,0.5213
526,0.26039999999999996
527,0.7418
528,0.4989
529,0.3282
530,0.29309999999999997
531,1.234
532,0.1174
533,0.1432
534,0.3157
535,0.6579999999999999
536,0.3563
537,0.4947
538,0.1459
539,0.2646
540,0.22440000000000002
541,0.13849999999999998
542,0.6834
543,0.47609999999999997
544,0.1975
545,0.7818
546,0.7816
547,0.7363
548,0.475
549,0.415
550,0.436
551,0.5104
552,0.6071
553,1.0794
554,0.8548
555,0.5934
556,0.2786
557,0.47590000000000005
558,0.44020000000000004
559,0.5573
560,0.9427
561,0.7055
562,0.49119999999999997
563,0.5021
564,0.4793
565,0.188
566,0.7021
567,0.5126
568,0.4379
569,0.6086
570,0.7579
571,0.45899999999999996
572,0.3106
573,0.9317
574,0.4807
575,0.38420000000000004
576,0.6092
577,0.2638
578,0.6114999999999999
579,0.5752
580,0.1693
581,0.2347
582,0.3318
583,0.647
584,0.059000000000000004
585,0.0
586,0.31129999999999997
587,0.5207
588,0.0
589,0.5401
590,0.4686
591,0.4436
592,0.44329999999999997
593,0.5307999999999999
594,0.9327
595,0.8009000000000001
596,1.1214
597,0.5574
598,0.19699999999999998
599,0.1973
600,0.8671
601,0.7040000000000001
602,0.4315
603,0.5353
604,0.44439999999999996
605,0.6873
606,0.6261
607,0.6620999999999999
608,0.7803
609,0.1761
610,0.12390000000000001
611,0.0
612,0.3985
613,0.1461
614,0.6397999999999999
615,0.6789000000000001
616,0.4322
617,0.4622
618,0.8056
619,0.8706999999999999
620,0.2801
621,0.2059
622,0.2506
623,0.3073
624,0.2913
625,0.271
626,0.5072
627,0.2944
628,0.0
629,0.19390000000000002
630,0.2989
631,0.35229999999999995
632,0.494
633,0.23879999999999998
634,0.44079999999999997
635,0.0
636,0.2711
637,0.6388
638,0.5214
639,0.30870000000000003
640,0.26039999999999996
641,0.2816
642,0.2207
643,0.6183
644,0.8970999999999999
645,0.2325
646,0.4322
647,0.3273
648,0.6838
649,0.8861
650,0.0858
651,0.113
652,0.5428999999999999
653,0.5316
654,0.6098
655,0.7886
656,0.2787
657,0.8094
658,0.061399999999999996
659,0.9675
660,0.8625
661,0.6002000000000001
662,0.2993
663,0.47
664,0.5406
665,0.3323
666,0.5244
667,0.8233
668,0.8242
669,0.1848
670,0.1251
671,0.5657
672,0.6949
673,0.5089
674,0.2572
675,1.0146
676,0.7053
677,0.7818
678,0.5354
679,0.26839999999999997
680,0.3973
681,0.4105
682,0.33880000000000005
683,0.2812
684,0.358
685,0.6433
686,0.3362
687,0.2296
688,0.6672
689,0.5670000000000001
690,0.0762
691,0.4029
692,0.1857
693,0.2043
694,0.3763
695,0.8292
696,0.5007
697,0.2602
698,0.6934999999999999
699,0.3212
700,0.0
701,0.1533
702,0.2859
703,0.4708
704,0.4429
705,0.8675
706,0.5297
707,0.3507
708,0.1707
709,0.0795
710,0.5607
711,0.7437999999999999
712,0.728
713,0.4984
714,0.22870000000000001
715,0.5253
716,0.2413
717,0.5736
718,0.5858
719,0.5719
720,0.71
721,0.7929999999999999
722,0.3358
723,0.7812
724,0.6848000000000001
725,0.8227
726,0.3766
727,0.3709
728,0.5716
729,0.478
730,0.8815999999999999
731,0.8386
732,0.6757
733,0.5
734,0.4205
735,0.8101
736,0.33159999999999995
737,0.6666
738,0.365
739,0.431
740,0.1743
741,0.22
742,0.45770000000000005
743,0.5278
744,0.221
745,0.8331999999999999
746,0.5943999999999999
747,0.528
748,0.3843
749,0.40979999999999994
750,0.5079
751,0.3179
752,0.5406
753,0.10679999999999999
754,0.7333
755,0.5869
756,0.6573
757,0.1399
758,0.1629
759,0.5986
760,0.5061
761,0.3539
762,0.0855
763,0.8515
764,0.5692
765,0.40299999999999997
766,0.47619999999999996
767,0.3116
768,0.6369
769,0.3249
770,0.4637
771,0.4464
772,0.6466
773,0.49079999999999996
774,0.5529999999999999
775,0.6727
776,0.32439999999999997
777,0.5652
778,0.35159999999999997
779,0.18109999999999998
780,0.17859999999999998
781,0.5815
782,0.17129999999999998
783,0.2797
784,0.099
785,0.19440000000000002
786,0.1981
787,0.2469
788,0.09179999999999999
789,0.44270000000000004
790,0.4857
791,0.8159000000000001
792,0.5938
793,0.38020000000000004
794,0.38170000000000004
795,0.0652
796,0.39020000000000005
797,0.15539999999999998
798,0.30469999999999997
799,0.6074
800,0.6284000000000001
801,0.49950000000000006
802,0.3105
803,0.48
804,0.4979
805,0.8373
806,0.3884
807,0.2052
808,0.16579999999999998
809,0.23170000000000002
810,0.16579999999999998
811,0.09939999999999999
812,0.0768
813,0.1367
814,0.0642
815,0.23800000000000002
816,0.2919
817,0.2526
818,0.2143
819,0.217
820,0.109
821,0.3851
822,0.748
823,0.2165
824,0.1843
825,0.1206
826,0.1085
827,0.2188
828,0.17010000000000003
829,0.16760000000000003
830,0.1404
831,0.8262
832,0.7709
833,0.4928
834,0.30760000000000004
835,0.2422
836,0.0319
837,0.024
838,0.12369999999999999
839,0.1457
840,0.027200000000000002
841,0.018600000000000002
842,0.9006000000000001
843,0.6970000000000001
844,0.565
845,0.1813
846,0.3797
847,0.2547
848,0.33130000000000004
849,0.52
850,0.4765
851,0.8645
852,0.35700000000000004
853,0.5154
854,0.6709
855,0.8248000000000001
856,0.4803
857,0.5191
858,0.7497
859,0.3832
860,0.741
861,0.7288
862,0.7865000000000001
863,0.6334000000000001
864,0.8156
865,0.3518
866,0.0601
867,0.1353
868,0.1043
869,0.06309999999999999
870,0.2577
871,0.1617
872,0.3784
873,0.6545000000000001
874,0.5605
875,1.1659
876,0.6139
877,0.7617
878,0.9831
879,0.3221
880,0.645
881,0.7984
882,0.8406999999999999
883,0.4371
884,0.5795
885,0.5336
886,0.5811
887,0.34299999999999997
888,0.22760000000000002
889,0.5354
890,0.43320000000000003
891,0.1668
892,0.7003
893,0.465
894,0.8293
895,0.6101
896,0.7317
897,0.6382
898,0.653
899,0.5511
900,0.25980000000000003
901,0.18539999999999998
902,0.18109999999999998
903,0.1292
904,0.2087
905,0.0824
906,0.1074
907,0.1923
908,0.18539999999999998
909,0.4693
910,0.5084000000000001
911,0.3627
912,0.5954999999999999
913,0.4851
914,0.6689
915,0.39640000000000003
916,0.0348
917,0.242
918,0.3102
919,0.30219999999999997
920,0.6391
921,0.43170000000000003
922,0.5025
923,0.9814
924,0.1253
925,0.40270000000000006
926,0.4017
927,0.8526
928,0.3368
929,0.8175
930,0.4642
931,0.2368
932,0.9022
933,0.6758
934,0.2631
935,0.8339
936,0.9642000000000001
937,0.6623
938,0.2492
939,0.4164
940,0.3249
941,0.8567
942,0.8759
943,0.1041
944,0.2365
945,0.5438000000000001
946,0.4068
947,0.4213
948,0.7445999999999999
949,0.1858
950,0.6469
951,0.9579000000000001
952,0.7928000000000001
953,0.7543000000000001
954,0.7778
955,0.2115
956,0.1625
957,0.2901
958,0.44520000000000004
959,0.8365
960,0.7198
961,0.6164999999999999
962,0.5429999999999999
963,0.32630000000000003
964,0.4384
965,0.44439999999999996
966,0.0584
967,0.20149999999999998
968,0.2094
969,0.6228
970,0.6275999999999999
971,0.4757
972,0.6042000000000001
973,0.455
974,0.5303
975,0.1411
976,0.4868
977,0.6575
978,0.0096
979,0.015
980,0.0365
981,0.09699999999999999
982,0.606
983,0.5636
984,0.4746
985,0.5781000000000001
986,0.1216
987,0.1393
988,0.1445
989,0.22699999999999998
990,0.46299999999999997
991,0.2557
992,0.0454
993,0.0241
994,0.0322
995,0.11460000000000001
996,0.2927
997,0.43090000000000006
998,0.9257
999,0.5036999999999999
1000,0.4482
1001,0.7128
1002,0.42210000000000003
1003,0.5726
1004,0.4536
1005,0.0855
1006,0.1885
1007,0.619
1008,0.5036999999999999
1009,0.1722
1010,0.2339
1011,0.4915
1012,0.6028
1013,0.6202000000000001
1014,0.6451
1015,0.40700000000000003
1016,0.32770000000000005
1017,0.1843
1018,0.1201
1019,0.5981000000000001
1020,0.8034
1021,0.6123
1022,0.5808
1023,0.39909999999999995
1024,0.2904
1025,0.8384999999999999
1026,0.1139
1027,0.0115
1028,0.2452
1029,0.4683
1030,0.5916
1031,0.2672
1032,0.7005
1033,0.2303
1034,0.5814
1035,0.6795
1036,0.39490000000000003
1037,0.2872
1038,0.4106
1039,0.5727
1040,0.3716
1041,0.2995
1042,0.7073
1043,0.08869999999999999
1044,0.3992
1045,0.2964
1046,0.7261
1047,0.2898
1048,0.1509
1049,0.4236
1050,0.29309999999999997
1051,0.8802
1052,0.1235
1053,0.7193999999999999
1054,0.3849
1055,0.7245
1056,0.5373
1057,0.5192
1058,0.6015999999999999
1059,0.2707
1060,0.9595
1061,0.6121
1062,0.4225
1063,0.3226
1064,0.8266
1065,0.24780000000000002
1066,0.727
1067,0.3475
1068,0.726
1069,0.332
1070,0.44670000000000004
1071,0.2869
1072,0.2401
1073,0.1889
1074,0.6019
1075,0.8106
1076,0.6826000000000001
1077,0.6002000000000001
1078,0.9216
1079,0.7761
1080,0.5906
1081,0.7726000000000001
1082,0.5104
1083,0.604
1084,0.6115999999999999
1085,0.7709999999999999
1086,0.3328
1087,0.6434000000000001
1088,0.5801
1089,0.8674
1090,0.672
1091,0.0
1092,0.0001
1093,0.0
1094,0.0741
1095,0.46509999999999996
1096,0.2368
1097,0.2483
1098,0.4275
1099,0.2978
1100,0.20309999999999997
1101,0.7426999999999999
1102,0.13
1103,0.14279999999999998
1104,0.0943
1105,0.1305
1106,0.2657
1107,0.3804
1108,0.41340000000000005
1109,0.5661999999999999
1110,0.2365
1111,0.34240000000000004
1112,0.594
1113,0.8525
1114,0.7757
1115,0.155
1116,0.1448
1117,0.5103
1118,0.7123
1119,0.8389
1120,0.4829
1121,0.5747
1122,0.6878
1123,0.6181
1124,0.8904000000000001
1125,0.8146
1126,0.62
1127,0.54
1128,0.0794
1129,0.6775
1130,0.1754
1131,0.6594
1132,0.7061
1133,0.8517
1134,0.7853
1135,0.38299999999999995
1136,0.527
1137,0.21530000000000002
1138,0.6495000000000001
1139,0.052000000000000005
1140,0.2214
1141,0.4828
1142,0.5376
1143,0.3675
1144,0.6883
1145,0.6929000000000001
1146,0.49579999999999996
1147,0.5035000000000001
1148,0.4514
1149,0.6415000000000001
1150,0.7985
1151,0.483
1152,0.6437
1153,0.5408
1154,0.3699
1155,0.2267
1156,0.3057
1157,0.2787
1158,0.5985
1159,0.4264
1160,0.4472
1161,0.8134999999999999
1162,0.5829
1163,0.7337
1164,0.6620999999999999
1165,0.5882999999999999
1166,0.44420000000000004
1167,0.38670000000000004
1168,0.3017
1169,0.33990000000000004
1170,1.0402
1171,0.45909999999999995
1172,0.7341
1173,0.7592
1174,0.6089
1175,0.40240000000000004
1176,0.5347999999999999
1177,0.29969999999999997
1178,0.7306999999999999
1179,0.542
1180,0.2685
1181,0.5852
1182,0.4711
1183,0.265
1184,0.1348
1185,0.3134
1186,0.3554
1187,0.4711
1188,0.25980000000000003
1189,0.6327
1190,0.4608
1191,0.2469
1192,0.5312
1193,0.7376999999999999
1194,0.5225
1195,0.5233
1196,0.38689999999999997
1197,0.003
1198,0.3348
1199,0.6064
1200,0.4157
1201,0.4506
1202,0.5579
1203,0.3868
1204,0.7078
1205,0.8983
1206,1.0449
1207,0.4362
1208,0.2915
1209,0.544
1210,0.37420000000000003
1211,0.7751
1212,0.1261
1213,0.7569
1214,0.10640000000000001
1215,0.7129000000000001
1216,0.5209
1217,0.6990000000000001
1218,0.08259999999999999
1219,0.8432999999999999
1220,0.8875
1221,0.36200000000000004
1222,0.4524
1223,0.2546
1224,0.8775
1225,0.6922
1226,0.963
1227,0.4986
1228,0.3688
1229,0.7914
1230,0.5071
1231,0.6611
1232,0.5875
1233,0.2227
1234,0.7922
1235,0.2361
1236,0.6513
1237,0.2915
1238,0.0
1239,0.2018
1240,0.5486
1241,0.24850000000000003
1242,0.48200000000000004
1243,0.1757
1244,0.6149
1245,0.6095
1246,0.8323
1247,0.43060000000000004
1248,0.40509999999999996
1249,0.5806
1250,0.23920000000000002
1251,0.6036
1252,0.2759
1253,0.3151
1254,0.6481
1255,0.6723
1256,0.33840000000000003
1257,0.3604
1258,0.26030000000000003
1259,0.4678
1260,0.26030000000000003
1261,0.2728
1262,0.6604000000000001
1263,0.7698
1264,0.6397999999999999
1265,0.1575
1266,0.8048000000000001
1267,0.5771999999999999
1268,0.5033
1269,0.41340000000000005
1270,0.6397999999999999
1271,0.6642
1272,0.6627
1273,0.5014
1274,0.6744
1275,0.3109
1276,0.1352
1277,0.24850000000000003
1278,0.2468
1279,0.7093
1280,0.5912
1281,0.8726999999999999
1282,0.40759999999999996
1283,0.47979999999999995
1284,0.49329999999999996
1285,0.8639
1286,0.4128
1287,0.3273
1288,0.5966
1289,0.5717
1290,0.2487
1291,0.8422
1292,0.5328
1293,0.7912
1294,0.2849
1295,0.6039
1296,0.6515000000000001
1297,0.4311
1298,0.33140000000000003
1299,0.35619999999999996
1300,0.36840000000000006
1301,0.4232
1302,0.2528
1303,0.0745
1304,0.22820000000000001
1305,0.5204
1306,0.8948999999999999
1307,0.6402
1308,0.7226
1309,0.5347
1310,0.7734000000000001
1311,0.6201
1312,0.9308
1313,0.5515
1314,0.1991
1315,0.6738
1316,0.4576
1317,0.266
1318,0.7211
1319,0.5753
1320,0.17420000000000002
1321,0.2908
1322,0.3735
1323,0.5664
1324,0.1209
1325,0.5105
1326,0.4064
1327,0.1523
1328,0.5457
1329,0.25170000000000003
1330,0.8165
1331,0.244
1332,0.6884999999999999
1333,0.35950000000000004
1334,0.2148
1335,0.4489
1336,0.5235
1337,0.37079999999999996
1338,0.1893
1339,0.059500000000000004
1340,0.1304
1341,0.0649
1342,0.5806
1343,0.29710000000000003
1344,0.1743
1345,0.4769
1346,0.5525
1347,0.8005
1348,0.1605
1349,0.6568999999999999
1350,0.22649999999999998
1351,0.5031
1352,0.672
1353,0.5796
1354,0.7476
1355,0.8823000000000001
1356,0.8434999999999999
1357,0.7101000000000001
1358,0.6384000000000001
1359,0.6573
1360,0.5921
1361,0.6431999999999999
1362,0.6603
1363,0.5796
1364,0.4464
1365,0.8373999999999999
1366,0.5422
1367,0.6396000000000001
1368,0.5874
1369,0.7833
1370,0.747
1371,0.46630000000000005
1372,0.1888
1373,0.19140000000000001
1374,0.33880000000000005
1375,0.4387
1376,0.6021
1377,0.5309
1378,0.4805
1379,0.5943
1380,0.33049999999999996
1381,0.18280000000000002
1382,0.1406
1383,0.7967
1384,0.1932
1385,0.157
1386,0.4484
1387,0.2844
1388,0.48090000000000005
1389,0.7014
1390,0.35869999999999996
1391,0.29600000000000004
1392,0.6711
1393,0.0971
1394,0.2214
1395,0.3759
1396,0.6595
1397,0.8037000000000001
1398,0.578
1399,0.4561
1400,0.5764
1401,0.2672
1402,0.5679
1403,0.6429
1404,0.45270000000000005
1405,0.6726000000000001
1406,0.5212
1407,0.16519999999999999
1408,0.36939999999999995
1409,0.2536
1410,0.0462
1411,0.36829999999999996
1412,0.27949999999999997
1413,0.4092
1414,0.6894
1415,0.8819
1416,0.552
1417,0.1494
1418,0.8299
1419,0.3914
1420,1.0515999999999999
1421,0.5722999999999999
1422,0.8472
1423,0.639
1424,0.3937
1425,0.8292
1426,0.8542000000000001
1427,0.4829
1428,0.7783
1429,0.7322
1430,0.8918
1431,0.5185
1432,0.7776000000000001
1433,0.8719
1434,0.6994
1435,0.4964
1436,0.6056
1437,0.6456000000000001
1438,0.4653
1439,0.34240000000000004
1440,0.4139
1441,0.512
1442,0.2659
1443,0.0837
1444,0.3135
1445,0.7239
1446,0.9177
1447,0.2532
1448,0.6989
1449,0.6381
1450,0.7234
1451,0.5984
1452,0.6940999999999999
1453,0.6839
1454,0.7001000000000001
1455,0.6092
1456,0.8092
1457,0.6124
1458,0.4839
1459,0.1358
1460,0.3909
1461,0.7476
1462,0.3812
1463,0.3696
1464,0.44189999999999996
1465,0.3874
1466,0.7663
1467,0.0866
1468,0.5121
1469,0.4509
1470,0.4779
1471,0.5877
1472,0.5177
1473,0.386
1474,0.5599000000000001
1475,0.2238
1476,0.6718999999999999
1477,0.2994
1478,0.2648
1479,0.1574
1480,0.2761
1481,0.6504000000000001
1482,0.7189
1483,0.7272
1484,0.6165999999999999
1485,0.6028
1486,0.563
1487,0.0975
1488,0.243
1489,0.3471
1490,0.6282
1491,0.7313
1492,0.7734000000000001
1493,0.43829999999999997
1494,0.4512
1495,0.6926000000000001
1496,0.5959
1497,0.2954
1498,0.5501
1499,0.5503
1500,0.531
1501,0.23170000000000002
1502,1.1009
1503,0.18
1504,0.5376
1505,0.3077
1506,0.8493999999999999
1507,0.7524
1508,0.6418
1509,0.249
1510,0.23670000000000002
1511,0.6304
1512,0.3114
1513,0.48960000000000004
1514,0.5117
1515,0.3533
1516,0.7812
1517,0.185
1518,0.2194
1519,0.13269999999999998
1520,0.3417
1521,0.30829999999999996
1522,0.5227
1523,0.1702
1524,0.7026
1525,0.10640000000000001
1526,0.1255
1527,0.1566
1528,0.11810000000000001
1529,0.1419
1530,0.11130000000000001
1531,0.5095000000000001
1532,0.1796
1533,0.1865
1534,0.6858
1535,0.7458
1536,0.3833
1537,0.157
1538,0.0951
1539,0.2403
1540,0.1288
1541,0.4567
1542,0.0394
1543,0.1998
1544,0.3831
1545,0.5065
1546,0.2895
1547,0.7120000000000001
1548,0.5222
1549,0.5581
1550,0.7757999999999999
1551,0.35159999999999997
1552,0.3029
1553,0.7498
1554,0.37229999999999996
1555,0.6106
1556,0.5763
1557,0.36450000000000005
1558,0.5599000000000001
1559,0.0
1560,0.5401
1561,0.3301
1562,0.1202
1563,0.7137
1564,0.2324
1565,0.5715
1566,0.3751
1567,0.7086
1568,0.9623999999999999
1569,0.8619
1570,0.2799
1571,0.0933
1572,0.6559
1573,0.3699
1574,0.4125
1575,0.2419
1576,0.3274
1577,0.1346
1578,0.6617000000000001
1579,0.4721
1580,0.4817
1581,0.6394
1582,0.3843
1583,0.1226
1584,0.2539
1585,0.1198
1586,0.3479
1587,0.24239999999999998
1588,0.3091
1589,0.36590000000000006
1590,0.5083
1591,0.9559000000000001
1592,0.8845000000000001
1593,0.5843
1594,0.6683
1595,0.12390000000000001
1596,0.6418
1597,0.4167
1598,0.4413
1599,0.34909999999999997
1600,0.3699
1601,0.4304
1602,0.059800000000000006
1603,0.7263
1604,0.2564
1605,0.5567
1606,0.2577
1607,0.3778
1608,0.8659
1609,0.0646
1610,0.7958
1611,0.6157
1612,0.6978
1613,0.8311
1614,0.6648000000000001
1615,1.1616
1616,0.047400000000000005
1617,0.0885
1618,0.2349
1619,0.5091
1620,0.32420000000000004
1621,0.12619999999999998
1622,0.2228
1623,0.18539999999999998
1624,0.0799
1625,0.2236
1626,0.22690000000000002
1627,0.22760000000000002
1628,0.2634
1629,0.2484
1630,0.132
1631,0.2562
1632,0.21050000000000002
1633,0.1459
1634,0.2139
1635,0.3256
1636,0.1017
1637,0.2915
1638,0.242
1639,0.2595
1640,0.2115
1641,0.146
1642,0.2306
1643,0.24239999999999998
1644,0.21359999999999998
1645,0.3389
1646,0.2009
1647,0.1267
1648,0.3418
1649,0.1722
1650,0.3635
1651,0.20629999999999998
1652,0.2286
1653,0.5593
1654,0.7066
1655,0.0717
1656,0.5117
1657,0.0974
1658,0.33840000000000003
1659,0.6431999999999999
1660,0.0008
1661,0.6119
1662,0.3299
1663,0.2021
1664,0.0008
1665,0.5327000000000001
1666,0.247
1667,1.0944
1668,0.1051
1669,0.18780000000000002
1670,0.575
1671,0.5975
1672,0.3582
1673,0.5913
1674,0.4779
1675,0.5061
1676,0.6321
1677,0.2143
1678,0.43920000000000003
1679,0.4982
1680,0.3224
1681,0.1276
1682,0.2434
1683,0.6848000000000001
1684,0.40340000000000004
1685,0.6995
1686,0.057699999999999994
1687,0.7162999999999999
1688,0.2297
1689,0.215
1690,0.42469999999999997
1691,0.5365
1692,0.4207
1693,0.6203
1694,0.2445
1695,0.1963
1696,0.3776
1697,0.5477000000000001
1698,0.41619999999999996
1699,0.4043
1700,0.6915
1701,0.7162999999999999
1702,0.25
1703,0.2494
1704,0.2227
1705,0.3728
1706,0.2086
1707,0.10640000000000001
1708,0.2749
1709,0.1216
1710,0.1905
1711,0.2532
1712,0.2379
1713,0.19690000000000002
1714,0.1866
1715,0.2072
1716,0.1884
1717,0.17300000000000001
1718,0.1376
1719,0.2488
1720,0.14279999999999998
1721,0.16699999999999998
1722,0.2697
1723,0.6581
1724,0.5371
1725,0.3513
1726,0.30010000000000003
1727,0.3641
1728,0.5307999999999999
1729,0.3053
1730,0.5414
1731,0.4534
1732,0.6965
1733,0.041100000000000005
1734,0.4393
1735,0.8356999999999999
1736,0.47350000000000003
1737,0.3823
1738,0.6047
1739,0.8482
1740,0.16620000000000001
1741,0.38659999999999994
1742,0.396
1743,0.7984
1744,0.9094
1745,0.4008
1746,0.7023
1747,0.1041
1748,0.4515
1749,0.0697
1750,0.2955
1751,0.536
1752,0.1624
1753,0.5483
1754,0.7757999999999999
1755,0.35409999999999997
1756,0.52
1757,0.2709
1758,0.1201
1759,0.5301
1760,0.8668
1761,0.7878000000000001
1762,0.6085
1763,0.7238
1764,0.3823
1765,0.3895
1766,0.7009000000000001
1767,0.3628
1768,0.5603
1769,0.2757
1770,0.3543
1771,0.5553
1772,0.2457
1773,0.1592
1774,0.051100000000000007
1775,0.4407
1776,0.3014
1777,0.39899999999999997
1778,0.43450000000000005
1779,0.5003
1780,0.5525
1781,0.4593
1782,0.5221
1783,0.4788
1784,0.4853
1785,0.47859999999999997
1786,0.4205
1787,0.5293
1788,0.6899
1789,0.4214
1790,0.2281
1791,0.2347
1792,0.36950000000000005
1793,0.045599999999999995
1794,0.0276
1795,0.031
1796,0.2016
1797,0.513
1798,0.6801999999999999
1799,0.4635
1800,0.3754
1801,0.46399999999999997
1802,0.156
1803,0.2922
1804,0.4556
1805,0.1954
1806,0.203
1807,0.7264
1808,0.1439
1809,0.3978
1810,0.0
1811,0.34759999999999996
1812,0.0
1813,0.9845999999999999
1814,0.9782
1815,0.4643
1816,0.3663
1817,0.8288
1818,0.2262
1819,0.2708
1820,0.3563
1821,0.2927
1822,0.1949
1823,0.115
1824,0.21359999999999998
1825,0.42619999999999997
1826,0.5811
1827,0.3933
1828,0.1155
1829,0.4853
1830,0.1852
1831,0.5468
1832,0.5307
1833,0.5615
1834,0.3815
1835,0.406
1836,0.4568
1837,0.8034
1838,0.24309999999999998
1839,0.5392
1840,0.20329999999999998
1841,0.1425
1842,0.49520000000000003
1843,0.31120000000000003
1844,0.3608
1845,0.4518
1846,0.0506
1847,0.14980000000000002
1848,0.3111
1849,0.5514
1850,0.6453
1851,0.7131000000000001
1852,0.6085
1853,0.8183
1854,0.5708
1855,0.1309
1856,0.8631
1857,0.8373
1858,0.1985
1859,0.2009
1860,0.044500000000000005
1861,0.3689
1862,0.5321
1863,0.0633
1864,0.002
1865,0.7504000000000001
1866,0.429
1867,0.3342
1868,0.6689
1869,0.20350000000000001
1870,0.6265
1871,0.6862
1872,0.47159999999999996
1873,0.43670000000000003
1874,0.7937000000000001
1875,0.5201
1876,0.3226
1877,0.3326
1878,0.3084
1879,0.2742
1880,0.20420000000000002
1881,0.2487
1882,0.2969
1883,0.6562
1884,0.7775
1885,0.28059999999999996
1886,0.1331
1887,0.17850000000000002
1888,0.3697
1889,0.6583
1890,0.8356
1891,0.6690999999999999
1892,0.5051
1893,0.5015
1894,0.4078
1895,0.38909999999999995
1896,0.7698
1897,0.6867
1898,0.6781
1899,0.6223
1900,0.5115
1901,0.8233
1902,0.3267
1903,0.2011
1904,0.6638
1905,0.433
1906,0.5979
1907,0.6977
1908,0.43939999999999996
1909,0.33640000000000003
1910,0.2994
1911,0.3629
1912,0.4385
1913,0.22469999999999998
1914,0.39880000000000004
1915,0.4857
1916,0.5603
1917,0.6225
1918,0.5013000000000001
1919,0.5579
1920,0.366
1921,0.14150000000000001
1922,0.18
1923,0.11380000000000001
1924,0.4573
1925,0.48729999999999996
1926,0.2544
1927,0.39630000000000004
1928,0.0691
1929,0.2516
1930,0.2125
1931,0.3361
1932,0.5801
1933,0.5135000000000001
1934,0.5998
1935,0.4557
1936,0.9712000000000001
1937,0.5799
1938,0.41259999999999997
1939,0.9031
1940,0.7321
1941,0.7011
1942,0.18539999999999998
1943,0.6446
1944,0.2365
1945,0.32299999999999995
1946,0.5932999999999999
1947,0.8704000000000001
1948,0.0653
1949,0.1832
1950,0.1431
1951,0.1502
1952,0.2877
1953,0.20920000000000002
1954,0.015
1955,0.0504
1956,0.3046
1957,0.6107
1958,0.32049999999999995
1959,0.6017
1960,0.4276
1961,0.1101
1962,0.1666
1963,0.2327
1964,0.1963
1965,0.3579
1966,0.1793
1967,0.1924
1968,0.0545
1969,0.0366
1970,0.2016
1971,0.20809999999999998
1972,0.2491
1973,0.2054
1974,0.2318
1975,0.4515
1976,0.3666
1977,0.4631
1978,0.5696
1979,0.5105
1980,0.1202
1981,0.23579999999999998
1982,0.2506
1983,0.2605
1984,0.1769
1985,0.3182
1986,0.2992
1987,0.6368
1988,0.3653
1989,0.8005
1990,0.1273
1991,0.1421
1992,0.2004
1993,0.33140000000000003
1994,0.4921
1995,0.2214
1996,0.3962
1997,0.4039
1998,0.4825
1999,0.48119999999999996
2000,0.48829999999999996
2001,1.1862000000000001
2002,0.21850000000000003
2003,0.21539999999999998
2004,0.1999
2005,0.7942
2006,0.6004999999999999
2007,0.7254999999999999
2008,0.9336
2009,0.2504
2010,0.5293
2011,0.2673
2012,0.8523999999999999
2013,0.3268
2014,0.4071
2015,0.4251
2016,0.7642
2017,0.4393
2018,0.2752
2019,0.5102
2020,0.5451
2021,0.5670000000000001
2022,0.3147
2023,0.7672
2024,0.3152
2025,0.11699999999999999
2026,1.3088
2027,0.6221
2028,0.6654000000000001
2029,0.6498999999999999
2030,0.7912
2031,0.7173999999999999
2032,1.0022
2033,0.47009999999999996
2034,0.4905
2035,0.3709
2036,0.0
2037,0.19920000000000002
2038,0.17190000000000003
2039,0.051699999999999996
2040,0.0867
2041,0.4007
2042,0.4307
2043,0.4092
2044,0.7585
2045,0.4017
2046,0.8903
2047,0.1313
2048,0.8220000000000001
2049,0.3454
2050,0.2557
2051,0.2601
2052,0.3962
2053,0.2372
2054,0.6524
2055,0.21719999999999998
2056,0.6812
2057,0.4963
2058,0.3382
2059,0.3639
2060,0.3935
2061,0.5047
2062,0.5992999999999999
2063,0.2556
2064,0.0018
2065,0.7387
2066,0.4138
2067,0.5531
2068,0.4428
2069,0.6694
2070,0.6872
2071,0.09140000000000001
2072,0.2735
2073,0.2516
2074,0.6104999999999999
2075,0.8186
2076,0.4667
2077,0.6381
2078,0.4372
2079,0.3458
2080,0.4826
2081,0.49979999999999997
2082,0.6836
2083,0.4276
2084,0.5227
2085,0.4462
2086,0.4547
2087,0.4347
2088,0.43079999999999996
2089,0.48100000000000004
2090,0.4817
2091,0.5062
2092,0.7452
2093,0.8552
2094,0.5858
2095,0.4508
2096,0.46909999999999996
2097,0.18280000000000002
2098,0.3444
2099,0.314
2100,0.5484
2101,0.42369999999999997
2102,0.24350000000000002
2103,0.2108
2104,0.7123
2105,0.2643
2106,0.7717
2107,0.8119
2108,0.3207
2109,0.5707
2110,0.3429
2111,0.8609
2112,0.16940000000000002
2113,0.6574
2114,0.8237000000000001
2115,0.40259999999999996
2116,0.7414000000000001
2117,0.38780000000000003
2118,0.6527
2119,0.49810000000000004
2120,0.2615
2121,0.3013
2122,0.23190000000000002
2123,0.3256
2124,0.22190000000000001
2125,0.9632
2126,0.0088
2127,0.3764
2128,0.9337000000000001
2129,0.11199999999999999
2130,0.2236
2131,0.2014
2132,0.9279999999999999
2133,0.5255
2134,0.8586
2135,0.6231
2136,0.3653
2137,0.6877
2138,0.30269999999999997
2139,0.5554
2140,0.40270000000000006
2141,0.1534
2142,0.6839
2143,0.2492
2144,0.9994
2145,0.7831
2146,0.1925
2147,0.3837
2148,0.42340000000000005
2149,0.585
2150,0.25670000000000004
2151,0.3194
2152,0.2882
2153,0.47659999999999997
2154,0.4575
2155,0.4679
2156,0.5196999999999999
2157,0.2503
2158,0.4255
2159,0.4249
2160,0.5042
2161,0.1985
2162,0.10279999999999999
2163,0.18899999999999997
2164,0.6132
2165,0.6299
2166,0.6352
2167,0.452
2168,0.4061
2169,0.20199999999999999
2170,0.203
2171,0.2748
2172,0.7119
2173,0.0911
2174,0.7395999999999999
2175,0.7092
2176,0.2687
2177,0.37670000000000003
2178,0.028900000000000002
2179,1.0109000000000001
2180,0.9737
2181,0.8558
2182,0.6093
2183,0.48469999999999996
2184,0.1128
2185,0.2777
2186,0.4729
2187,0.2066
2188,0.1747
2189,0.758
2190,0.7067
2191,0.598
2192,0.21230000000000002
2193,0.37560000000000004
2194,0.36829999999999996
2195,0.4192
2196,0.2231
2197,0.2455
2198,0.38659999999999994
2199,0.5674
2200,0.20920000000000002
2201,0.852
2202,0.33390000000000003
2203,0.3031
2204,0.4354
2205,0.1752
2206,0.226
2207,0.3614
2208,0.2045
2209,0.6339
2210,0.2901
2211,0.3369
2212,0.4475
2213,0.36920000000000003
2214,0.30920000000000003
2215,0.17620000000000002
2216,0.2955
2217,0.23309999999999997
2218,0.34590000000000004
2219,0.5935
2220,0.4799
2221,0.019799999999999998
2222,0.061399999999999996
2223,0.4436
2224,0.5519
2225,0.2541
2226,0.42810000000000004
2227,0.6745
2228,0.3635
2229,0.11460000000000001
2230,0.5539000000000001
2231,0.42619999999999997
2232,0.24109999999999998
2233,0.4169
2234,0.8086
2235,0.4205
2236,0.6787000000000001
2237,0.7476
2238,0.45299999999999996
2239,0.41729999999999995
2240,0.3197
2241,0.1002
2242,0.18739999999999998
2243,0.36810000000000004
2244,0.2159
2245,0.3111
2246,0.44659999999999994
2247,0.6332
2248,0.42840000000000006
2249,0.5046
2250,0.6577
2251,0.6729
2252,0.789
2253,0.6192
2254,0.8364
2255,0.8412000000000001
2256,0.17920000000000003
2257,0.3924
2258,0.9181
2259,0.6515000000000001
2260,0.8261
2261,0.6021
2262,0.49329999999999996
2263,0.517
2264,0.7253000000000001
2265,0.35600000000000004
2266,0.3996
2267,0.4877
2268,0.2762
2269,0.2167
2270,0.0195
2271,0.061
2272,0.3754
2273,0.3747
2274,0.6523
2275,0.5267000000000001
2276,0.2763
2277,0.4885
2278,0.5467
2279,0.0789
2280,0.5315
2281,0.6601
2282,0.3309
2283,0.6509
2284,0.4833
2285,0.7519
2286,0.654
2287,0.48219999999999996
2288,0.6889
2289,0.8362
2290,0.3408
2291,0.49979999999999997
2292,0.8001
2293,0.3036
2294,0.4395
2295,0.32170000000000004
2296,0.2572
2297,0.35109999999999997
2298,0.3079
2299,0.2182
2300,0.294
2301,0.6904
2302,0.1693
2303,0.564
2304,0.4752
2305,0.47450000000000003
2306,0.3493
2307,0.29600000000000004
2308,0.8625
2309,0.8914
2310,0.0
2311,0.0666
2312,1.1401000000000001
2313,0.6744
2314,0.7369
2315,0.30829999999999996
2316,0.7387
2317,0.3847
2318,0.8447
2319,0.4285
2320,0.2504
2321,0.11220000000000001
2322,0.8306
2323,0.1813
2324,0.5434
2325,0.7803
2326,0.2395
2327,0.1704
2328,0.1502
2329,0.1515
2330,0.21710000000000002
2331,0.40399999999999997
2332,0.2396
2333,0.1893
2334,0.4147
2335,0.23329999999999998
2336,0.1888
2337,0.1328
2338,0.2127
2339,0.1778
2340,0.6888
2341,0.7104
2342,0.6622
2343,0.3666
2344,0.6679
2345,0.5987
2346,0.5467
2347,0.5892000000000001
2348,0.5818
2349,0.6102000000000001
2350,0.7686
2351,0.32030000000000003
2352,0.7219
2353,0.8956000000000001
2354,0.7925
2355,0.2422
2356,0.2798
2357,0.4275
2358,0.5164
2359,0.34659999999999996
2360,0.494
2361,0.73
2362,0.2324
2363,0.3911
2364,0.5132
2365,0.162
2366,0.1709
2367,0.3431
2368,0.7169
2369,0.8373
2370,0.3098
2371,0.1462
2372,0.11699999999999999
2373,0.2667
2374,0.2034
2375,0.2402
2376,0.5529
2377,0.637
2378,0.7768999999999999
2379,0.405
2380,0.2547
2381,0.8201999999999999
2382,0.7997
2383,0.7152
2384,0.5929
2385,0.7048000000000001
2386,0.5108
2387,0.7175
2388,0.2064
2389,0.5197999999999999
2390,0.6705
2391,0.6275999999999999
2392,0.2143
2393,0.6481999999999999
2394,0.7773
2395,0.5055
2396,0.2748
2397,0.39030000000000004
2398,0.5875
2399,0.0222
2400,0.16190000000000002
2401,0.2892
2402,0.25489999999999996
2403,0.46869999999999995
2404,0.5213
2405,0.5871999999999999
2406,0.7242000000000001
2407,0.6006
2408,0.46909999999999996
2409,0.2493
2410,0.7445
2411,0.6137
2412,0.8458
2413,0.2636
2414,0.0525
2415,0.2737
2416,0.5733
2417,0.32780000000000004
2418,0.8733
2419,0.7675
2420,0.7140000000000001
2421,0.5212
2422,0.3066
2423,0.45289999999999997
2424,0.4905
2425,0.44179999999999997
2426,0.5412
2427,0.6829000000000001
2428,0.3062
2429,0.1162
2430,0.7
2431,0.1775
2432,0.335
2433,0.6448
2434,0.3933
2435,0.2377
2436,0.2167
2437,0.2685
2438,0.31129999999999997
2439,0.49829999999999997
2440,0.5052
2441,0.8288
2442,0.501
2443,0.5496
2444,0.53
2445,0.218
2446,0.3876
2447,0.7877
2448,0.7668
2449,0.14980000000000002
2450,0.5428999999999999
2451,0.5154
2452,0.4891
2453,0.579
2454,0.4403
2455,0.2437
2456,0.5303
2457,0.2139
2458,0.2501
2459,0.2193
2460,0.5183
2461,0.7617
2462,0.1318
2463,0.34990000000000004
2464,0.7938
2465,0.28800000000000003
2466,0.6942
2467,0.1649
2468,0.8281999999999999
2469,0.3326
2470,0.5408
2471,0.6183
2472,0.09720000000000001
2473,0.2779
2474,0.8543000000000001
2475,0.6153
2476,1.2469
2477,0.6591
2478,0.4694
2479,0.8128
2480,0.8905
2481,0.9018999999999999
2482,0.3823
2483,0.1661
2484,0.6221
2485,0.3937
2486,0.0978
2487,0.48009999999999997
2488,0.4689
2489,0.1885
2490,0.0745
2491,0.1542
2492,0.8023
2493,0.7979
2494,0.3105
2495,0.706
2496,0.855
2497,0.4802
2498,0.4517
2499,0.4378
2500,0.2967
2501,0.8348
2502,0.34759999999999996
2503,0.5477000000000001
2504,0.5442
2505,0.9772
2506,0.12710000000000002
2507,0.4448
2508,0.5504
2509,0.1456
2510,0.2316
2511,0.2802
2512,0.1929
2513,0.12689999999999999
2514,0.6003000000000001
2515,0.4557
2516,0.5292
2517,0.1636
2518,0.6289
2519,0.5347999999999999
2520,0.6984
2521,0.2109
2522,0.37929999999999997
2523,0.3666
2524,0.7454999999999999
2525,0.18100000000000002
2526,0.11869999999999999
2527,0.3779
2528,0.6823999999999999
2529,0.7193
2530,0.5056
2531,0.29109999999999997
2532,0.5909
2533,0.5002
2534,0.2184
2535,0.7155
2536,0.156
2537,0.5710999999999999
2538,0.401
2539,0.058499999999999996
2540,0.4974
2541,0.7145999999999999
2542,0.48350000000000004
2543,0.7182
2544,0.1047
2545,0.8533
2546,0.6096
2547,0.5394
2548,0.6679
2549,0.9367
2550,0.35100000000000003
2551,0.3246
2552,0.6564
2553,0.5648
2554,0.2659
2555,0.5998
2556,0.6593000000000001
2557,0.4968
2558,0.2718
2559,0.6516
2560,0.7343000000000001
2561,0.0154
2562,0.0
2563,0.1352
2564,0.46090000000000003
2565,0.3032
2566,0.0886
2567,0.2967
2568,0.9534999999999999
2569,0.1779
2570,0.4974
2571,0.6837000000000001
2572,0.7693000000000001
2573,0.2224
2574,0.3326
2575,0.23379999999999998
2576,0.2427
2577,0.7623000000000001
2578,0.3423
2579,0.6261
2580,0.0748
2581,0.2994
2582,0.4068
2583,0.1563
2584,0.4586
2585,0.4458
2586,0.30870000000000003
2587,0.6731
2588,0.3444
2589,0.3985
2590,0.5751
2591,0.4386
2592,0.43119999999999997
2593,0.5945
2594,0.36210000000000003
2595,0.48619999999999997
2596,0.1576
2597,0.4851
2598,0.5133
2599,0.079
2600,0.3862
2601,0.1199
2602,0.2887
2603,0.753
2604,0.22510000000000002
2605,0.7594
2606,0.9388
2607,0.0587
2608,0.4181
2609,0.7012999999999999
2610,0.7277
2611,0.4966
2612,0.8009000000000001
2613,0.18780000000000002
2614,0.1389
2615,0.1741
2616,0.48810000000000003
2617,0.9244
2618,0.544
2619,0.5972
2620,0.9983
2621,0.7683
2622,0.8469
2623,0.5763
2624,0.3079
2625,0.483
2626,0.4421
2627,0.4927
2628,0.6506000000000001
2629,0.0862
2630,0.5819
2631,0.43090000000000006
2632,0.3654
2633,0.6036
2634,0.8159000000000001
2635,0.3043
2636,0.2132
2637,0.3517
2638,0.5065
2639,0.45039999999999997
2640,0.5802
2641,0.6384000000000001
2642,0.6162
2643,0.6748000000000001
2644,0.6317
2645,0.6017
2646,0.13849999999999998
2647,0.5479999999999999
2648,0.2036
2649,0.6786
2650,0.1202
2651,0.30760000000000004
2652,0.1384
2653,0.3155
2654,0.6498999999999999
2655,0.48200000000000004
2656,0.2484
2657,0.7175
2658,0.7199
2659,0.0341
2660,0.5982
2661,0.10779999999999999
2662,0.3705
2663,0.4484
2664,0.20329999999999998
2665,0.1865
2666,0.4993
2667,0.3284
2668,0.9251999999999999
2669,0.35729999999999995
2670,0.0733
2671,0.43729999999999997
2672,0.25079999999999997
2673,0.2821
2674,0.4257
2675,0.3187
2676,0.7153
2677,0.4239
2678,0.451
2679,0.5047999999999999
2680,0.7051000000000001
2681,0.0552
2682,0.23
2683,0.0754
2684,1.1049
2685,0.7875
2686,0.31
2687,0.3016
2688,0.4579
2689,0.6470999999999999
2690,0.304
2691,0.3176
2692,0.8826999999999999
2693,0.7793000000000001
2694,0.7898000000000001
2695,0.1673
2696,0.6662
2697,0.6233
2698,0.9405
2699,1.0076
2700,0.49689999999999995
2701,0.0139
2702,0.7129000000000001
2703,0.5283
2704,0.7293000000000001
2705,0.7234999999999999
2706,0.8194
2707,0.6209
2708,0.4765
2709,1.2366
2710,0.342
2711,0.7533
2712,0.1881
2713,0.24170000000000003
2714,0.08470000000000001
2715,0.4007
2716,1.0290000000000001
2717,0.4236
2718,0.8234999999999999
2719,0.0321
2720,0.3678
2721,0.7643000000000001
2722,0.6922
2723,0.5593
2724,0.221
2725,0.3257
2726,0.43090000000000006
2727,0.1911
2728,0.5632
2729,0.6386
2730,0.2991
2731,0.6284000000000001
2732,0.6318
2733,0.5593
2734,0.1775
2735,0.306
2736,0.4073
2737,0.2163
2738,0.9526
2739,0.39590000000000003
2740,0.5297999999999999
2741,0.4867
2742,0.7922
2743,1.2031999999999998
2744,0.609
2745,0.7476999999999999
2746,0.4329
2747,0.3143
2748,0.6223
2749,0.1661
2750,0.12390000000000001
2751,0.27449999999999997
2752,0.7755
2753,0.5457
2754,0.6128
2755,0.1505
2756,0.0728
2757,0.0602
2758,0.10289999999999999
2759,0.0675
2760,0.4658
2761,0.7805
2762,0.133
2763,0.1001
2764,0.1724
2765,0.5579999999999999
2766,0.667
2767,0.33
2768,0.11259999999999999
2769,0.1319
2770,0.1158
2771,0.1555
2772,0.15
2773,0.5870000000000001
2774,0.1017
2775,0.2238
2776,0.6289
2777,0.2382
2778,0.1483
2779,0.26940000000000003
2780,0.5485
2781,0.3603
2782,0.6214999999999999
2783,0.14300000000000002
2784,0.1384
2785,0.33270000000000005
2786,0.5901
2787,0.3085
2788,0.2998
2789,0.45890000000000003
2790,0.327
2791,0.9023
2792,0.5740999999999999
2793,0.7787999999999999
2794,0.5405
2795,0.6796
2796,0.38020000000000004
2797,0.1807
2798,0.5202
2799,0.6161
2800,0.2183
2801,0.1984
2802,0.2217
2803,0.14800000000000002
2804,0.2889
2805,0.2415
2806,0.2238
2807,0.1993
2808,0.2402
2809,0.1913
2810,0.22039999999999998
2811,0.2097
2812,0.23739999999999997
2813,0.44439999999999996
2814,0.2242
2815,0.2353
2816,0.2372
2817,0.7517
2818,0.1495
2819,0.1589
2820,0.1431
2821,0.1744
2822,0.1503
2823,0.1568
2824,0.1082
2825,0.1863
2826,0.1319
2827,0.1613
2828,0.1761
2829,0.1247
2830,0.6544
2831,0.37270000000000003
2832,0.315
2833,0.7537999999999999
2834,0.2889
2835,0.1575
2836,0.08449999999999999
2837,0.5831000000000001
2838,0.3803
2839,0.6167
2840,0.4071
2841,0.4763
2842,0.8773000000000001
2843,0.5211
2844,0.1155
2845,0.3274
2846,0.1425
2847,0.7805
2848,0.09539999999999998
2849,0.47590000000000005
2850,0.4715
2851,0.6144
2852,0.40979999999999994
2853,0.9983
2854,0.3503
2855,0.8376
2856,0.8892
2857,1.1340000000000001
2858,0.8083
2859,1.0016
2860,0.5622
2861,0.6869
2862,0.7822
2863,0.45049999999999996
2864,0.8478
2865,0.3945
2866,0.1007
2867,0.0
2868,0.4733
2869,0.4533
2870,0.61
2871,0.8287
2872,0.8814
2873,0.4569
2874,0.6009
2875,0.7781
2876,0.7672
2877,0.409
2878,0.7448999999999999
2879,0.735
2880,0.7190000000000001
2881,0.7058
2882,0.6637000000000001
2883,0.6681999999999999
2884,0.3608
2885,0.7786
2886,0.6368
2887,0.9217
2888,0.38770000000000004
2889,0.4657
2890,0.7818
2891,0.7391
2892,0.5595
2893,0.8115000000000001
2894,0.028900000000000002
2895,0.9606999999999999
2896,0.502
2897,0.0909
2898,0.5746
2899,0.6703
2900,0.2939
2901,0.2465
2902,0.6258
2903,0.5014
2904,0.4889
2905,0.0165
2906,0.0719
2907,0.0
2908,0.0405
2909,0.617
2910,0.5268
2911,0.6469
2912,0.023700000000000002
2913,0.5029
2914,0.9495999999999999
2915,0.591
2916,0.5946
2917,0.6591
2918,0.43420000000000003
2919,0.6311
2920,0.7925
2921,0.4592
2922,0.6359
2923,0.5786
2924,0.3295
2925,0.3734
2926,0.5725
2927,0.2613
2928,0.9648
2929,1.0935
2930,0.0832
2931,0.13720000000000002
2932,0.1318
2933,0.1483
2934,0.1366
2935,0.1276
2936,0.09949999999999999
2937,0.0663
2938,0.41840000000000005
2939,0.0
2940,0.0
2941,0.23629999999999998
2942,0.7448
2943,0.2981
2944,0.7748999999999999
2945,0.4189
2946,0.7886
2947,0.3379
2948,0.4621
2949,0.5561
2950,0.47859999999999997
2951,0.1816
2952,0.6117
2953,0.6394
2954,0.3689
2955,0.3996
2956,0.4142
2957,0.6299
2958,0.4932
2959,0.6881
2960,0.6002000000000001
2961,0.6887000000000001
2962,0.7820999999999999
2963,0.7824
2964,0.5474
2965,0.20329999999999998
2966,0.7766
2967,0.2614
2968,0.207
2969,0.26239999999999997
2970,0.4768
2971,0.8834000000000001
2972,0.0268
2973,0.0313
2974,0.5025
2975,0.1377
2976,0.5395
2977,0.2322
2978,0.5654
2979,0.5879
2980,0.6951
2981,0.4921
2982,0.46909999999999996
2983,0.5724
2984,0.6001
2985,0.7487999999999999
2986,0.7169
2987,0.6312
2988,0.8271999999999999
2989,0.2133
2990,0.6419
2991,0.9437000000000001
2992,0.3996
2993,0.5558
2994,0.6249
2995,0.7218000000000001
2996,0.42710000000000004
2997,0.18030000000000002
2998,0.6706
2999,0.1115
3000,0.7105
3001,0.9018
3002,0.6021
3003,0.0641
3004,0.41100000000000003
3005,0.5967
3006,0.6433
3007,0.6463
3008,0.8595999999999999
3009,0.5423
3010,0.6903
3011,0.4082
3012,0.3605
3013,0.4654
3014,0.6262
3015,0.6598
3016,0.5581
3017,0.4387
3018,0.527
3019,0.322
3020,0.2921
3021,0.2847
3022,0.5725
3023,0.7173999999999999
3024,0.8047
3025,0.2605
3026,0.6019
3027,0.1255
3028,0.38770000000000004
3029,0.23809999999999998
3030,0.2583
3031,0.0944
3032,0.261
3033,0.48200000000000004
3034,0.2568
3035,0.7442
3036,0.47259999999999996
3037,0.43320000000000003
3038,0.5526
3039,0.38
3040,0.3286
3041,0.193
3042,0.43689999999999996
3043,0.5674
3044,0.46259999999999996
3045,0.5877
3046,0.4782
3047,0.664
3048,0.057999999999999996
3049,0.6474
3050,0.62
3051,0.3754
3052,0.469
3053,0.8698
3054,0.2293
3055,0.3513
3056,0.33740000000000003
3057,0.6970000000000001
3058,0.5122
3059,0.4738
3060,0.8251999999999999
3061,0.10769999999999999
3062,0.19030000000000002
3063,0.4543
3064,0.6605
3065,0.7154
3066,0.1478
3067,0.429
3068,0.6457999999999999
3069,0.6557999999999999
3070,0.6686
3071,0.30269999999999997
3072,0.2257
3073,0.6034
3074,0.5791
3075,0.041299999999999996
3076,0.7813
3077,0.20620000000000002
3078,1.0246
3079,0.711
3080,0.2296
3081,0.0688
3082,0.6294
3083,0.32299999999999995
3084,0.2992
3085,0.4587
3086,0.17629999999999998
3087,0.47100000000000003
3088,0.3346
3089,0.2995
3090,0.4261
3091,0.47119999999999995
3092,0.5748
3093,0.1115
3094,0.1893
3095,0.795
3096,0.5526
3097,0.508
3098,0.6997
3099,0.4407
3100,0.25429999999999997
3101,0.2138
3102,0.5603
3103,0.67
3104,0.6203
3105,0.5869
3106,0.6075
3107,0.7311
3108,0.48719999999999997
3109,0.4669
3110,0.4276
3111,0.2584
3112,0.2579
3113,0.4252
3114,0.4289
3115,0.3918
3116,0.4236
3117,0.5881000000000001
3118,0.4824
3119,0.5908
3120,0.2043
3121,0.5061
3122,0.2893
3123,0.489
3124,0.0
3125,0.29359999999999997
3126,0.6158
3127,0.32
3128,0.4104
3129,0.4854
3130,0.6283
3131,0.069
3132,0.11630000000000001
3133,0.8665999999999999
3134,0.9163
3135,0.5227
3136,0.5262
3137,0.899
3138,0.4179
3139,0.865
3140,0.5547
3141,0.6804000000000001
3142,0.8176000000000001
3143,0.6894
3144,0.4144
3145,0.2907
3146,0.3918
3147,0.1704
3148,0.617
3149,1.0648
3150,0.7176
3151,0.971
3152,0.3071
3153,0.2486
3154,0.5695
3155,0.1726
3156,0.43270000000000003
3157,0.1467
3158,0.0212
3159,0.6341
3160,0.0333
3161,0.41259999999999997
3162,0.1736
3163,0.6764
3164,0.2999
3165,0.8065000000000001
3166,0.3503
3167,0.2643
3168,0.6849
3169,0.1067
3170,0.239
3171,0.6751
3172,0.8694
3173,0.5901
3174,0.1585
3175,0.1144
3176,0.28300000000000003
3177,0.3044
3178,0.2791
3179,0.0308
3180,0.011000000000000001
3181,0.3478
3182,0.3786
3183,0.4269
3184,0.1693
3185,0.7017
3186,0.020099999999999996
3187,0.031200000000000002
3188,0.0466
3189,0.3469
3190,0.9151
3191,0.5645
3192,0.7295999999999999
3193,0.4733
3194,0.7318000000000001
3195,0.8334999999999999
3196,0.7805
3197,0.1017
3198,0.1465
3199,0.2853
3200,0.5571
3201,0.7040000000000001
3202,0.3201
3203,0.5183
3204,0.47409999999999997
3205,0.4545
3206,0.3493
3207,0.6004999999999999
3208,0.6165999999999999
3209,0.6335000000000001
3210,0.5542
3211,0.373
3212,0.2554
3213,0.4372
3214,0.2696
3215,0.4094
3216,0.2729
3217,0.3281
3218,0.37170000000000003
3219,0.6072
3220,0.0825
3221,0.5236999999999999
3222,0.8217
3223,0.7383
3224,0.8923000000000001
3225,0.6074
3226,0.545
3227,0.5379
3228,0.562
3229,0.8044
3230,0.508
3231,0.0836
3232,0.096
3233,0.3435
3234,0.5086999999999999
3235,0.6002000000000001
3236,0.9127
3237,0.318
3238,0.8451000000000001
3239,0.4192
3240,0.25129999999999997
3241,0.6351
3242,0.1317
3243,0.8331000000000001
3244,0.3039
3245,0.5169
3246,0.8543000000000001
3247,0.6483
3248,0.32939999999999997
3249,0.5477000000000001
3250,0.7744
3251,0.4508
3252,0.25370000000000004
3253,0.7245
3254,0.7746999999999999
3255,0.5057
3256,0.8197
3257,0.6811
3258,0.8062
3259,0.8742
3260,0.8898999999999999
3261,0.7243
3262,0.823
3263,0.5967
3264,0.7206999999999999
3265,0.8338
3266,0.6565000000000001
3267,0.10039999999999999
3268,0.1548
3269,0.5778
3270,0.5821000000000001
3271,0.3555
3272,0.6025
3273,0.2137
3274,0.78
3275,0.6369
3276,0.7946
3277,0.5467
3278,0.6463
3279,0.7106
3280,0.5204
3281,0.32
3282,0.2695
3283,0.38049999999999995
3284,0.385
3285,0.0
3286,0.6404000000000001
3287,0.5745
3288,0.2291
3289,0.2242
3290,0.479
3291,0.725
3292,0.7312000000000001
3293,0.3521
3294,0.5982999999999999
3295,0.8644
3296,0.5415
3297,0.5433
3298,0.2419
3299,0.1186
3300,0.5628
3301,0.6940000000000001
3302,0.062
3303,0.0236
3304,0.4943
3305,0.2378
3306,0.8656999999999999
3307,0.635
3308,0.6295000000000001
3309,0.34979999999999994
3310,0.6896
3311,0.8101999999999999
3312,0.11019999999999999
3313,0.6031
3314,0.3018
3315,0.41840000000000005
3316,0.7140000000000001
3317,0.10550000000000001
3318,0.0
3319,0.5606
3320,0.7633
3321,0.6069
3322,0.1784
3323,0.235
3324,0.6119
3325,0.3408
3326,0.24309999999999998
3327,0.5553
3328,0.44060000000000005
3329,0.7051000000000001
3330,0.7759999999999999
3331,0.76
3332,0.47200000000000003
3333,0.33659999999999995
3334,0.6637000000000001
3335,0.32280000000000003
3336,0.1816
3337,0.0
3338,0.0
3339,0.0
3340,0.1466
3341,0.2371
3342,0.1913
3343,0.1346
3344,0.24059999999999998
3345,0.183
3346,0.0646
3347,0.21780000000000002
3348,0.09480000000000001
3349,0.0999
3350,0.21850000000000003
3351,0.18780000000000002
3352,0.10369999999999999
3353,0.1291
3354,0.4324
3355,0.5203
3356,0.3029
3357,0.2898
3358,0.2187
3359,0.5052
3360,0.5412
3361,0.4232
3362,0.6566
3363,0.1445
3364,0.42950000000000005
3365,0.17850000000000002
3366,0.8886
3367,0.06709999999999999
3368,0.47229999999999994
3369,0.1999
3370,0.2963
3371,1.0635
3372,0.5532
3373,0.5439
3374,0.47659999999999997
3375,0.3383
3376,0.6920000000000001
3377,0.8388
3378,0.7639
3379,0.45630000000000004
3380,0.7873
3381,0.14279999999999998
3382,0.33740000000000003
3383,0.3668
3384,0.6698999999999999
3385,0.5611
3386,0.4768
3387,0.9417
3388,0.7423000000000001
3389,0.1336
3390,0.2643
3391,0.24359999999999998
3392,0.42229999999999995
3393,0.1859
3394,0.3674
3395,0.136
3396,0.2907
3397,0.031400000000000004
3398,0.0843
3399,0.3779
3400,0.3417
3401,0.28059999999999996
3402,0.0
3403,0.3594
3404,0.38420000000000004
3405,0.718
3406,0.6401
3407,0.49439999999999995
3408,0.2205
3409,0.16760000000000003
3410,0.2279
3411,0.2833
3412,0.0
3413,0.0
3414,0.6583
3415,0.3477
3416,0.5832999999999999
3417,0.2009
3418,0.7681
3419,0.4244
3420,0.7875
3421,0.8832
3422,0.3543
3423,0.6491
3424,0.33909999999999996
3425,0.1267
3426,0.7977
3427,0.42840000000000006
3428,0.624
3429,0.6729999999999999
3430,0.7190000000000001
3431,0.8918
3432,0.1784
3433,0.7776000000000001
3434,0.4754
3435,0.4415
3436,0.0
3437,0.3771
3438,0.23620000000000002
3439,0.1808
3440,0.8759999999999999
3441,0.871
3442,0.9872
3443,0.8983
3444,0.30820000000000003
3445,0.1882
3446,0.2905
3447,0.2217
3448,0.6731
3449,0.2237
3450,0.5521
3451,0.1476
3452,0.3039
3453,0.1001
3454,0.2869
3455,0.1294
3456,0.12990000000000002
3457,0.1365
3458,0.1471
3459,0.09970000000000001
3460,0.0849
3461,0.5297
3462,0.6275
3463,0.151
3464,0.1515
3465,0.9437000000000001
3466,0.8865000000000001
3467,0.7373999999999999
3468,0.6585
3469,0.7206
3470,1.1405
3471,0.18280000000000002
3472,0.609
3473,0.7165
3474,0.5177
3475,0.0875
3476,0.09140000000000001
3477,0.187
3478,0.1519
3479,0.1144
3480,0.1452
3481,0.1267
3482,0.2398
3483,0.106
3484,0.1466
3485,0.3522
3486,0.5979
3487,0.7728
3488,0.9512999999999999
3489,0.2491
3490,0.2904
3491,0.25980000000000003
3492,0.2859
3493,0.6783
3494,0.8210999999999999
3495,0.8044
3496,0.8533
3497,0.2902
3498,0.8776999999999999
3499,0.2716
3500,0.7537999999999999
3501,1.0114
3502,0.624
3503,0.3945
3504,0.6542
3505,0.2394
3506,0.32799999999999996
3507,0.5227
3508,0.7829999999999999
3509,0.2756
3510,0.25670000000000004
3511,0.1449
3512,0.1551
3513,0.4071
3514,0.21969999999999998
3515,0.33490000000000003
3516,0.1121
3517,0.5713
3518,0.3436
3519,0.34909999999999997
3520,0.6209
3521,0.36560000000000004
3522,0.7040000000000001
3523,0.32299999999999995
3524,0.1718
3525,0.14550000000000002
3526,0.397
3527,0.6916
3528,0.5303
3529,0.3859
3530,0.528
3531,0.6683
3532,0.1294
3533,0.39149999999999996
3534,0.7426999999999999
3535,0.312
3536,0.2809
3537,0.6164000000000001
3538,0.6433
3539,0.1519
3540,0.23129999999999998
3541,0.1464
3542,0.17350000000000002
3543,0.27390000000000003
3544,0.8828
3545,0.2695
3546,0.47869999999999996
3547,0.3309
3548,0.7376999999999999
3549,0.2298
3550,0.5575
3551,0.3461
3552,0.4925
3553,0.8744
3554,0.6145
3555,0.258
3556,0.7766
3557,0.644
3558,0.8876000000000001
3559,0.4193
3560,0.1761
3561,0.0
3562,0.0
3563,0.2808
3564,0.3114
3565,0.165
3566,0.2395
3567,0.5085000000000001
3568,0.0426
3569,0.7564
3570,0.6881
3571,0.4129
3572,0.8826999999999999
3573,0.1866
3574,0.7818
3575,0.7188
3576,0.46340000000000003
3577,0.2404
3578,0.898
3579,0.1575
3580,0.19690000000000002
3581,0.24489999999999998
3582,0.34259999999999996
3583,0.7974
3584,0.48210000000000003
3585,0.6334000000000001
3586,0.787
3587,0.6420999999999999
3588,0.7434999999999999
3589,0.4072
3590,0.7533
3591,0.7664
3592,0.6473
3593,0.7704000000000001
3594,0.4558
3595,0.3436
3596,0.1429
3597,0.4799
3598,0.3818
3599,0.6631
3600,0.5446
3601,0.6556000000000001
3602,0.8047
3603,0.7829999999999999
3604,0.7372
3605,0.42450000000000004
3606,0.1877
3607,0.15710000000000002
3608,0.2014
3609,0.1954
3610,0.2892
3611,0.29350000000000004
3612,0.0
3613,0.5483
3614,0.4122
3615,0.1957
3616,0.688
3617,1.0005
3618,0.46090000000000003
3619,0.5385
3620,0.4512
3621,0.7476
3622,0.6883
3623,0.2018
3624,0.45049999999999996
3625,0.35200000000000004
3626,0.5363
3627,0.5539000000000001
3628,0.47369999999999995
3629,0.3411
3630,0.5778
3631,0.4739
3632,0.1266
3633,0.3063
3634,0.3996
3635,0.1427
3636,0.27
3637,0.0378
3638,0.06860000000000001
3639,0.0377
3640,0.0475
3641,0.0325
3642,0.046900000000000004
3643,0.6151
3644,0.19899999999999998
3645,0.6236999999999999
3646,0.5007
3647,0.7709999999999999
3648,0.5203
3649,0.42340000000000005
3650,0.3845
3651,0.5097999999999999
3652,0.47240000000000004
3653,0.5528
3654,0.6325999999999999
3655,0.795
3656,0.7215
3657,0.4542
3658,0.4675
3659,0.2937
3660,0.6565000000000001
3661,0.6607
3662,0.4966
3663,0.5145000000000001
3664,0.7006999999999999
3665,0.6017
3666,0.5915
3667,0.7818
3668,0.6625
3669,0.6319
3670,0.3544
3671,0.2828
3672,0.1547
3673,0.3143
3674,0.024900000000000002
3675,0.09300000000000001
3676,0.1818
3677,0.2048
3678,0.1643
3679,0.5243
3680,0.6568999999999999
3681,0.5874
3682,0.5878
3683,0.0191
3684,0.021
3685,0.0054
3686,0.18170000000000003
3687,0.4305
3688,0.21559999999999999
3689,0.43689999999999996
3690,0.3406
3691,0.42340000000000005
3692,0.45630000000000004
3693,0.40259999999999996
3694,0.0252
3695,0.0043
3696,0.3009
3697,0.2646
3698,0.33909999999999996
3699,0.573
3700,0.48109999999999997
3701,0.6856
3702,0.6714
3703,0.5519
3704,0.773
3705,0.11560000000000001
3706,0.1655
3707,0.3178
3708,0.5135000000000001
3709,0.4082
3710,0.5802
3711,0.4407
3712,0.812
3713,0.21230000000000002
3714,0.3295
3715,0.8747
3716,0.948
3717,0.7864
3718,0.6289
3719,0.9179
3720,0.9039
3721,0.0
3722,0.0
3723,0.08929999999999999
3724,0.1471
3725,0.1422
3726,0.2066
3727,0.2112
3728,0.2978
3729,0.20980000000000001
3730,0.5927
3731,0.47590000000000005
3732,0.4965
3733,0.5195000000000001
3734,0.4068
3735,0.1998
3736,0.4068
3737,0.3761
3738,0.6598
3739,0.6916
3740,0.2917
3741,0.2589
3742,0.1809
3743,0.5008
3744,0.7936
3745,0.3505
3746,0.4374
3747,0.4006
3748,0.2721
3749,0.5507
3750,0.6631999999999999
3751,0.6589
3752,0.058499999999999996
3753,0.32539999999999997
3754,0.6920999999999999
3755,0.804
3756,0.5118
3757,0.7593000000000001
3758,0.6247
3759,0.696
3760,0.3207
3761,0.49369999999999997
3762,0.875
3763,0.9665
3764,0.4631
3765,0.3881
3766,0.32270000000000004
3767,0.0
3768,0.0
3769,0.8248000000000001
3770,0.4415
3771,0.7526
3772,0.8144
3773,0.3829
3774,0.9621999999999999
3775,0.2655
3776,0.9172
3777,0.418
3778,0.6679999999999999
3779,1.2956999999999999
3780,0.2992
3781,0.5175
3782,0.8337
3783,0.6202000000000001
3784,0.1602
3785,0.48960000000000004
3786,0.5743
3787,0.7425
3788,0.4581
3789,0.2793
3790,0.7389
3791,0.1805
3792,0.6979000000000001
3793,0.7829999999999999
3794,0.8512000000000001
3795,1.0004
3796,0.6567000000000001
3797,0.6138
3798,0.5399
3799,0.6942
3800,0.3799
3801,0.6675
3802,0.6501
3803,0.39270000000000005
3804,0.8273
3805,0.6969
3806,0.4825
3807,0.3154
3808,0.7390000000000001
3809,0.5798
3810,0.29760000000000003
3811,0.39409999999999995
3812,0.4432
3813,0.6697
3814,0.5533
3815,0.6937000000000001
3816,0.4543
3817,0.5432
3818,0.45880000000000004
3819,0.18989999999999999
3820,0.2328
3821,0.48
3822,0.634
3823,0.6001
3824,0.8162999999999999
3825,0.7537999999999999
3826,0.4947
3827,1.0325
3828,0.7529
3829,0.4559
3830,0.6308
3831,0.535
3832,0.6138
3833,0.6884
3834,0.3809
3835,0.3386
3836,0.20489999999999997
3837,0.5568
3838,0.6408
3839,0.1603
3840,0.8297
3841,0.2368
3842,0.5438000000000001
3843,0.5697
3844,0.696
3845,0.3136
3846,0.3494
3847,0.0
3848,0.2297
3849,0.141
3850,0.0
3851,0.34090000000000004
3852,0.3685
3853,0.2127
3854,0.1709
3855,0.1548
3856,0.7252
3857,0.6018
3858,0.9484
3859,0.6065
3860,0.893
3861,0.5871
3862,0.6357
3863,0.0
3864,0.6074
3865,0.26
3866,0.1477
3867,0.1979
3868,0.27949999999999997
3869,0.1663
3870,0.1818
3871,0.0851
3872,0.38049999999999995
3873,0.1714
3874,0.3014
3875,0.3689
3876,0.2627
3877,0.1213
3878,0.1784
3879,0.061799999999999994
3880,0.6978
3881,0.1265
3882,0.0915
3883,0.152
3884,0.10640000000000001
3885,0.11869999999999999
3886,0.13849999999999998
3887,0.31629999999999997
3888,0.4012
3889,0.6509999999999999
3890,0.6406999999999999
3891,0.6663
3892,0.4425
3893,0.3531
3894,0.41609999999999997
3895,0.6645
3896,0.0785
3897,0.0356
3898,0.0704
3899,0.0834
3900,0.0717
3901,0.0313
3902,0.06559999999999999
3903,0.0301
3904,0.0337
3905,0.04769999999999999
3906,0.105
3907,0.056299999999999996
3908,0.4986
3909,0.159
3910,0.1585
3911,0.1524
3912,0.2384
3913,0.0833
3914,0.07780000000000001
3915,0.0733
3916,0.095
3917,0.0
3918,0.0
3919,0.46049999999999996
3920,0.41960000000000003
3921,0.5261
3922,0.8495999999999999
3923,0.3029
3924,0.42460000000000003
3925,0.5715
3926,0.2724
3927,0.308
3928,0.28859999999999997
3929,0.5089
3930,0.6973
3931,0.5418
3932,0.1604
3933,0.7368000000000001
3934,0.6021
3935,0.6457999999999999
3936,0.4575
3937,0.48950000000000005
3938,0.425
3939,0.42869999999999997
3940,0.6812999999999999
3941,0.4717
3942,0.501
3943,0.45640000000000003
3944,0.5820000000000001
3945,0.6570999999999999
3946,0.5739
3947,0.7117
3948,0.5203
3949,0.3553
3950,0.3567
3951,0.6759000000000001
3952,0.342
3953,0.3519
3954,0.342
3955,0.9179999999999999
3956,0.6548
3957,0.7415
3958,0.7351000000000001
3959,0.5097999999999999
3960,0.9155
3961,0.4816
3962,0.7794
3963,0.7820999999999999
3964,0.7426
3965,0.6659
3966,0.2647
3967,0.8029999999999999
3968,0.8756999999999999
3969,0.34990000000000004
3970,0.6670999999999999
3971,0.5739
3972,0.6415000000000001
3973,0.9508
3974,0.8033
3975,0.6022
3976,0.2944
3977,0.5235
3978,0.49950000000000006
3979,0.4188
3980,0.6679
3981,0.40740000000000004
3982,0.6586
3983,0.5906
3984,0.7687999999999999
3985,0.9669
3986,0.9887
3987,0.48979999999999996
3988,0.698
3989,0.5640999999999999
3990,1.0244
3991,0.9551000000000001
3992,0.43320000000000003
3993,0.6909000000000001
3994,0.8139
3995,0.4578
3996,0.4425
3997,0.3589
3998,0.4903
3999,0.5146999999999999
4000,0.1886
4001,0.3182
4002,0.5917
4003,0.3566
4004,0.4813
4005,0.5842
4006,0.6295000000000001
4007,0.3625
4008,0.7807999999999999
4009,0.9811
4010,0.7906
4011,0.4353
4012,0.1689
4013,0.9681000000000001
4014,0.5818
4015,0.1883
4016,0.38060000000000005
4017,0.8159000000000001
4018,0.6442
4019,0.047400000000000005
4020,0.3873
4021,0.4097
4022,0.4389
4023,0.2991
4024,0.3803
4025,0.7797
4026,0.6681
4027,0.5115999999999999
4028,0.6342
4029,0.7359
4030,0.41240000000000004
4031,0.3435
4032,0.4524
4033,0.6909000000000001
4034,0.0981
4035,0.6799
4036,0.8251000000000001
4037,0.6873
4038,0.39549999999999996
4039,0.4339
4040,0.6386999999999999
4041,0.9987999999999999
4042,0.7481
4043,0.5858
4044,0.5445
4045,0.5097999999999999
4046,0.2104
4047,0.3651
4048,0.0
4049,0.2132
4050,0.1215
4051,0.2914
4052,0.17679999999999998
4053,0.7381
4054,0.413
4055,0.24059999999999998
4056,0.27699999999999997
4057,0.6740999999999999
4058,0.0
4059,0.2511
4060,0.6937000000000001
4061,0.6478
4062,0.4449
4063,0.5357
4064,0.284
4065,0.5608
4066,0.2334
4067,0.7389
4068,0.42450000000000004
4069,0.8884000000000001
4070,0.0
4071,0.4174
4072,0.7106
4073,0.5554
4074,0.2528
4075,0.5407
4076,0.3643
4077,0.3317
4078,0.7434999999999999
4079,0.47659999999999997
4080,0.5406
4081,0.7387999999999999
4082,0.016399999999999998
4083,0.09970000000000001
4084,0.2783
4085,0.6617000000000001
4086,0.37810000000000005
4087,0.16579999999999998
4088,0.41590000000000005
4089,0.2443
4090,0.4692
4091,0.3754
4092,0.7548999999999999
4093,0.4484
4094,0.5434
4095,0.7387
4096,0.1593
4097,0.4325
4098,0.6045
4099,0.6551
4100,0.5577000000000001
4101,0.461
4102,0.8462000000000001
4103,0.7805
4104,0.633
4105,0.4215
4106,0.8532
4107,0.35109999999999997
4108,0.2982
4109,0.1509
4110,0.4017
4111,0.5145000000000001
4112,0.8468000000000001
4113,0.7354
4114,0.8094
4115,0.8062999999999999
4116,0.4215
4117,0.4434
4118,0.2407
4119,0.3321
4120,0.7456
4121,0.48090000000000005
4122,0.3044
4123,0.8173
4124,0.5129
4125,0.4028
4126,0.24559999999999998
4127,0.4526
4128,0.6198
4129,0.4603
4130,0.6011
4131,0.43079999999999996
4132,0.5891
4133,0.5402
4134,0.2202
4135,0.6787000000000001
4136,0.4919
4137,0.3348
4138,0.31370000000000003
4139,0.5023
4140,0.43450000000000005
4141,0.5162
4142,0.4274
4143,0.7966
4144,0.5711999999999999
4145,0.5982999999999999
4146,0.3517
4147,0.4296
4148,0.48960000000000004
4149,0.514
4150,0.44420000000000004
4151,0.5907
4152,0.3774
4153,0.4391
4154,0.1906
4155,0.4546
4156,0.5642
4157,0.2238
4158,0.2365
4159,0.644
4160,0.1957
4161,0.2022
4162,0.6517000000000001
4163,0.7692
4164,0.5926
4165,0.106
4166,0.1963
4167,0.47740000000000005
4168,0.6701
4169,0.6756
4170,0.33390000000000003
4171,0.4706
4172,0.188
4173,0.556
4174,0.18239999999999998
4175,0.6962
4176,0.7284999999999999
4177,0.294
4178,0.4401
4179,0.8903
4180,0.6539
4181,0.42119999999999996
4182,0.8057
4183,0.6908
4184,0.5917
4185,0.7014
4186,0.8937
4187,0.5884
4188,0.25079999999999997
4189,0.6042000000000001
4190,0.5413
4191,0.8412999999999999
4192,0.6696
4193,0.15439999999999998
4194,0.9443
4195,0.4131
4196,0.5756
4197,0.6548999999999999
4198,0.6687000000000001
4199,0.8537
4200,0.7454000000000001
4201,0.10279999999999999
4202,0.2316
4203,0.30829999999999996
4204,0.4631
4205,0.8843000000000001
4206,0.7778
4207,0.8220000000000001
4208,0.9470000000000001
4209,0.47850000000000004
4210,0.777
4211,0.33380000000000004
4212,0.6291
4213,0.6317
4214,0.7763
4215,0.7828
4216,0.2102
4217,0.2529
4218,0.2064
4219,0.3307
4220,0.5411
4221,0.8195999999999999
4222,0.4131
4223,0.3483
4224,0.4645
4225,0.2396
4226,0.5545
4227,0.1812
4228,0.6801
4229,0.4364
4230,0.6865000000000001
4231,0.1844
4232,1.0042
4233,0.7340000000000001
4234,0.2183
4235,0.4587
4236,0.4393
4237,0.1787
4238,0.5976
4239,0.3408
4240,0.6901999999999999
4241,0.6067
4242,0.8465
4243,0.3182
4244,0.7070000000000001
4245,0.5143
4246,0.3661
4247,0.5558
4248,0.8295
4249,0.5896
4250,0.44799999999999995
4251,0.6291
4252,0.2695
4253,0.418
4254,0.2489
4255,0.3705
4256,0.3829
4257,0.6453
4258,0.38520000000000004
4259,0.2812
4260,0.17120000000000002
4261,0.030699999999999998
4262,0.3686
4263,0.8755
4264,0.1641
4265,0.3775
4266,0.2108
4267,0.2652
4268,0.0646
4269,0.5766
4270,0.059500000000000004
4271,0.3996
4272,0.2572
4273,0.5313
4274,0.8327
4275,0.6723
4276,0.449
4277,0.34490000000000004
4278,0.24739999999999998
4279,0.12869999999999998
4280,1.0923
4281,0.5427000000000001
4282,0.6456999999999999
4283,0.7006
4284,0.9379000000000001
4285,0.3735
4286,0.4039
4287,0.3243
4288,0.6143
4289,0.22089999999999999
4290,0.48340000000000005
4291,0.6598999999999999
4292,0.6836
4293,0.6302
4294,0.21969999999999998
4295,0.5902000000000001
4296,0.8022
4297,0.7909
4298,0.3196
4299,0.4153
4300,0.4888
4301,0.11109999999999999
4302,0.4587
4303,0.1997
4304,0.789
4305,0.1219
4306,0.6708
4307,0.5124
4308,0.5856
4309,0.5167
4310,0.6975
4311,0.569
4312,0.5178
4313,0.6909000000000001
4314,0.3893
4315,0.4403
4316,0.3845
4317,0.621
4318,0.5966
4319,0.6897
4320,0.7424
4321,0.1942
4322,0.7112
4323,0.1042
4324,0.7663
4325,0.2443
4326,0.2557
4327,0.8088
4328,0.86
4329,0.2349
4330,0.5283
4331,0.7229000000000001
4332,1.1845999999999999
4333,0.9798
4334,0.9925
4335,0.8165
4336,0.5936
4337,0.7299
4338,0.6043999999999999
4339,0.9015000000000001
4340,0.4914
4341,0.38270000000000004
4342,0.5507
4343,0.7806000000000001
4344,0.8675
4345,0.8336
4346,0.9356
4347,0.6164000000000001
4348,0.38409999999999994
4349,0.301
4350,0.6246
4351,0.37770000000000004
4352,0.5689
4353,0.4094
4354,0.7292000000000001
4355,0.29969999999999997
4356,0.7432
4357,0.8194
4358,0.46020000000000005
4359,0.7643000000000001
4360,0.0
4361,0.0
4362,0.6786
4363,0.22039999999999998
4364,0.4436
4365,0.7547
4366,0.6273
4367,0.2024
4368,0.1173
4369,0.1479
4370,0.13720000000000002
4371,0.1912
4372,0.4631
4373,0.7558
4374,0.7081999999999999
4375,0.0326
4376,0.0737
4377,0.7349
4378,0.6983
4379,0.6354
4380,0.45030000000000003
4381,0.8449
4382,0.5448
4383,0.8981999999999999
4384,0.5683
4385,0.1583
4386,0.5932
4387,0.6541
4388,0.7081000000000001
4389,0.6835
4390,0.5219
4391,0.5794
4392,0.7243999999999999
4393,0.5535
4394,0.6862
4395,0.1391
4396,0.1153
4397,0.0594
4398,0.3144
4399,0.2857
4400,0.6187
4401,0.4575
4402,0.6784
4403,0.0048
4404,0.2643
4405,0.0397
4406,0.2605
4407,0.4987
4408,0.7118000000000001
4409,0.9828
4410,0.23170000000000002
4411,0.1417
4412,0.2953
4413,0.45880000000000004
4414,0.7103
4415,0.547
4416,0.23149999999999998
4417,0.3309
4418,0.6359
4419,0.083
4420,0.16620000000000001
4421,0.0801
4422,0.55
4423,0.0273
4424,0.08349999999999999
4425,0.0669
4426,0.0812
4427,0.9673999999999999
4428,0.5245000000000001
4429,0.6358
4430,0.4379
4431,0.0
4432,0.0
4433,0.3632
4434,0.1634
4435,0.5334
4436,0.5231
4437,0.1419
4438,0.0
4439,0.4036
4440,0.1928
4441,0.17579999999999998
4442,0.2631
4443,0.0007000000000000001
4444,0.17800000000000002
4445,0.457
4446,0.34729999999999994
4447,0.2814
4448,0.0959
4449,0.0138
4450,0.5787
4451,0.7883
4452,0.3566
4453,0.6033
4454,0.20440000000000003
4455,0.6897
4456,0.32549999999999996
4457,0.2341
4458,0.4288
4459,0.9749
4460,0.3934
4461,0.7061
4462,0.4014
4463,0.6072
4464,0.6396999999999999
4465,0.0761
4466,0.955
4467,0.7878000000000001
4468,0.1114
4469,0.5056
4470,0.4093
4471,0.8305
4472,0.6485
4473,0.5710999999999999
4474,0.5975
4475,0.2195
4476,0.1308
4477,0.40049999999999997
4478,0.2901
4479,0.2625
4480,0.8448
4481,0.5387
4482,0.5901
4483,0.6531
4484,0.7533
4485,0.4261
4486,0.16469999999999999
4487,0.7585
4488,0.3433
4489,0.6892
4490,0.7933
4491,0.561
4492,0.32049999999999995
4493,0.20149999999999998
4494,0.4296
4495,0.7212999999999999
4496,0.2032
4497,0.6395000000000001
4498,0.5038
4499,0.4625
4500,0.3951
4501,0.2803
4502,0.6364
4503,0.4551
4504,0.8740000000000001
4505,0.46649999999999997
4506,0.8931999999999999
4507,0.9233
4508,0.5468
4509,0.0352
4510,0.0902
4511,0.061
4512,0.04650000000000001
4513,0.25429999999999997
4514,0.8970999999999999
4515,0.0639
4516,0.0172
4517,0.3932
4518,0.7177
4519,0.0383
4520,0.48810000000000003
4521,0.3077
4522,0.0
4523,0.8146
4524,0.6258
4525,0.2953
4526,0.6381
4527,0.6573
4528,0.31989999999999996
4529,0.311
4530,0.6057
4531,0.5334
4532,0.2663
4533,0.5844
4534,0.8412999999999999
4535,0.382
4536,0.35850000000000004
4537,0.6733
4538,0.5763
4539,0.41869999999999996
4540,0.6262
4541,0.621
4542,0.8554999999999999
4543,0.7595999999999999
4544,0.8417
4545,0.9320999999999999
4546,0.6758
4547,0.9051
4548,0.5238
4549,0.5942000000000001
4550,0.2022
4551,0.49920000000000003
4552,0.5006
4553,0.7398
4554,0.6375
4555,0.3114
4556,0.2475
4557,0.3367
4558,0.2611
4559,0.29469999999999996
4560,0.7501000000000001
4561,0.42090000000000005
4562,0.6725
4563,0.3979
4564,0.4354
4565,0.33880000000000005
4566,0.0
4567,0.056299999999999996
4568,0.1609
4569,0.218
4570,0.4779
4571,0.8059999999999999
4572,0.445
4573,0.31170000000000003
4574,0.3072
4575,0.12390000000000001
4576,0.8592
4577,0.3858
4578,0.6159
4579,0.1594
4580,0.857
4581,0.34450000000000003
4582,0.3029
4583,0.4458
4584,0.47450000000000003
4585,0.2369
4586,0.7116
4587,0.6568999999999999
4588,0.3994
4589,0.3688
4590,0.1231
4591,0.08109999999999999
4592,0.5053
4593,0.5692
4594,0.5162
4595,0.8994
4596,0.36450000000000005
4597,0.203
4598,0.0004
4599,0.6175999999999999
4600,0.3615
4601,0.289
4602,0.7879999999999999
4603,0.402
4604,0.7288
4605,0.6128
4606,0.5932999999999999
4607,0.563
4608,0.1784
4609,0.3166
4610,0.0
4611,0.0
4612,0.6277
4613,0.0
4614,0.66
4615,0.2849
4616,0.2581
4617,0.6161
4618,0.5806
4619,0.7116
4620,0.8417
4621,0.7733
4622,0.68
4623,0.46990000000000004
4624,0.5407
4625,0.92
4626,0.6901
4627,0.4282
4628,0.5124
4629,0.1465
4630,0.7931999999999999
4631,0.37060000000000004
4632,0.6214
4633,0.7090000000000001
4634,0.7484000000000001
4635,0.1653
4636,0.6035
4637,0.426
4638,0.2551
4639,0.4465
4640,0.6762999999999999
4641,0.4163
4642,0.316
4643,0.3057
4644,0.5834
4645,0.6233
4646,0.1953
4647,0.6738
4648,0.7293999999999999
4649,0.0
4650,0.1796
4651,0.1419
4652,0.21719999999999998
4653,0.2341
4654,0.1376
4655,0.209
4656,0.24850000000000003
4657,0.2007
4658,0.4817
4659,0.6401
4660,0.5764
4661,0.9204000000000001
4662,0.7570999999999999
4663,0.4131
4664,0.361
4665,0.4208
4666,0.5281
4667,0.39659999999999995
4668,0.4928
4669,0.6457999999999999
4670,0.4743
4671,0.5015999999999999
4672,1.0761
4673,0.8329000000000001
4674,0.6418
4675,0.8974
4676,0.20600000000000002
4677,0.4604
4678,0.2146
4679,0.4411
4680,0.1559
4681,0.2921
4682,0.1491
4683,0.19440000000000002
4684,0.1591
4685,0.29710000000000003
4686,0.35609999999999997
4687,0.8694
4688,0.8044
4689,0.5678
4690,0.4267
4691,0.4411
4692,0.8181
4693,0.9173
4694,0.8561
4695,0.835
4696,0.2813
4697,0.3831
4698,0.8732
4699,0.09300000000000001
4700,0.5379999999999999
4701,0.6163000000000001
4702,0.447
4703,0.0617
4704,0.616
4705,0.3178
4706,0.2983
4707,0.45549999999999996
4708,0.6868000000000001
4709,0.4876
4710,0.35090000000000005
4711,0.5333
4712,0.5357
4713,0.5256000000000001
4714,0.8573999999999999
4715,0.4671
4716,0.7574
4717,0.5719
4718,0.5315
4719,0.3061
4720,0.4293
4721,0.8974
4722,0.0
4723,0.0
4724,0.0
4725,0.48829999999999996
4726,0.2615
4727,0.3411
4728,0.1675
4729,0.2766
4730,0.2761
4731,0.2712
4732,0.5882000000000001
4733,0.52
4734,0.6548999999999999
4735,0.41
4736,0.4904
4737,0.3057
4738,0.7835
4739,0.1447
4740,0.0956
4741,0.47369999999999995
4742,0.1067
4743,0.8123
4744,0.2612
4745,0.3475
4746,0.3
4747,0.4473
4748,0.24670000000000003
4749,0.6548
4750,0.7639
4751,0.9449
4752,0.4993
4753,0.3122
4754,0.4139
4755,0.7558
4756,0.3578
4757,0.4232
4758,0.7565000000000001
4759,0.5716
4760,0.0134
4761,0.0176
4762,0.1013
4763,0.0956
4764,0.7226
4765,0.6727
4766,0.8495
4767,0.2928
4768,0.2469
4769,0.6165999999999999
4770,0.6783
4771,0.40549999999999997
4772,0.2378
4773,0.6919
4774,0.5071
4775,0.138
4776,0.1837
4777,0.2536
4778,0.228
4779,0.1012
4780,0.2323
4781,0.575
4782,0.5743
4783,0.7106
4784,0.0473
4785,0.2643
4786,0.5264
4787,0.4257
4788,0.6784
4789,0.7263
4790,0.2382
4791,0.5834
4792,0.4036
4793,0.5099
4794,0.5615
4795,0.5727
4796,0.5328
4797,0.5335
4798,0.6606000000000001
4799,0.3129
4800,0.10369999999999999
4801,0.47619999999999996
4802,0.8203
4803,0.8382
4804,0.034
4805,0.035699999999999996
4806,0.045700000000000005
4807,0.0623
4808,0.0594
4809,0.048
4810,0.2345
4811,0.2987
4812,0.2555
4813,0.2108
4814,0.2669
4815,0.3257
4816,0.2523
4817,0.332
4818,0.9895
4819,0.40950000000000003
4820,0.9238
4821,0.8531
4822,0.691
4823,0.7857
4824,0.8654999999999999
4825,1.0023
4826,0.4057
4827,0.6526000000000001
4828,0.8681
4829,0.22260000000000002
4830,0.9212
4831,0.4324
4832,0.22920000000000001
4833,0.16579999999999998
4834,0.3732
4835,0.2384
4836,0.2143
4837,0.1793
4838,0.24539999999999998
4839,0.2529
4840,0.2173
4841,0.1059
4842,0.6884
4843,0.5374
4844,0.5299
4845,0.5995
4846,0.5367999999999999
4847,0.5064
4848,0.6609
4849,0.4832
4850,0.465
4851,0.1953
4852,0.3379
4853,0.35700000000000004
4854,0.2146
4855,0.4451
4856,0.5837
4857,0.6198
4858,0.7465999999999999
4859,0.05
4860,0.0229
4861,0.1375
4862,0.2899
4863,0.4742
4864,0.5887
4865,0.5069
4866,0.1893
4867,0.5412
4868,0.3196
4869,0.2521
4870,0.2483
4871,0.0625
4872,0.6714
4873,0.8251999999999999
4874,0.5539000000000001
4875,0.1703
4876,0.5796
4877,0.47229999999999994
4878,0.4623
4879,0.3336
4880,0.2324
4881,0.2137
4882,0.503
4883,0.24670000000000003
4884,0.2511
4885,0.2536
4886,0.22690000000000002
4887,0.2087
4888,0.2341
4889,0.23879999999999998
4890,0.2022
4891,0.19399999999999998
4892,0.193
4893,0.1938
4894,0.5309
4895,0.39049999999999996
4896,0.8876000000000001
4897,0.36369999999999997
4898,0.0875
4899,0.6520999999999999
4900,0.6048
4901,0.7573000000000001
4902,0.35950000000000004
4903,0.7486
4904,0.6
4905,0.9091
4906,0.5982
4907,0.5788
4908,0.504
4909,0.5435
4910,0.2299
4911,0.0002
4912,0.3161
4913,0.2328
4914,0.6876000000000001
4915,0.4637
4916,0.0
4917,0.5700999999999999
4918,0.34979999999999994
4919,0.5119
4920,0.4108
4921,0.2773
4922,0.1917
4923,0.34869999999999995
4924,0.4899
4925,0.1775
4926,0.3655
4927,0.4576
4928,0.3233
4929,0.5599000000000001
4930,0.5539999999999999
4931,0.8223999999999999
4932,0.5212
4933,0.2746
4934,0.423
4935,0.1769
4936,0.6157
4937,0.35090000000000005
4938,0.6024
4939,0.6164000000000001
4940,0.6556000000000001
4941,0.3791
4942,0.1503
4943,0.315
4944,0.7990999999999999
4945,0.7895
4946,0.37560000000000004
4947,0.3693
4948,0.34729999999999994
4949,0.7392
4950,0.4539
4951,0.428
4952,0.7909999999999999
4953,0.8201999999999999
4954,0.2434
4955,0.0
4956,0.2206
4957,0.6271
4958,0.22940000000000002
4959,0.3187
4960,0.4188
4961,0.5706
4962,0.1354
4963,0.0181
4964,0.49200000000000005
4965,0.6104999999999999
4966,0.5181
4967,0.3943
4968,0.4435
4969,0.657
4970,0.40020000000000006
4971,0.5325
4972,0.3502
4973,0.6164999999999999
4974,0.855
4975,0.6744
4976,0.7866
4977,0.5143
4978,0.7929
4979,0.4978
4980,0.7945
4981,1.0421
4982,0.6526000000000001
4983,0.8340000000000001
4984,0.5135000000000001
4985,0.705
4986,0.36219999999999997
4987,0.2787
4988,0.5847
4989,0.8643000000000001
4990,0.315
4991,0.5014
4992,0.9763
4993,0.5019
4994,0.020499999999999997
4995,0.161
4996,0.2369
4997,0.7054
4998,0.1057
4999,0.38939999999999997
5000,0.3126
5001,0.6322
5002,0.0407
5003,0.5777
5004,0.3171
5005,0.22089999999999999
5006,0.5527000000000001
5007,0.1371
5008,0.4704
5009,0.322
5010,0.8765000000000001
5011,0.6562
5012,0.1182
5013,0.1703
5014,0.0453
5015,0.1418
5016,0.1941
5017,0.4299
5018,0.8089
5019,0.7598
5020,0.6931999999999999
5021,0.5859000000000001
5022,0.9133
5023,0.8884000000000001
5024,0.5905
5025,0.7043
5026,0.4105
5027,0.3507
5028,0.4865
5029,0.3206
5030,0.7073999999999999
5031,0.4976
5032,0.8305
5033,0.0359
5034,0.6264
5035,0.1386
5036,0.37770000000000004
5037,0.4163
5038,0.2354
5039,0.166
5040,0.2798
5041,0.2733
5042,0.3975
5043,0.7162999999999999
5044,0.4587
5045,0.4953
5046,0.5246999999999999
5047,0.44789999999999996
5048,0.2079
5049,0.2848
5050,0.35850000000000004
5051,0.4257
5052,0.2169
5053,0.5238
5054,0.7062
5055,0.3362
5056,0.3685
5057,0.519
5058,0.18789999999999998
5059,0.425
5060,0.295
5061,0.163
5062,0.5958
5063,0.4372
5064,0.1392
5065,0.09210000000000002
5066,0.4225
5067,0.1522
5068,0.2918
5069,0.1118
5070,0.2528
5071,0.2492
5072,0.12
5073,0.32130000000000003
5074,0.22190000000000001
5075,0.27940000000000004
5076,0.23809999999999998
5077,0.1607
5078,0.1391
5079,0.010700000000000001
5080,0.6123
5081,0.37549999999999994
5082,0.3208
5083,0.33299999999999996
5084,0.30870000000000003
5085,0.3503
5086,0.0849
5087,0.33380000000000004
5088,0.2256
5089,0.25670000000000004
5090,0.2834
5091,0.46270000000000006
5092,0.3862
5093,0.3118
5094,0.3017
5095,0.4207
5096,0.7746
5097,0.2575
5098,0.34159999999999996
5099,0.3063
5100,0.4752
5101,0.35200000000000004
5102,0.4233
5103,0.0409
5104,0.009000000000000001
5105,0.3394
5106,0.18420000000000003
5107,0.11800000000000001
5108,0.11869999999999999
5109,0.0
5110,1.0387
5111,0.12119999999999999
5112,0.5498
5113,0.5672999999999999
5114,0.7437
5115,0.4341
5116,0.1862
5117,0.93
5118,0.49079999999999996
5119,0.022799999999999997
5120,0.6979000000000001
5121,0.2868
5122,0.3849
5123,0.0
5124,0.2555
5125,0.6383
5126,0.09050000000000001
5127,0.3697
5128,0.5374
5129,0.8454
5130,0.1209
5131,0.12179999999999999
5132,0.2565
5133,0.43170000000000003
5134,0.2368
5135,0.5505
5136,0.38049999999999995
5137,0.2004
5138,0.5091
5139,0.7041
5140,0.6214999999999999
5141,0.5699000000000001
5142,0.4677
5143,0.8133
5144,0.8123999999999999
5145,0.7748
5146,0.1962
5147,0.11560000000000001
5148,0.46649999999999997
5149,0.2159
5150,0.3862
5151,0.3281
5152,0.4078
5153,0.5878
5154,0.34409999999999996
5155,0.46990000000000004
5156,0.4621
5157,0.5006
5158,0.24170000000000003
5159,0.6836
5160,0.2309
5161,0.0341
5162,0.0508
5163,0.3071
5164,0.34600000000000003
5165,0.7189
5166,0.4542
5167,0.6294
5168,0.6361
5169,0.4586
5170,0.5893999999999999
5171,0.2741
5172,0.5961
5173,0.7293000000000001
5174,0.6662
5175,0.6372
5176,0.7803
5177,0.35450000000000004
5178,0.7143999999999999
5179,0.8053
5180,0.7001999999999999
5181,0.44270000000000004
5182,0.0552
5183,0.8367
5184,0.6495000000000001
5185,0.6153
5186,0.7315999999999999
5187,0.7252
5188,0.7619
5189,0.8843000000000001
5190,0.4585
5191,0.4029
5192,0.6146
5193,0.2541
5194,0.056100000000000004
5195,0.15960000000000002
5196,0.47200000000000003
5197,0.1802
5198,0.3859
5199,0.2591
5200,0.7458
5201,0.6942
5202,0.5133
5203,0.4028
5204,0.1435
5205,0.3136
5206,0.5592
5207,0.8848999999999999
5208,0.7256
5209,0.2273
5210,0.3326
5211,0.34840000000000004
5212,0.4239
5213,0.4714
5214,0.0206
5215,0.7906
5216,0.3922
5217,0.185
5218,0.41009999999999996
5219,0.46159999999999995
5220,0.408
5221,0.3884
5222,0.3943
5223,0.3513
5224,0.4324
5225,0.4829
5226,0.45289999999999997
5227,0.3469
5228,0.5667
5229,0.6
5230,0.1631
5231,0.34369999999999995
5232,0.0
5233,0.1968
5234,1.0835
5235,1.2536
5236,0.3679
5237,0.36700000000000005
5238,0.662
5239,0.19690000000000002
5240,1.1659
5241,0.1059
5242,1.0521
5243,0.0917
5244,0.8088
5245,0.7131000000000001
5246,0.6425
5247,0.46399999999999997
5248,0.7602
5249,0.6496999999999999
5250,0.5287
5251,0.8558
5252,0.3795
5253,0.25420000000000004
5254,0.5046
5255,0.6812999999999999
5256,0.4426
5257,0.5366
5258,0.0
5259,0.32549999999999996
5260,0.16920000000000002
5261,0.16010000000000002
5262,0.3017
5263,0.1365
5264,0.1257
5265,0.0
5266,0.20379999999999998
5267,0.135
5268,0.1572
5269,0.18100000000000002
5270,0.1121
5271,0.0866
5272,0.15539999999999998
5273,0.32280000000000003
5274,0.28859999999999997
5275,0.2457
5276,0.4014
5277,0.1613
5278,0.2257
5279,0.1518
5280,0.3408
5281,0.1552
5282,0.2391
5283,0.0
5284,0.0747
5285,0.2867
5286,0.6154999999999999
5287,0.5167
5288,0.5257999999999999
5289,0.31670000000000004
5290,0.5176
5291,0.3392
5292,0.2046
5293,0.674
5294,0.8493999999999999
5295,0.8298000000000001
5296,0.4683
5297,0.7018000000000001
5298,0.1243
5299,0.5876
5300,0.059500000000000004
5301,0.094
5302,0.5129
5303,0.8763
5304,0.9427
5305,0.5713
5306,0.5813
5307,0.2529
5308,0.8423999999999999
5309,0.7787999999999999
5310,0.0757
5311,0.7746999999999999
5312,0.40990000000000004
5313,0.7717
5314,0.8098000000000001
5315,0.8928
5316,0.8665999999999999
5317,0.8026000000000001
5318,0.7746
5319,0.4679
5320,0.8210999999999999
5321,0.2601
5322,0.8149
5323,0.8573999999999999
5324,0.552
5325,0.7593000000000001
5326,0.9148999999999999
5327,0.8384
5328,0.9109
5329,0.5033
5330,0.0934
5331,0.44939999999999997
5332,0.9867
5333,0.0058
5334,0.5243
5335,0.7986
5336,0.7795000000000001
5337,0.5161
5338,0.8443
5339,0.2539
5340,0.8937999999999999
5341,0.4021
5342,0.36869999999999997
5343,0.4838
5344,0.6542
5345,0.7716
5346,0.21660000000000001
5347,0.3716
5348,0.6357
5349,0.7171
5350,0.9087999999999999
5351,0.8934000000000001
5352,0.6948000000000001
5353,1.0556999999999999
5354,0.9373
5355,0.6656
5356,0.8554
5357,0.7006
5358,1.0092
5359,0.8226
5360,1.0036
5361,0.5136
5362,0.9651000000000001
5363,1.0566
5364,1.0426
5365,0.08539999999999999
5366,0.6315999999999999
5367,0.1593
5368,0.41659999999999997
5369,0.9283
5370,0.46520000000000006
5371,0.9581999999999999
5372,0.8402
5373,0.0642
5374,0.0417
5375,0.4164
5376,0.7376
5377,0.0638
5378,0.8165
5379,0.7138
5380,0.371
5381,0.5344
5382,0.0981
5383,0.2732
5384,0.5578
5385,0.0647
5386,0.42560000000000003
5387,0.5515
5388,0.5205
5389,0.5821999999999999
5390,0.237
5391,0.5814
5392,0.4727
5393,0.5329999999999999
5394,0.4174
5395,0.3908
5396,0.5738
5397,0.5442
5398,0.8471
5399,0.46149999999999997
5400,0.5036999999999999
5401,0.8369
5402,0.5589
5403,0.7295999999999999
5404,0.1479
5405,0.5563
5406,0.7365
5407,0.5799
5408,0.3019
5409,0.406
5410,0.39759999999999995
5411,0.5742
5412,0.5117
5413,0.4911
5414,0.643
5415,0.1306
5416,0.0739
5417,0.2634
5418,0.3676
5419,0.2371
5420,0.2216
5421,0.5556
5422,0.5479999999999999
5423,0.405
5424,0.6429
5425,0.4071
5426,0.47369999999999995
5427,0.48350000000000004
5428,0.5461
5429,0.3439
5430,0.5227
5431,0.3097
5432,0.1681
5433,0.4664
5434,0.2481
5435,0.3602
5436,0.1877
5437,0.3193
5438,0.2515
5439,0.2572
5440,0.2359
5441,0.3556
5442,0.2451
5443,0.3166
5444,0.2925
5445,0.474
5446,0.8266
5447,0.5377000000000001
5448,0.4386
5449,0.0
5450,0.9651000000000001
5451,0.7042
5452,0.5075999999999999
5453,0.8369
5454,0.0962
5455,0.1017
5456,0.0003
5457,0.4985
5458,0.2184
5459,0.5034000000000001
5460,0.736
5461,0.08039999999999999
5462,0.6918000000000001
5463,0.7306
5464,0.5957
5465,0.4924
5466,0.1826
5467,0.4207
5468,0.6352
5469,0.0611
5470,0.2875
5471,0.4253
5472,0.5421
5473,0.5118
5474,0.5791
5475,0.11289999999999999
5476,0.204
5477,0.5577000000000001
5478,0.6513
5479,0.6811
5480,0.5582
5481,0.49200000000000005
5482,0.17010000000000003
5483,0.3761
5484,0.3713
5485,0.2025
5486,0.15839999999999999
5487,0.8648
5488,0.2939
5489,0.7674
5490,0.8025
5491,0.7434999999999999
5492,0.7284999999999999
5493,0.2004
5494,0.4078
5495,0.1628
5496,0.1668
5497,0.18469999999999998
5498,0.1623
5499,0.9531999999999999
5500,0.7424
5501,0.9536
5502,1.1031
5503,0.22579999999999997
5504,0.2116
5505,0.38520000000000004
5506,0.0
5507,0.6914
5508,0.7561
5509,0.2619
5510,0.0703
5511,0.2073
5512,0.4836
