Date,Consumption,Wind,Solar
2012/1/1,948.128,227.465,6.587
2012/1/2,1269.581,207.327,6.574
2012/1/3,1334.745,473.468,24.679
2012/1/4,1347.136,499.804,14.681
2012/1/5,1376.658,523.851,5.071
2012/1/6,1291.215,286.265,13.16
2012/1/7,1175.688,368.288,4.115
2012/1/8,1103.383,220.851,8.44
2012/1/9,1443.371,151.837,5.264
2012/1/10,1434.631,175.995,17.827
2012/1/11,1449.768,197.434,10.849
2012/1/12,1442.448,446.327,18.023
2012/1/13,1403.402,415.106,18.778
2012/1/14,1203.165,174.69,26.772
2012/1/15,1150.92,34.468,36.609
2012/1/16,1487.782,52.345,39.682
2012/1/17,1518.074,76.43,31.036
2012/1/18,1498.809,225.266,40.924
2012/1/19,1470.066,282.584,3.885
2012/1/20,1448.554,245.754,15.022
2012/1/21,1242.307,344.898,3.191
2012/1/22,1120.283,418.173,8.993
2012/1/23,1454.47,115.608,11.676
2012/1/24,1493.954,32.889,14.718
2012/1/25,1498.37,48.451,27.116
2012/1/26,1483.586,203.965,39.336
2012/1/27,1458.967,90.621,12.284
2012/1/28,1256.093,27.172,9.698
2012/1/29,1149.243,78.807,9.114
2012/1/30,1454.17,185.983,21.558
2012/1/31,1485.711,208.673,32.078
2012/2/1,1511.866,199.607,43.502
2012/2/2,1563.407,73.469,44.675
2012/2/3,1563.631,36.352,46.51
2012/2/4,1372.614,20.551,45.225
2012/2/5,1279.432,55.522,54.572
2012/2/6,1574.766,34.896,55.389
2012/2/7,1615.078,100.312,19.867
2012/2/8,1613.774,93.763,36.93
2012/2/9,1591.532,132.219,19.042
2012/2/10,1581.287,52.122,34.873
2012/2/11,1377.404,32.375,44.629
2012/2/12,1264.254,62.659,45.176
2012/2/13,1561.987,25.984,11.287
2012/2/14,1550.366,146.495,9.61
2012/2/15,1476.037,413.367,18.877
2012/2/16,1504.119,130.247,38.176
2012/2/17,1438.857,196.515,17.328
2012/2/18,1236.069,237.889,26.248
2012/2/19,1107.431,272.655,30.382
2012/2/20,1401.873,160.315,53.794
2012/2/21,1434.533,281.909,57.984
2012/2/22,1453.507,287.635,74.904
2012/2/23,1427.402,353.51,18.927
2012/2/24,1373.8,382.777,29.281
2012/2/25,1133.184,302.102,42.667
2012/2/26,1086.743,95.234,37.214
2012/2/27,1436.095,86.956,43.099
2012/2/28,1408.211,231.923,16.19
2012/2/29,1434.062,77.024,30.36
2012/3/1,1411.553,62.293,40.042
2012/3/2,1402.006,39.972,38.665
2012/3/3,1186.275,107.629,55.38
2012/3/4,1072.078,80.685,32.054
2012/3/5,1388.816,154.206,32.907
2012/3/6,1433.166,61.69,83.002
2012/3/7,1455.451,157.059,75.157
2012/3/8,1412.181,150.182,44.725
2012/3/9,1399.515,126.102,92.597
2012/3/10,1153.172,216.614,59.995
2012/3/11,1042.487,200.788,22.692
2012/3/12,1347.463,194.245,37.298
2012/3/13,1391.174,119.98,31.899
2012/3/14,1403.836,65.823,56.3
2012/3/15,1411.75,24.083,100.78
2012/3/16,1365.107,74.494,111.971
2012/3/17,1156.49,74.31,95.086
2012/3/18,1062.459,162.956,58.994
2012/3/19,1323.263,159.868,75.965
2012/3/20,1377.97,145.134,109.882
2012/3/21,1382.409,53.161,106.847
2012/3/22,1390.429,40.73,116.147
2012/3/23,1359.065,20.328,114.221
2012/3/24,1150.784,25.567,106.528
2012/3/25,1026.274,51.936,122.306
2012/3/26,1330.815,31.232,123.155
2012/3/27,1337.854,105.519,117.978
2012/3/28,1310.033,204.92,124.795
2012/3/29,1290.457,375.829,66.031
2012/3/30,1277.08,374.948,35.938
2012/3/31,1085.784,366.241,57.56
2012/4/1,1115.065,249.075,123.877
2012/4/2,1370.145,146.464,98.851
2012/4/3,1340.124,58.51,98.814
2012/4/4,1391.355,113.717,62.194
2012/4/5,1356.529,46.721,41.681
2012/4/6,1095.619,75.98,50.362
2012/4/7,1048.47,189.306,56.917
2012/4/8,927.223,59.544,93.379
2012/4/9,1030.772,208.754,57.225
2012/4/10,1349.738,198.653,87.841
2012/4/11,1398.856,51.131,54.584
2012/4/12,1288.302,20.678,86.319
2012/4/13,1292.923,26.534,87.459
2012/4/14,1222.985,36.079,88.042
2012/4/15,1166.63,149.303,54.789
2012/4/16,1419.061,164.217,70.576
2012/4/17,1414.206,121.871,123.51
2012/4/18,1440.052,124.69,87.082
2012/4/19,1418.122,92.252,112.086
2012/4/20,1393.302,42.379,91.006
2012/4/21,1214.49,92.366,99.61
2012/4/22,1063.047,89.137,87.018
2012/4/23,1310.91,93.296,106.431
2012/4/24,1320.723,74.549,67.324
2012/4/25,1361.395,154.065,111.891
2012/4/26,1427.093,246.672,97.57
2012/4/27,1400.451,94.387,118.984
2012/4/28,1176.568,120.519,139.732
2012/4/29,1029.079,146.995,85.825
2012/4/30,1149.575,107.085,132.319
2012/5/1,987.135,97.453,145.855
2012/5/2,1342.821,87.211,142.476
2012/5/3,1388.235,40.688,118.947
2012/5/4,1358.086,62.373,140.705
2012/5/5,1131.952,51.582,70.418
2012/5/6,1044.236,29.245,65.151
2012/5/7,1359.119,16.205,94.13
2012/5/8,1354.063,84.137,143.577
2012/5/9,1375.723,97.102,97.601
2012/5/10,1377.249,162.854,135.201
2012/5/11,1339.914,214.08,131.504
2012/5/12,1086.144,234.305,92.039
2012/5/13,1026.929,48.934,139.258
2012/5/14,1334.738,90.154,167.271
2012/5/15,1371.732,92.488,119.739
2012/5/16,1331.02,218.675,103.286
2012/5/17,1026.276,102.796,161.216
2012/5/18,1172.391,132.916,131.215
2012/5/19,1093.637,42.846,151.077
2012/5/20,1020.247,76.299,155.399
2012/5/21,1327.358,121.186,127.468
2012/5/22,1377.557,85.312,142.533
2012/5/23,1389.264,98.283,143.103
2012/5/24,1369.164,144.02,167.993
2012/5/25,1333.026,106.146,189.252
2012/5/26,1112.973,65.694,187.619
2012/5/27,960.155,23.349,138.597
2012/5/28,988.853,36.311,151.315
2012/5/29,1308.959,115.003,155.356
2012/5/30,1360.133,55.879,131.747
2012/5/31,1371.961,57.814,105.132
2012/6/1,1245.228,221.362,95.347
2012/6/2,1050.443,121.44,135.864
2012/6/3,1004.252,44.17,63.568
2012/6/4,1309.374,59.878,86.217
2012/6/5,1297.404,86.301,119
2012/6/6,1315.237,63.311,85.52
2012/6/7,1112.364,46.993,119.729
2012/6/8,1183.864,149.622,107.792
2012/6/9,1051.796,206.779,132.212
2012/6/10,984.376,59.018,113.54
2012/6/11,1326.483,21.939,111.819
2012/6/12,1343.234,36.683,103.699
2012/6/13,1326.28,60.34,94.355
2012/6/14,1336.51,17.666,125.229
2012/6/15,1319.754,70.26,131.695
2012/6/16,1104.877,107.732,130.567
2012/6/17,978.189,124.855,144.327
2012/6/18,1295.526,147.265,154.441
2012/6/19,1359.305,23.53,137.322
2012/6/20,1361.987,50.944,74.925
2012/6/21,1367.348,60.363,114.209
2012/6/22,1288.989,139.503,151.003
2012/6/23,1074.347,119.951,154.13
2012/6/24,966.313,194.586,118.912
2012/6/25,1239.681,282.34,117.876
2012/6/26,1280.592,173.629,133.302
2012/6/27,1355.332,46.729,118.711
2012/6/28,1352.232,44.803,148.484
2012/6/29,1328.236,62.862,143.348
2012/6/30,1109.917,41.056,161.58
2012/7/1,980.695,86.751,90.8
2012/7/2,1305.601,29.88,85.774
2012/7/3,1351.059,13.989,93.205
2012/7/4,1357.488,32.237,144.079
2012/7/5,1358.012,60.654,128.246
2012/7/6,1320.339,37.26,113.291
2012/7/7,1088.072,21.722,120.097
2012/7/8,979.263,102.489,129.69
2012/7/9,1277.879,184.585,132.026
2012/7/10,1335.8,63.672,138.975
2012/7/11,1308.424,119.022,114.564
2012/7/12,1270.422,158.374,115.136
2012/7/13,1279.65,80.134,80.366
2012/7/14,1044.088,154.526,111.911
2012/7/15,963.849,81.986,113.272
2012/7/16,1244.002,167.532,116.698
2012/7/17,1283.296,147.874,93.429
2012/7/18,1311.236,138.815,124.825
2012/7/19,1260.459,255.453,105.139
2012/7/20,1254.104,114.903,88.115
2012/7/21,1036.902,78.814,99.942
2012/7/22,955.195,29.08,142.052
2012/7/23,1264.464,61.45,183.983
2012/7/24,1298.041,53.431,175.347
2012/7/25,1315.315,25.314,137.746
2012/7/26,1324.677,30.718,157.008
2012/7/27,1315.591,48.153,159.008
2012/7/28,1068.831,66.337,89.817
2012/7/29,946.804,66.075,99.148
2012/7/30,1226.413,85.451,134.721
2012/7/31,1275.594,37.241,128.371
2012/8/1,1281.36,54.994,170.637
2012/8/2,1273.384,76.201,134.865
2012/8/3,1252.979,27.344,125.599
2012/8/4,1052.731,23.475,130.924
2012/8/5,970.34,19.899,115.923
2012/8/6,1218.308,120.776,86.424
2012/8/7,1195.361,186.065,97.645
2012/8/8,1232.55,73.492,128.004
2012/8/9,1251.813,45.277,125.946
2012/8/10,1220.577,47.461,122.653
2012/8/11,1027.19,34.149,133.25
2012/8/12,949.652,85.684,164.407
2012/8/13,1234.586,96.343,158.279
2012/8/14,1269.779,64.136,153.658
2012/8/15,1255.451,92.333,150.382
2012/8/16,1287.796,34.536,85.779
2012/8/17,1266.992,20.892,149.786
2012/8/18,1070.076,68.438,161.008
2012/8/19,992.062,57.993,158.447
2012/8/20,1322.886,66.484,136.485
2012/8/21,1367.368,20.659,127.859
2012/8/22,1314.675,143.3,128.809
2012/8/23,1314.028,61.385,144.194
2012/8/24,1306.214,30.648,63.245
2012/8/25,1072.07,115.102,103.898
2012/8/26,927.762,227.026,93.021
2012/8/27,1264.911,70.863,144.41
2012/8/28,1309.94,68.393,115.037
2012/8/29,1330.271,37.135,115.197
2012/8/30,1323.241,33.321,61.561
2012/8/31,1306.101,67.109,51.478
2012/9/1,1103.823,38.744,73.055
2012/9/2,1020.169,35.317,94.999
2012/9/3,1345.341,19.479,89.052
2012/9/4,1370.644,33.386,126.598
2012/9/5,1361.157,64.503,84.097
2012/9/6,1350.542,87.273,113.908
2012/9/7,1310.044,139.231,128.135
2012/9/8,1109.45,56.865,129.656
2012/9/9,1011.163,61.961,144.815
2012/9/10,1351.87,80.469,129.845
2012/9/11,1380.72,106.166,90.839
2012/9/12,1367.123,59.783,50.344
2012/9/13,1366.306,31.514,93.104
2012/9/14,1294.812,259.902,114.898
2012/9/15,1089.12,123.985,67.424
2012/9/16,1010.707,75.964,138.039
2012/9/17,1353.3,70.962,108.937
2012/9/18,1376.469,108.252,111.491
2012/9/19,1354.591,119.158,88.154
2012/9/20,1368.341,91.06,119.599
2012/9/21,1341.184,83.411,108.905
2012/9/22,1079.106,152.547,68.222
2012/9/23,1031.124,73.522,92.53
2012/9/24,1336.021,260.9,52.526
2012/9/25,1361.29,161.211,80.053
2012/9/26,1383.048,80.452,69.451
2012/9/27,1349.666,148.215,69.788
2012/9/28,1330.229,135.964,99.015
2012/9/29,1104.096,151.127,62.093
2012/9/30,1011.473,112.1,96.39
2012/10/1,1336.346,84.262,67.678
2012/10/2,1341.518,92.795,93.685
2012/10/3,1050.358,193.172,80.507
2012/10/4,1295.24,201.346,32.022
2012/10/5,1301.788,294.49,49.942
2012/10/6,1113.446,154.938,66.6
2012/10/7,1027.417,171.56,61.118
2012/10/8,1375.652,92.568,91.612
2012/10/9,1361.404,157.111,55.154
2012/10/10,1384.403,65.638,58.662
2012/10/11,1397.344,57.024,79.517
2012/10/12,1372.991,176.347,37.393
2012/10/13,1121.499,156.457,82.872
2012/10/14,1047.719,126.81,61.109
2012/10/15,1380.24,137.071,25.597
2012/10/16,1413.963,201.362,84.46
2012/10/17,1388.308,167.088,74.323
2012/10/18,1381.724,155.672,83.526
2012/10/19,1375.547,90.76,93.02
2012/10/20,1168.811,45.203,76.978
2012/10/21,1060.869,55.262,66.725
2012/10/22,1405.445,46.393,40.382
2012/10/23,1441.192,22.802,21.399
2012/10/24,1448.872,6.511,24.754
2012/10/25,1403.636,132.831,33.74
2012/10/26,1404.185,60.856,33.863
2012/10/27,1164.625,106.14,23.867
2012/10/28,1099.838,58.526,42.338
2012/10/29,1424.552,197.507,38.387
2012/10/30,1435.027,85.701,28.748
2012/10/31,1355.282,139.938,78.264
2012/11/1,1203.44,210.011,39.264
2012/11/2,1279.542,265.631,53.529
2012/11/3,1159.109,177.733,40.342
2012/11/4,1083.503,134.767,39.01
2012/11/5,1395.877,169.791,30.928
2012/11/6,1413.766,237.431,41.647
2012/11/7,1396.033,350.668,12.582
2012/11/8,1433.24,265.225,28.366
2012/11/9,1440.597,93.936,46.927
2012/11/10,1199.434,124.796,14.87
2012/11/11,1092.889,103.796,12.474
2012/11/12,1438.307,86.022,22.594
2012/11/13,1473.801,66.407,49.625
2012/11/14,1476.42,38.975,37.485
2012/11/15,1502.454,9.939,23.553
2012/11/16,1477.412,17.42,18.569
2012/11/17,1222.197,70.995,30.54
2012/11/18,1129.849,26.863,22.562
2012/11/19,1455.709,57.051,31.021
2012/11/20,1489.107,68.824,16.956
2012/11/21,1470.526,138.909,24.365
2012/11/22,1459.517,163.918,30.971
2012/11/23,1437.137,151.645,22.02
2012/11/24,1231.409,46.389,26.24
2012/11/25,1079.007,361.542,30.175
2012/11/26,1428.538,136.14,17.684
2012/11/27,1485.639,41.651,10.596
2012/11/28,1497.182,35.352,6.598
2012/11/29,1451.572,173.696,4.901
2012/11/30,1451.958,61.722,16.812
2012/12/1,1243.897,97.66,18.084
2012/12/2,1151.585,63.02,8.789
2012/12/3,1484.956,142.974,13.421
2012/12/4,1469.941,257.595,9.724
2012/12/5,1507.404,111.197,15.454
2012/12/6,1502.183,170.551,13.026
2012/12/7,1519.663,124.988,12.946
2012/12/8,1301.548,42.738,15.514
2012/12/9,1156.396,302.536,5.943
2012/12/10,1515.692,198.226,4.487
2012/12/11,1520.748,135.903,5.715
2012/12/12,1566.704,44.771,7.319
2012/12/13,1554.672,71.046,7.62
2012/12/14,1468.353,222.317,6.415
2012/12/15,1220.238,207.756,10.427
2012/12/16,1132.311,116.814,13.838
2012/12/17,1441.662,46.772,12.489
2012/12/18,1460.691,21.142,11.398
2012/12/19,1441.022,18.254,11.011
2012/12/20,1380.22,188.807,17.17
2012/12/21,1317.366,148.144,6.018
2012/12/22,1136.842,116.165,10.184
2012/12/23,1031.437,256.785,4.071
2012/12/24,990.706,239.102,26.68
2012/12/25,899.827,309.542,22.342
2012/12/26,909.618,331.664,17.098
2012/12/27,1068.617,302.195,13.111
2012/12/28,1109.424,152.562,24.007
2012/12/29,1014.55,294.502,38.122
2012/12/30,936.786,412.921,27.255
2012/12/31,969.81,446.492,25.097
2013/1/1,906.91,262.438,14.218
2013/1/2,1160.174,224.867,26.01
2013/1/3,1199.565,387.143,6.058
2013/1/4,1198.952,342.443,4.976
2013/1/5,1108.271,140.41,4.97
2013/1/6,1035.316,154.668,4.634
2013/1/7,1364.084,30.297,13.157
2013/1/8,1397.75,75.277,9.969
2013/1/9,1408.435,119.894,10.947
2013/1/10,1388.447,165.976,9.919
2013/1/11,1390.838,63.7,21.582
2013/1/12,1192.418,33.461,20.777
2013/1/13,1112.38,40.547,14.552
2013/1/14,1441.257,35.342,6.421
2013/1/15,1476.054,33.946,15.377
2013/1/16,1480.289,18.155,4.583
2013/1/17,1471.693,49.389,1.974
2013/1/18,1451.346,100.481,1.968
2013/1/19,1236.529,160.448,3.311
2013/1/20,1162.583,185.719,4.096
2013/1/21,1437.83,205.819,2.483
2013/1/22,1485.679,68.172,3.581
2013/1/23,1504.134,21.945,12.356
2013/1/24,1510.717,22.474,5.79
2013/1/25,1492.223,45.723,8.451
2013/1/26,1246.039,167.507,13.496
2013/1/27,1140.584,237.773,10.153
2013/1/28,1410.84,225.44,21.711
2013/1/29,1411.595,381.577,10.387
2013/1/30,1377.521,481.636,18.132
2013/1/31,1356.59,535.456,41.139
2013/2/1,1379.097,214.528,12.716
2013/2/2,1188.274,176.115,21.702
2013/2/3,1109.639,251.234,19.923
2013/2/4,1376.753,370.033,12.065
2013/2/5,1400.332,295.974,28.417
2013/2/6,1451.449,100.776,31.005
2013/2/7,1457.147,53.56,18.073
2013/2/8,1433.098,31.622,14.591
2013/2/9,1227.672,14.191,17.025
2013/2/10,1130.246,80.717,43.27
2013/2/11,1376.736,228.319,42.28
2013/2/12,1439.26,69.858,16.312
2013/2/13,1480.401,14.674,23.397
2013/2/14,1481.417,119.019,41.343
2013/2/15,1448.322,33.536,19.482
2013/2/16,1216.025,6.593,16.205
2013/2/17,1127.834,7.142,21.564
2013/2/18,1406.563,29.527,34.831
2013/2/19,1399.59,154.24,19.467
2013/2/20,1416.314,118.615,27.429
2013/2/21,1454.188,87.146,36.575
2013/2/22,1416.7,133.815,30.355
2013/2/23,1216.535,228.057,13.407
2013/2/24,1126.914,131.605,11.171
2013/2/25,1420.191,112.073,15.785
2013/2/26,1450.488,57.125,15.729
2013/2/27,1461.837,14.293,21.571
2013/2/28,1421.426,55.735,24.174
2013/3/1,1372.02,93.148,27.875
2013/3/2,1143.686,111.234,84.945
2013/3/3,1062.452,113.621,82.995
2013/3/4,1364.964,82.067,130.413
2013/3/5,1359.027,84.992,132.054
2013/3/6,1365.104,57.594,111.856
2013/3/7,1359.518,224.2,72.133
2013/3/8,1343.251,265.687,80.983
2013/3/9,1160.281,197.591,49.142
2013/3/10,1070.617,187.672,47.758
2013/3/11,1394.744,116.369,27.851
2013/3/12,1428.073,58.433,37.771
2013/3/13,1425.143,21.146,33.989
2013/3/14,1420.149,28.595,62.718
2013/3/15,1406.081,47.822,95.516
2013/3/16,1192.547,226.415,124.196
2013/3/17,1048.639,355.557,71.098
2013/3/18,1336.399,217.252,41.638
2013/3/19,1391.853,102.054,53.366
2013/3/20,1411.346,73.405,53.404
2013/3/21,1407.382,40.815,51.012
2013/3/22,1383.17,208.389,105.826
2013/3/23,1200.663,413.845,83.618
2013/3/24,1105.345,369.604,111.143
2013/3/25,1340.939,362.866,78.732
2013/3/26,1357.46,238.241,81.603
2013/3/27,1360.931,190.15,91.094
2013/3/28,1343.532,95.495,74.997
2013/3/29,1080.715,37.969,64.355
2013/3/30,1092.932,20.545,152.93
2013/3/31,1002.856,39.624,157.841
2013/4/1,1034.891,63.454,128.002
2013/4/2,1345.605,122.047,107.823
2013/4/3,1392.167,170.664,75.938
2013/4/4,1413.628,133.071,104.692
2013/4/5,1407.873,76.265,35.106
2013/4/6,1189.98,38.77,51.115
2013/4/7,1065.085,42.472,113.686
2013/4/8,1361.105,96.848,124.439
2013/4/9,1376.079,164.401,90.156
2013/4/10,1386.803,85.189,74.005
2013/4/11,1370.114,107.345,57.516
2013/4/12,1330.657,135.663,91.288
2013/4/13,1099.128,195.974,105.89
2013/4/14,1026.336,110.457,132.771
2013/4/15,1295.701,117.817,166.529
2013/4/16,1347.112,92.473,120.058
2013/4/17,1352.204,83.615,140.564
2013/4/18,1319.849,324.587,144.654
2013/4/19,1300.419,157.986,75.407
2013/4/20,1105.738,86.463,89.739
2013/4/21,1008.826,73.87,116.257
2013/4/22,1312.209,46.955,95.569
2013/4/23,1305.94,194.195,125.845
2013/4/24,1330.709,100.646,180.642
2013/4/25,1338.207,39.618,165.115
2013/4/26,1309.994,96.918,114.018
2013/4/27,1106.43,81.658,62.057
2013/4/28,1021.551,36.764,93.4
2013/4/29,1299.276,170.675,87.743
2013/4/30,1317.183,76.782,93.325
2013/5/1,1004.86,57.722,134.309
2013/5/2,1280.019,72.055,96.999
2013/5/3,1296.473,36.11,106.336
2013/5/4,1106.577,62.087,131.373
2013/5/5,1005.52,40.282,181.631
2013/5/6,1299.818,63.526,157.684
2013/5/7,1333.693,78.471,89.723
2013/5/8,1326.54,63.391,161.455
2013/5/9,1029.826,59.117,127.245
2013/5/10,1183.877,123.713,96.005
2013/5/11,1094.466,75.962,94.88
2013/5/12,999.825,99.495,117.662
2013/5/13,1294.342,148.164,81.794
2013/5/14,1312.383,100.217,140.774
2013/5/15,1300.191,145.053,158.605
2013/5/16,1305.024,104.93,114.32
2013/5/17,1284.766,78.771,100.436
2013/5/18,1078.711,78.889,128.971
2013/5/19,939.305,46.538,130.014
2013/5/20,952.727,80.383,110.032
2013/5/21,1278.721,73.061,114.522
2013/5/22,1303.334,284.96,62.261
2013/5/23,1326.926,57.184,115.916
2013/5/24,1297.862,31.673,111.633
2013/5/25,1076.837,117.78,104.253
2013/5/26,1018.874,216.622,47.51
2013/5/27,1312.264,64.874,101.03
2013/5/28,1305.03,45.633,167.721
2013/5/29,1314.747,47.246,73.389
2013/5/30,1098.099,80.091,104.485
2013/5/31,1194.177,217.785,69.227
2013/6/1,1031.124,232.191,51.37
2013/6/2,902.859,335.581,102.566
2013/6/3,1214.141,199.18,113.787
2013/6/4,1265.2,85.863,160.435
2013/6/5,1277.493,41.861,198.15
2013/6/6,1274.375,36.6,199.384
2013/6/7,1262.887,29.938,185.424
2013/6/8,1065.044,45.098,184.056
2013/6/9,971.738,44.83,135.025
2013/6/10,1258.977,34.973,105.381
2013/6/11,1287.7,17.138,152.641
2013/6/12,1298.307,73.27,154.902
2013/6/13,1289.905,165.61,161.247
2013/6/14,1235.415,128.079,145.845
2013/6/15,1045.69,174.478,166.466
2013/6/16,947.157,131.536,180.661
2013/6/17,1296.348,45.483,195.625
2013/6/18,1328.223,42.101,193.541
2013/6/19,1332.107,89.852,183.087
2013/6/20,1323.408,72.514,156.109
2013/6/21,1241.676,213.912,150.829
2013/6/22,1065.222,156.131,140.864
2013/6/23,959.418,174.394,126.817
2013/6/24,1263.825,75.421,105.581
2013/6/25,1255.952,153.237,78.616
2013/6/26,1237.281,207.452,119.949
2013/6/27,1280.278,69.322,110.938
2013/6/28,1264.697,72.379,121.132
2013/6/29,1037.834,164.649,87.244
2013/6/30,945.689,102.721,145.669
2013/7/1,1249.752,88.984,184.643
2013/7/2,1285.662,33.794,188.047
2013/7/3,1292.684,72.237,94.737
2013/7/4,1303.686,26.835,118.355
2013/7/5,1268.937,30.267,132.874
2013/7/6,1063.859,32.562,188.458
2013/7/7,969.737,38.897,197.394
2013/7/8,1280.343,42.784,201.135
2013/7/9,1305.309,31.469,195.691
2013/7/10,1278.179,118.641,174.394
2013/7/11,1273.06,78.988,146.185
2013/7/12,1254.568,34.973,170.644
2013/7/13,1044.867,51.897,181.094
2013/7/14,952.337,75.881,158.661
2013/7/15,1248.738,38.36,187.018
2013/7/16,1285.767,20.636,196.037
2013/7/17,1295.885,29.274,184.941
2013/7/18,1296.646,54.61,185.537
2013/7/19,1252.492,111.325,186.212
2013/7/20,1061.693,41.309,178.535
2013/7/21,983.663,32.487,204.441
2013/7/22,1280.555,24.172,197.601
2013/7/23,1292.027,50.439,173.505
2013/7/24,1296.148,44.267,130.122
2013/7/25,1317.171,12.119,155.787
2013/7/26,1293.677,21.389,152.87
2013/7/27,1088.862,40.678,173.685
2013/7/28,991.371,99.354,136.815
2013/7/29,1266.935,47.492,83.937
2013/7/30,1241.942,138.28,142.75
2013/7/31,1240.056,146.445,126.546
2013/8/1,1318.543,38.122,185.415
2013/8/2,1314.423,78.589,190.983
2013/8/3,1110.478,98.57,151.469
2013/8/4,1013.331,27.76,140.934
2013/8/5,1293.084,67.812,177.564
2013/8/6,1315.468,91.39,150.527
2013/8/7,1308.647,65.93,111.847
2013/8/8,1291.984,79.666,93.371
2013/8/9,1254.462,19.564,89.341
2013/8/10,1088.538,81.408,144.125
2013/8/11,990.552,99.216,140.225
2013/8/12,1264.423,94.114,133.53
2013/8/13,1281.806,148.391,134.048
2013/8/14,1270.136,110.763,147.257
2013/8/15,1230.894,41.649,161.266
2013/8/16,1235.737,67.69,177.432
2013/8/17,1064.704,50.787,150.753
2013/8/18,1003.82,139.001,104.76
2013/8/19,1279.894,65.016,71.198
2013/8/20,1262.606,43.807,112.443
2013/8/21,1265.775,15.984,159.203
2013/8/22,1277.201,22.69,164.176
2013/8/23,1273.278,84.022,120.405
2013/8/24,1089.364,153.599,134.245
2013/8/25,1005.29,168.659,80.066
2013/8/26,1291.821,148.245,110.897
2013/8/27,1306.896,60.838,95.038
2013/8/28,1295.979,21.264,112.823
2013/8/29,1285.918,11.641,148.324
2013/8/30,1267.145,35.407,145.143
2013/8/31,1072.235,125.602,105.095
2013/9/1,1018.549,189.585,104.101
2013/9/2,1329.525,338.654,73.854
2013/9/3,1344.162,85.246,103.562
2013/9/4,1344.665,22.179,136.972
2013/9/5,1352.091,96.945,165.77
2013/9/6,1330.415,143.776,159.558
2013/9/7,1111.058,73.324,122.7
2013/9/8,1023.103,101.367,69.315
2013/9/9,1315.33,96.836,94.506
2013/9/10,1346.696,131.483,53.687
2013/9/11,1356.023,87.364,57.333
2013/9/12,1343.379,20.095,60.91
2013/9/13,1321.844,34.813,77.841
2013/9/14,1122.69,84.101,60.274
2013/9/15,1037.48,107.882,65.003
2013/9/16,1348.881,202.639,52.846
2013/9/17,1376.859,183.778,98.993
2013/9/18,1382.113,97.357,45.553
2013/9/19,1368.321,109.449,82.166
2013/9/20,1353.114,88.18,46.15
2013/9/21,1109.983,41.542,81.734
2013/9/22,1034.784,147.459,89.46
2013/9/23,1337.004,187.236,73.494
2013/9/24,1343.883,44.893,96.79
2013/9/25,1345.291,42.94,85.92
2013/9/26,1357.468,69.414,55.844
2013/9/27,1320.766,32.952,99.215
2013/9/28,1107.352,76.345,120.002
2013/9/29,1058.327,254.499,113.07
2013/9/30,1340.561,207.27,102.334
2013/10/1,1356.25,151.379,103.343
2013/10/2,1356.806,214.145,132.357
2013/10/3,1114.298,307.258,134.028
2013/10/4,1243.239,210.346,71.536
2013/10/5,1102.931,44.746,37.333
2013/10/6,1029.171,14.973,38.165
2013/10/7,1332.582,21.54,67.05
2013/10/8,1355.787,31.485,56.169
2013/10/9,1368.275,107.319,33.767
2013/10/10,1375.585,51.156,36.995
2013/10/11,1390.856,216.712,24.75
2013/10/12,1156.703,115.496,32.451
2013/10/13,1059.1,88.603,80.513
2013/10/14,1359.007,97.273,65.9
2013/10/15,1388.107,84.746,38.206
2013/10/16,1386.258,46.623,37.985
2013/10/17,1439.136,382.307,55.496
2013/10/18,1358.135,130.938,70.246
2013/10/19,1161.249,155.89,95.322
2013/10/20,1073.035,142.765,41.137
2013/10/21,1365.215,166.227,59.546
2013/10/22,1393.467,191.176,81.215
2013/10/23,1425.148,285.689,31.867
2013/10/24,1374.195,120.264,80.394
2013/10/25,1367.943,144.035,40.387
2013/10/26,1176.6,214.723,63.193
2013/10/27,1121.969,450.834,46.832
2013/10/28,1434.242,509.086,49.281
2013/10/29,1421.424,364.668,49.35
2013/10/30,1391.847,218.371,71.616
2013/10/31,1352.353,201.365,78.12
2013/11/1,1207.43,175.166,27.108
2013/11/2,1176.259,146.478,21.254
2013/11/3,1151.302,374.046,31.61
2013/11/4,1432.748,347.597,26.119
2013/11/5,1448.568,206.336,55.163
2013/11/6,1463.362,255.634,19.585
2013/11/7,1451.321,236.447,33.766
2013/11/8,1402.112,73.007,33.597
2013/11/9,1243.213,354.567,44.44
2013/11/10,1129.633,161.22,21.614
2013/11/11,1409.638,80.579,39.271
2013/11/12,1439.701,120.731,47.098
2013/11/13,1441.604,90.046,35.895
2013/11/14,1452.086,62.393,24.861
2013/11/15,1406.642,27.481,25.665
2013/11/16,1219.449,80.881,21.185
2013/11/17,1117.711,28.074,13.293
2013/11/18,1422.174,53.486,21.503
2013/11/19,1453.625,52.709,13.889
2013/11/20,1440.757,67.69,18.511
2013/11/21,1461.718,62.859,17.6
2013/11/22,1437.637,87.925,8.982
2013/11/23,1218.068,59.506,10.711
2013/11/24,1137.567,147.275,16.986
2013/11/25,1440.468,110.696,49.93
2013/11/26,1462.164,39.164,41.495
2013/11/27,1493.989,160.495,40.126
2013/11/28,1508.714,234.884,10.813
2013/11/29,1488.75,282.77,9.846
2013/11/30,1254.591,132.31,16.274
2013/12/1,1161.769,211.319,24.464
2013/12/2,1434.486,57.128,46.315
2013/12/3,1468.226,48.058,45.517
2013/12/4,1511.246,216.869,16.627
2013/12/5,1563.832,489.692,16.287
2013/12/6,1545.494,556.412,18.801
2013/12/7,1278.523,255.674,11.943
2013/12/8,1189.613,333.321,15.861
2013/12/9,1477.263,284.794,18.095
2013/12/10,1474.226,46.505,27.425
2013/12/11,1475.435,28.424,16.686
2013/12/12,1475.418,63.336,20.132
2013/12/13,1456.19,77.738,26.251
2013/12/14,1276.979,142.066,14.509
2013/12/15,1194.796,291.182,16.943
2013/12/16,1467.555,308.486,50.787
2013/12/17,1457.235,112.888,42.532
2013/12/18,1447.499,164.438,17.871
2013/12/19,1430.139,263.516,9.585
2013/12/20,1345.651,208.591,14.999
2013/12/21,1250.817,442.35,21.391
2013/12/22,1141.975,453.528,16.697
2013/12/23,1199.865,374.076,34.929
2013/12/24,1128.997,535.335,25.286
2013/12/25,992.789,191.556,11.752
2013/12/26,989.254,49.436,10.548
2013/12/27,1166.552,395.736,41.011
2013/12/28,1089.79,208.514,21.028
2013/12/29,1031.149,213.978,20.933
2013/12/30,1149.097,254.119,47.097
2013/12/31,1068.429,174.67,43.219
2014/1/1,1080.08,220.085,30.493
2014/1/2,1343.101,304.166,13.68
2014/1/3,1379.776,340.639,23.51
2014/1/4,1271.029,260.828,15.227
2014/1/5,1182.416,175.812,18.067
2014/1/6,1408.202,370.91,26.281
2014/1/7,1529.25,363.756,44.463
2014/1/8,1550.398,287.099,35.228
2014/1/9,1572.194,430.36,23.977
2014/1/10,1552.413,376.86,30.979
2014/1/11,1350.439,308.404,23.923
2014/1/12,1243.628,240.415,45.882
2014/1/13,1582.797,124.885,21.976
2014/1/14,1597.275,33.002,15.4
2014/1/15,1592.384,85.85,30.897
2014/1/16,1607.804,172.755,14.973
2014/1/17,1571.637,121.368,20.624
2014/1/18,1353.455,162.727,35.464
2014/1/19,1255.814,301.247,20.363
2014/1/20,1590.687,78.647,6.371
2014/1/21,1624.806,15.643,5.835
2014/1/22,1625.155,60.259,11.992
2014/1/23,1631.373,125.177,13.661
2014/1/24,1617.411,106.527,9.807
2014/1/25,1399.124,145.786,19.051
2014/1/26,1302.735,184.365,15.07
2014/1/27,1612.213,182.071,23.639
2014/1/28,1636.751,157.588,38.964
2014/1/29,1659.96,213.55,24.072
2014/1/30,1651.529,167.885,37.222
2014/1/31,1605.265,112.603,45.499
2014/2/1,1391.43,282.132,41.298
2014/2/2,1265.416,107.799,33.744
2014/2/3,1598.551,108.91,35.126
2014/2/4,1617.799,131.89,44.494
2014/2/5,1623.241,217.711,49.166
2014/2/6,1597.979,288.646,67.497
2014/2/7,1576.93,470.114,35.591
2014/2/8,1365.813,361.931,45.606
2014/2/9,1252.107,423.278,44.165
2014/2/10,1577.328,148.804,43.026
2014/2/11,1600.185,228.572,44.14
2014/2/12,1597.122,262.52,60.117
2014/2/13,1602.375,270.977,45.448
2014/2/14,1570.213,283.346,77.22
2014/2/15,1347.503,477.891,41.842
2014/2/16,1237.654,408.778,42.372
2014/2/17,1548.644,101.83,78.833
2014/2/18,1582.932,96.737,60.528
2014/2/19,1588.602,113.18,30.109
2014/2/20,1564.341,182.761,70.129
2014/2/21,1549.993,193.634,37.836
2014/2/22,1330.959,212.118,70.625
2014/2/23,1206.696,183.838,101.587
2014/2/24,1521.083,226.315,126.092
2014/2/25,1552.925,154.765,104.44
2014/2/26,1555.038,49.336,74.913
2014/2/27,1553.46,101.158,62.879
2014/2/28,1524.716,46.998,66.286
2014/3/1,1310.863,42.38,74.222
2014/3/2,1205.382,79.034,58.509
2014/3/3,1479.361,174.177,83.837
2014/3/4,1521.878,19.16,70.862
2014/3/5,1550.944,18.679,74.279
2014/3/6,1546.473,54.556,91.283
2014/3/7,1514.897,114.278,120.06
2014/3/8,1279.162,107.357,131.284
2014/3/9,1161.496,175.888,145.585
2014/3/10,1479.23,94.246,145.402
2014/3/11,1521.112,113.199,138.73
2014/3/12,1516.331,29.766,148.507
2014/3/13,1510.033,22.425,147.203
2014/3/14,1488.044,122.019,135.133
2014/3/15,1303.214,510.579,46.959
2014/3/16,1199.315,538.519,33.936
2014/3/17,1498.042,354.408,84.79
2014/3/18,1528.932,215.012,78.96
2014/3/19,1524.762,405.654,66.495
2014/3/20,1498.548,311.326,160.777
2014/3/21,1474.562,289.345,114.934
2014/3/22,1280.873,147.024,63.536
2014/3/23,1176.87,71.096,59.828
2014/3/24,1499.18,27.402,84.584
2014/3/25,1521.834,39.216,107.847
2014/3/26,1522.582,94.095,131.795
2014/3/27,1510.903,192.194,156.117
2014/3/28,1470.81,110.056,121.595
2014/3/29,1243.377,68.398,143.266
2014/3/30,1125.085,18.572,146.7
2014/3/31,1446.114,14.138,112.798
2014/4/1,1478.178,51.836,130.867
2014/4/2,1471.166,60.625,154.848
2014/4/3,1470.548,80.191,129.742
2014/4/4,1461.671,115.145,90.971
2014/4/5,1237.849,27.935,66.195
2014/4/6,1131.553,72.646,107.538
2014/4/7,1448.664,105.559,133.231
2014/4/8,1496.591,376.208,84.813
2014/4/9,1497.473,327.336,114.114
2014/4/10,1485.145,56.872,76.7
2014/4/11,1454.772,21.614,112.75
2014/4/12,1227.196,38.922,140.749
2014/4/13,1129.114,228.889,135.688
2014/4/14,1478.427,464.751,106.767
2014/4/15,1504.507,228.219,94.095
2014/4/16,1486.581,27.934,153.73
2014/4/17,1452.004,195.485,186.007
2014/4/18,1150.044,133.495,78.857
2014/4/19,1146.115,162.251,142.375
2014/4/20,1022.538,203.536,151.246
2014/4/21,1059.095,115.725,127.136
2014/4/22,1412.359,36.72,133.131
2014/4/23,1447.726,32.419,156.585
2014/4/24,1450.887,50.662,146.985
2014/4/25,1426.432,112.481,175.62
2014/4/26,1217.886,56.557,131.771
2014/4/27,1130.993,91.876,81.851
2014/4/28,1451.764,40.13,81.216
2014/4/29,1468.143,15.868,113.807
2014/4/30,1432.06,20.384,132.568
2014/5/1,1099.884,52.133,108.002
2014/5/2,1308.181,119.131,80.413
2014/5/3,1196.095,69.523,104.548
2014/5/4,1111.713,53.759,154.639
2014/5/5,1423.702,34.962,182.434
2014/5/6,1451.314,136.842,129.307
2014/5/7,1464.422,173.756,102.604
2014/5/8,1471.633,198.843,110.076
2014/5/9,1450.379,286.629,113.136
2014/5/10,1221.389,224.009,110.187
2014/5/11,1122.323,373.66,124.436
2014/5/12,1449.973,239.793,124.642
2014/5/13,1471.536,136.822,120.052
2014/5/14,1473.9,155.534,144.885
2014/5/15,1468.244,77.979,113.941
2014/5/16,1430.868,100.726,159.432
2014/5/17,1206.499,68.244,135.701
2014/5/18,1107.433,43.53,121.581
2014/5/19,1421.566,27.773,170.961
2014/5/20,1449.074,41.571,195.205
2014/5/21,1457.263,93.73,184.982
2014/5/22,1459.234,112.809,185.338
2014/5/23,1429.832,56.471,119.22
2014/5/24,1199.258,32.656,140.007
2014/5/25,1089.246,34.69,193.159
2014/5/26,1429.811,138.365,137.176
2014/5/27,1464.019,189.127,70.47
2014/5/28,1441.622,189.686,60.001
2014/5/29,1128.151,76.746,83.043
2014/5/30,1261.208,59.239,138.099
2014/5/31,1147.44,105.023,189.115
2014/6/1,1068.982,23.571,155.656
2014/6/2,1403.083,15.254,169.436
2014/6/3,1433.509,14.213,166.671
2014/6/4,1444.044,67.454,153.844
2014/6/5,1436.595,176.676,158.335
2014/6/6,1403.466,61.768,212.446
2014/6/7,1176.898,38.27,203.093
2014/6/8,1029.637,49.895,192.656
2014/6/9,1075.393,76.425,195.666
2014/6/10,1425.094,78.301,183.872
2014/6/11,1452.282,64.544,153.227
2014/6/12,1433.946,63.601,184.129
2014/6/13,1409.767,162.342,168.906
2014/6/14,1173.157,87.48,141.13
2014/6/15,1060.016,51.141,176.723
2014/6/16,1372.914,75.847,152.985
2014/6/17,1404.609,49.103,148.227
2014/6/18,1395.354,77.037,181.093
2014/6/19,1208.285,229.77,141.876
2014/6/20,1310.358,219.192,114.155
2014/6/21,1155.962,178.46,142.768
2014/6/22,1066.92,185.336,176.847
2014/6/23,1403.576,108.49,186.106
2014/6/24,1434.542,39.811,154.454
2014/6/25,1434.41,46.996,131.954
2014/6/26,1413.061,20.968,179.002
2014/6/27,1400.165,35.612,173.488
2014/6/28,1192.279,49.169,128.632
2014/6/29,1094.965,61.47,74.239
2014/6/30,1398.098,65.301,131.967
2014/7/1,1407.234,61.67,176.137
2014/7/2,1418.936,61.838,145.466
2014/7/3,1424.626,61.293,202.577
2014/7/4,1401.193,65.633,185.181
2014/7/5,1192.741,111.218,121.664
2014/7/6,1096.519,101.609,180.376
2014/7/7,1415.363,73.447,140.347
2014/7/8,1455.751,111.337,59.153
2014/7/9,1446.773,144.955,67.393
2014/7/10,1430.759,95.164,100.137
2014/7/11,1403.109,107.147,150.506
2014/7/12,1176.602,45.451,133.663
2014/7/13,1078.057,60.184,117.124
2014/7/14,1386.762,123.226,135.799
2014/7/15,1424.134,60.386,166.422
2014/7/16,1436.438,12.139,170.333
2014/7/17,1439.77,17.241,187.71
2014/7/18,1419.386,37.017,199.131
2014/7/19,1207.587,92.104,199.881
2014/7/20,1113.844,94.327,137.696
2014/7/21,1429.35,113.92,81.351
2014/7/22,1440.878,140.531,129.393
2014/7/23,1428.897,144.412,184.013
2014/7/24,1425.512,98.949,158.319
2014/7/25,1396.902,53.103,131.217
2014/7/26,1184.844,20.656,137.144
2014/7/27,1090.885,24.248,136.815
2014/7/28,1399.811,38.484,145.287
2014/7/29,1427.072,50.898,103.339
2014/7/30,1421.525,75.132,81.03
2014/7/31,1391.858,40.267,152.229
2014/8/1,1351.763,42.318,168.819
2014/8/2,1152.935,64.741,148.004
2014/8/3,1052.11,34.539,132.063
2014/8/4,1332.53,19.71,131.061
2014/8/5,1348.567,28.091,127.136
2014/8/6,1343.235,29.386,162.652
2014/8/7,1352.921,18.331,122.023
2014/8/8,1336.572,46.413,168.66
2014/8/9,1148.349,218.389,134.908
2014/8/10,1053.571,180.141,130.861
2014/8/11,1329.38,218.735,126.855
2014/8/12,1346.617,197.775,142.509
2014/8/13,1341.527,90.888,86.471
2014/8/14,1338.15,112.458,124.461
2014/8/15,1287.993,61.503,106.166
2014/8/16,1125.591,140.513,115.74
2014/8/17,1050.517,312.747,124.126
2014/8/18,1347.832,351.145,110.877
2014/8/19,1365.968,199.641,124
2014/8/20,1365.495,173.955,129.129
2014/8/21,1356.223,68.322,152.26
2014/8/22,1344.779,155.872,126.768
2014/8/23,1145.574,87.425,106.408
2014/8/24,1060.239,124.41,136.511
2014/8/25,1367.119,57.714,115.915
2014/8/26,1409.568,42.218,78.911
2014/8/27,1399.388,30.024,136.724
2014/8/28,1406.689,35.425,160.051
2014/8/29,1388.598,69.132,101.239
2014/8/30,1169.708,83.149,102.679
2014/8/31,1079.792,37.955,60.84
2014/9/1,1387.259,36.894,71.364
2014/9/2,1415.362,45.105,82.853
2014/9/3,1418.535,110.42,95.348
2014/9/4,1419.51,109.657,119.821
2014/9/5,1396.018,41.992,124.312
2014/9/6,1172.116,18.555,128.684
2014/9/7,1078.244,15.711,123.035
2014/9/8,1397.91,47.111,125.692
2014/9/9,1423.748,102.13,111.99
2014/9/10,1425.248,76.089,92.436
2014/9/11,1423.049,63.28,90.025
2014/9/12,1423.06,180.216,51.12
2014/9/13,1188.869,75.142,53.091
2014/9/14,1086.61,53.165,59.757
2014/9/15,1413.548,71.805,89.681
2014/9/16,1432.668,93.087,128.487
2014/9/17,1439.671,104.751,146.901
2014/9/18,1439.382,74.677,122.506
2014/9/19,1413.083,23.299,102.953
2014/9/20,1190.711,17.137,85.92
2014/9/21,1108.882,157.228,54.796
2014/9/22,1430.587,281.634,76.929
2014/9/23,1426.598,61.541,117.971
2014/9/24,1441.296,111.839,102.105
2014/9/25,1452.119,188.065,65.25
2014/9/26,1429.24,142.969,60.57
2014/9/27,1191.276,50.571,113.267
2014/9/28,1094.546,38.365,122.009
2014/9/29,1418.665,32.29,113.405
2014/9/30,1451.462,26.168,52.997
2014/10/1,1447.344,12.246,80.138
2014/10/2,1415.769,10.196,89.986
2014/10/3,1110.308,44.422,117.679
2014/10/4,1140.025,137.346,119.378
2014/10/5,1101.846,62.392,73.745
2014/10/6,1433.779,160.918,82.411
2014/10/7,1479.844,313.869,49.44
2014/10/8,1478.642,209.25,52.208
2014/10/9,1478.021,197.397,79.59
2014/10/10,1438.007,102.455,62.358
2014/10/11,1210.109,30.514,45.737
2014/10/12,1112.591,69.606,80.305
2014/10/13,1446.082,89.49,45.408
2014/10/14,1462.093,54.773,89.416
2014/10/15,1463.674,54.713,65.657
2014/10/16,1480.27,61.472,40.676
2014/10/17,1456.43,74.101,42.73
2014/10/18,1213.968,126.626,87.456
2014/10/19,1104.944,265.341,105.22
2014/10/20,1452.216,273.488,51.853
2014/10/21,1494.806,286.298,40.925
2014/10/22,1524.348,378.716,20.663
2014/10/23,1505.152,84.073,29.981
2014/10/24,1469.695,123.965,67.071
2014/10/25,1250.048,76.458,35.54
2014/10/26,1146.154,105.976,56.477
2014/10/27,1462.771,107.16,57.641
2014/10/28,1506.889,118.568,61.658
2014/10/29,1510.275,70.214,48.358
2014/10/30,1498.149,23.869,27.46
2014/10/31,1416.136,68.188,51.021
2014/11/1,1179.257,96.107,76.835
2014/11/2,1132.342,174.948,73.45
2014/11/3,1474.104,350.446,59.483
2014/11/4,1510.933,130.539,41.387
2014/11/5,1530.091,25.005,19.036
2014/11/6,1514.495,39.699,27.494
2014/11/7,1500.385,171.848,42.354
2014/11/8,1261.024,166.502,68.173
2014/11/9,1168.962,110.421,46.333
2014/11/10,1501.365,78.695,22.479
2014/11/11,1535.672,132.094,34.645
2014/11/12,1543.143,73.135,26.875
2014/11/13,1540.201,15.178,15.503
2014/11/14,1510.641,163.246,29.288
2014/11/15,1293.132,176.934,25.242
2014/11/16,1190.046,138.19,18.338
2014/11/17,1502.959,81.525,37.031
2014/11/18,1552.335,128.22,7.552
2014/11/19,1535.652,23.012,9.975
2014/11/20,1547.113,11.57,21.425
2014/11/21,1527.836,45.438,32.23
2014/11/22,1306.239,126.349,41.526
2014/11/23,1192.159,175.713,43.61
2014/11/24,1518.845,161.459,27.402
2014/11/25,1559.897,64.846,28.642
2014/11/26,1580.036,183.548,25.873
2014/11/27,1578.16,224.966,25.836
2014/11/28,1568.285,321.298,18.583
2014/11/29,1358.272,205.872,13.258
2014/11/30,1262.219,162.849,8.08
2014/12/1,1607.283,243.63,7.718
2014/12/2,1638.098,60.01,8.456
2014/12/3,1649.827,26.247,5.494
2014/12/4,1639.12,59.732,7.319
2014/12/5,1604.009,42.035,5.776
2014/12/6,1363.198,39.908,10.71
2014/12/7,1272.225,221.573,12.903
2014/12/8,1584.181,186.888,25.811
2014/12/9,1632.551,115.577,17.811
2014/12/10,1648.487,437.577,9.482
2014/12/11,1631.714,487.782,10.985
2014/12/12,1578.794,558.256,20.422
2014/12/13,1342.898,204.237,18.852
2014/12/14,1246.85,133.072,17.321
2014/12/15,1551.297,266.184,14.406
2014/12/16,1563.686,197.242,12.506
2014/12/17,1564.912,266.233,8.123
2014/12/18,1518.968,398.166,7.48
2014/12/19,1460.466,543.569,13.717
2014/12/20,1302.196,598.355,15.09
2014/12/21,1195.561,485.817,19.468
2014/12/22,1363.14,648.537,14.822
2014/12/23,1326.533,595.724,21.218
2014/12/24,1154.524,527.182,18.589
2014/12/25,1089.457,400.728,16.82
2014/12/26,1101.683,42.512,18.696
2014/12/27,1198.834,249.906,7.521
2014/12/28,1168.079,137.846,15.524
2014/12/29,1316.093,148.966,5.221
2014/12/30,1300.367,121.775,3.392
2014/12/31,1183.51,145.511,3.721
2015/1/1,1111.336,325.128,17.079
2015/1/2,1300.884,603.558,7.758
2015/1/3,1265.271,462.953,7.236
2015/1/4,1198.854,385.024,19.984
2015/1/5,1449.861,216.543,26.524
2015/1/6,1452.891,117.231,32.888
2015/1/7,1569.872,227.208,17.113
2015/1/8,1586.974,440.32,8.597
2015/1/9,1563.293,641.73,6.823
2015/1/10,1331.448,634.675,20.477
2015/1/11,1262.161,630.379,19.811
2015/1/12,1582.066,631.833,11.025
2015/1/13,1574.302,511.733,50.282
2015/1/14,1593.682,406.986,18.105
2015/1/15,1602.404,556.471,17.156
2015/1/16,1565.32,249.329,22.817
2015/1/17,1354.801,137.719,21.405
2015/1/18,1267.489,127.217,31.261
2015/1/19,1594.869,31.621,23.683
2015/1/20,1629.73,16.737,10.79
2015/1/21,1632.146,50.365,22.121
2015/1/22,1636.978,62.294,12.119
2015/1/23,1616.264,38.59,7.015
2015/1/24,1402.911,156.998,9.833
2015/1/25,1290.655,111.707,11.572
2015/1/26,1611.883,231.594,10.594
2015/1/27,1620.565,268.631,17.574
2015/1/28,1626.164,441.697,16.581
2015/1/29,1620.04,401.554,27.784
2015/1/30,1587.346,125.179,13.462
2015/1/31,1360.551,133.954,20.213
2015/2/1,1273.828,121.819,24.68
2015/2/2,1608.68,197.405,20.268
2015/2/3,1639.26,97.155,27.53
2015/2/4,1651.314,40.218,31.95
2015/2/5,1647.357,127.519,29.04
2015/2/6,1620.507,168.548,46.344
2015/2/7,1408.553,284.226,55.924
2015/2/8,1296.855,405.421,52.429
2015/2/9,1618.607,382.505,15.049
2015/2/10,1626.864,145.803,24.129
2015/2/11,1623.086,26.156,28.011
2015/2/12,1619.396,24.475,40.589
2015/2/13,1583.173,96.107,64.532
2015/2/14,1359.135,117.229,67.187
2015/2/15,1261.167,202.852,60.942
2015/2/16,1536.78,204.535,60.863
2015/2/17,1600.019,64.951,40.31
2015/2/18,1611.379,134.261,40.082
2015/2/19,1607.741,243.061,62.938
2015/2/20,1571.017,332.284,79.745
2015/2/21,1345.913,270.833,49.617
2015/2/22,1256.938,162.979,52.148
2015/2/23,1592.656,365.763,28.046
2015/2/24,1604.991,317.556,50.806
2015/2/25,1585.249,107.047,72.248
2015/2/26,1579.35,177.505,106.263
2015/2/27,1569.187,136.122,65.845
2015/2/28,1340.489,207.35,82.594
2015/3/1,1235.836,449.937,36.689
2015/3/2,1546.866,510.473,65.601
2015/3/3,1570.639,430.854,101.146
2015/3/4,1579.064,379.816,70.465
2015/3/5,1573.558,164.829,68.654
2015/3/6,1547.83,137.701,65.594
2015/3/7,1317.425,269.203,114.556
2015/3/8,1182.494,202.512,134.967
2015/3/9,1496.531,74.487,118.813
2015/3/10,1537.668,145.528,97.029
2015/3/11,1530.601,124.235,114.652
2015/3/12,1536.444,74.432,104.668
2015/3/13,1524.474,153.322,85.054
2015/3/14,1320.247,147.22,41.482
2015/3/15,1212.893,243.311,63.372
2015/3/16,1507.519,334.722,117.278
2015/3/17,1506.485,186.919,131.459
2015/3/18,1498.96,113.937,149.836
2015/3/19,1508.011,45.01,135.886
2015/3/20,1490.008,35.96,123.326
2015/3/21,1304.469,164.026,75.307
2015/3/22,1196.051,132.091,87.08
2015/3/23,1500.293,66.904,113.19
2015/3/24,1518.172,23.568,117.004
2015/3/25,1508.028,142.024,116.248
2015/3/26,1521.241,120.271,38.513
2015/3/27,1499.701,219.296,76.244
2015/3/28,1274.136,214.583,115.42
2015/3/29,1187.673,521.684,37.867
2015/3/30,1500.454,610.862,90.403
2015/3/31,1517.419,624.674,69.416
2015/4/1,1531.944,571.057,98.71
2015/4/2,1506.147,418.505,81.69
2015/4/3,1174.095,161.449,140.232
2015/4/4,1193.274,88.66,96.847
2015/4/5,1084.83,72.337,151.392
2015/4/6,1122.724,76.945,111.57
2015/4/7,1464.286,155.723,159.794
2015/4/8,1476.07,78.784,125.824
2015/4/9,1448.204,24.647,175.45
2015/4/10,1420.437,44.875,180.74
2015/4/11,1230.603,351.54,112.846
2015/4/12,1122.555,300.331,159.134
2015/4/13,1444.641,334.801,144.96
2015/4/14,1463.975,216.884,168.19
2015/4/15,1455.666,290.28,193.77
2015/4/16,1447.202,137.144,147.324
2015/4/17,1432.894,151.659,104.332
2015/4/18,1199.975,84.779,169.882
2015/4/19,1102.443,51.104,198.883
2015/4/20,1410.487,113.383,205.496
2015/4/21,1432.199,228.041,206.99
2015/4/22,1423.398,105.756,160.095
2015/4/23,1418.293,52.021,175.937
2015/4/24,1398.64,59.09,199.57
2015/4/25,1201.174,150.274,94.441
2015/4/26,1103.922,67.136,128.818
2015/4/27,1447.782,133.809,115.396
2015/4/28,1467.317,133.987,106.754
2015/4/29,1453.773,153.288,188.72
2015/4/30,1424.302,150.687,131.623
2015/5/1,1079.915,63.834,103.282
2015/5/2,1125.912,40.322,143.598
2015/5/3,1101.446,229.809,88.594
2015/5/4,1413.223,197.049,138.384
2015/5/5,1445.995,380.563,107.216
2015/5/6,1434.754,305.756,145.294
2015/5/7,1430.15,260.491,162.957
2015/5/8,1392.394,52.543,176.126
2015/5/9,1184.991,290.011,113.683
2015/5/10,1088.438,240.723,181.404
2015/5/11,1407.102,165.676,189.041
2015/5/12,1433.055,280.167,161.219
2015/5/13,1395.238,223.766,177.51
2015/5/14,1098.291,77.642,145.415
2015/5/15,1245.49,55.131,145.869
2015/5/16,1151.318,193.21,138.181
2015/5/17,1076.939,227.922,149.478
2015/5/18,1396.521,156.963,182.098
2015/5/19,1434.103,241.209,125.1
2015/5/20,1425.217,92.801,105.493
2015/5/21,1423.081,69.252,140.32
2015/5/22,1393.65,41.415,176.991
2015/5/23,1163.304,70.854,119.798
2015/5/24,1010.009,22.434,143.27
2015/5/25,1054.735,74.079,113.398
2015/5/26,1388.669,147.333,110.496
2015/5/27,1420.104,125.289,117.916
2015/5/28,1416.905,256.677,165.649
2015/5/29,1391.308,170.035,147.59
2015/5/30,1182.868,290.929,140.754
2015/5/31,1084.568,283.656,155.475
2015/6/1,1394.145,147.381,132.072
2015/6/2,1437.818,478.516,154.352
2015/6/3,1412.579,316.339,177.705
2015/6/4,1205.178,56.149,218.299
2015/6/5,1320.672,156.822,216.424
2015/6/6,1174.111,184.088,181.009
2015/6/7,1070.875,109.243,186.591
2015/6/8,1395.467,160.107,119.035
2015/6/9,1418.821,106.815,97.876
2015/6/10,1424.7,84.706,143.4
2015/6/11,1420.772,58.756,172.32
2015/6/12,1411.397,56.419,199.816
2015/6/13,1192.32,143.809,143.346
2015/6/14,1073.904,114.352,166.145
2015/6/15,1393.554,112.779,133.096
2015/6/16,1401.419,90.335,137.918
2015/6/17,1402.199,127.653,192.863
2015/6/18,1419.662,223.961,87.712
2015/6/19,1395.931,218.656,104.668
2015/6/20,1180.535,135.488,107.567
2015/6/21,1085.127,80.067,107.638
2015/6/22,1409.975,122.563,90.986
2015/6/23,1431.524,207.185,126.521
2015/6/24,1431.097,177.371,132.832
2015/6/25,1417.865,42.689,175.957
2015/6/26,1394.149,31.867,157.912
2015/6/27,1175.912,166.768,112.506
2015/6/28,1064.642,63.403,186.14
2015/6/29,1398.283,52.494,182.155
2015/6/30,1423.809,47.23,207.983
2015/7/1,1444.957,158.819,217.827
2015/7/2,1470.2,218.79,212.962
2015/7/3,1439.366,71.633,189.467
2015/7/4,1215.227,82.893,196.262
2015/7/5,1121.175,97.525,174.593
2015/7/6,1422.065,173.299,190.647
2015/7/7,1454.992,120.469,184.434
2015/7/8,1434.461,418.904,127.198
2015/7/9,1415.71,418.717,137.691
2015/7/10,1380.306,217.787,200.97
2015/7/11,1165.998,50.018,193.952
2015/7/12,1084.822,116.87,140.94
2015/7/13,1401.845,112.572,75.687
2015/7/14,1429.539,115.932,108.586
2015/7/15,1430.462,50.165,162.621
2015/7/16,1440.181,42.96,183.513
2015/7/17,1425.905,187.513,168.476
2015/7/18,1186.873,150.581,148.598
2015/7/19,1093.809,147.605,108.781
2015/7/20,1399.288,116.549,145.533
2015/7/21,1449.58,197.342,172.694
2015/7/22,1442.967,87.093,165.599
2015/7/23,1417.126,74.843,132.932
2015/7/24,1388.711,108.88,169.174
2015/7/25,1176.33,461.972,135.593
2015/7/26,1051.867,241.118,177.35
2015/7/27,1354.408,290.984,113.897
2015/7/28,1379.207,427.335,123.039
2015/7/29,1374.893,405.033,118.725
2015/7/30,1370.35,396.157,151.511
2015/7/31,1326.948,127.666,188.273
2015/8/1,1123.809,61.181,157.698
2015/8/2,1038.046,46.869,183.837
2015/8/3,1353.912,127.868,203.412
2015/8/4,1385.44,162.887,139.899
2015/8/5,1368.478,68.686,194.808
2015/8/6,1389.743,94.69,190.6
2015/8/7,1363.039,73.113,176.365
2015/8/8,1162.867,126.431,157.084
2015/8/9,1071.309,70.336,171.801
2015/8/10,1364.364,77.203,149.19
2015/8/11,1384.07,79.877,166.506
2015/8/12,1394.084,77.831,154.922
2015/8/13,1394.573,210.782,182.845
2015/8/14,1365.638,188.334,146.498
2015/8/15,1143.305,65.667,121.592
2015/8/16,1068.273,98.615,56.387
2015/8/17,1364.661,142.498,49.802
2015/8/18,1374.693,104.856,94.329
2015/8/19,1363.831,33.009,104.526
2015/8/20,1367.7,30.544,123.53
2015/8/21,1343.751,55.194,173.468
2015/8/22,1144.347,129.765,186.346
2015/8/23,1063.363,289.786,171.318
2015/8/24,1386.899,258.47,120.085
2015/8/25,1400.484,395.609,127.304
2015/8/26,1411.119,288.872,180.244
2015/8/27,1423.337,218.99,119.737
2015/8/28,1383.029,86.618,107.129
2015/8/29,1164.636,40.847,172.194
2015/8/30,1085.568,55.971,162.395
2015/8/31,1418.065,101.452,166.718
2015/9/1,1454.193,221.322,94.596
2015/9/2,1431.186,182.791,120.108
2015/9/3,1424.913,113.314,91.536
2015/9/4,1398.09,240.758,123.201
2015/9/5,1188.41,446.861,95.646
2015/9/6,1108.465,481.082,97.598
2015/9/7,1409.703,147.326,89.038
2015/9/8,1434.184,78.667,118.003
2015/9/9,1426.93,95.916,142.309
2015/9/10,1426.198,152.087,141.593
2015/9/11,1407.695,142.541,138.019
2015/9/12,1201.761,148.795,131.44
2015/9/13,1113.172,137.882,96.79
2015/9/14,1438.257,229.019,70.731
2015/9/15,1458.246,352.415,95.003
2015/9/16,1475.5,319.829,70.325
2015/9/17,1478.113,438.08,76.106
2015/9/18,1415.759,180.151,111.53
2015/9/19,1194.287,85.477,105.757
2015/9/20,1109.639,166.83,90.978
2015/9/21,1420.448,96.52,133.641
2015/9/22,1461.989,171.151,66.474
2015/9/23,1466.2,79.286,64.206
2015/9/24,1456.21,195.382,99.773
2015/9/25,1427.929,77.128,104.589
2015/9/26,1212.761,68.063,94.86
2015/9/27,1121.202,91.519,130.186
2015/9/28,1431.729,90.68,130.787
2015/9/29,1459.78,163.317,142.001
2015/9/30,1458.914,142.645,159.769
2015/10/1,1425.006,102.329,169.809
2015/10/2,1391.05,81.229,160.641
2015/10/3,1103.113,58.129,134.113
2015/10/4,1096.609,54.976,71.88
2015/10/5,1411.536,140.703,101.552
2015/10/6,1472.839,289.122,56.157
2015/10/7,1482.683,196.138,37.459
2015/10/8,1476.684,50.86,44.709
2015/10/9,1434.129,50.77,60.437
2015/10/10,1214.974,198.301,72.662
2015/10/11,1126.644,324.805,111.136
2015/10/12,1445.207,215.958,119.87
2015/10/13,1511.174,127.045,44.312
2015/10/14,1541.517,131.671,22.929
2015/10/15,1543.672,174.998,13.685
2015/10/16,1508.635,85.51,16.653
2015/10/17,1271.678,25.188,30.161
2015/10/18,1179.09,31.86,29.226
2015/10/19,1492.327,20.771,37.181
2015/10/20,1515.969,28.515,35.2
2015/10/21,1511.232,129.95,42.151
2015/10/22,1514.531,262.632,36.773
2015/10/23,1464.955,169.687,62.1
2015/10/24,1245.404,141.877,65.286
2015/10/25,1166.55,107.513,40.377
2015/10/26,1460.365,142.089,77.655
2015/10/27,1501.482,162.714,64.449
2015/10/28,1513.639,162.39,50.586
2015/10/29,1505.791,30.978,30.314
2015/10/30,1482.989,91.141,34.647
2015/10/31,1237.624,188.01,72.031
2015/11/1,1163.587,77.939,87.095
2015/11/2,1487.294,36.538,80.938
2015/11/3,1524.191,27.695,79.488
2015/11/4,1523.905,88.244,60.406
2015/11/5,1505.157,104.743,67.527
2015/11/6,1479.034,217.747,40.382
2015/11/7,1269.524,350.353,28.78
2015/11/8,1162.261,317.087,68.162
2015/11/9,1496.931,578.692,33.549
2015/11/10,1533.091,586.768,33.653
2015/11/11,1521.932,385.009,44.773
2015/11/12,1518.605,283.663,47.09
2015/11/13,1512.112,468.868,36.627
2015/11/14,1298.132,575.84,41.392
2015/11/15,1203.657,530.79,21.279
2015/11/16,1504.112,433.9,45.787
2015/11/17,1542.282,493.618,15.27
2015/11/18,1533.125,689.13,42.715
2015/11/19,1550.195,654.28,30.482
2015/11/20,1531.888,304.537,12.021
2015/11/21,1312.858,195.65,28.132
2015/11/22,1241.689,295.042,22.313
2015/11/23,1563.445,155.925,26.796
2015/11/24,1616.77,408.152,37.328
2015/11/25,1613.408,175.267,11.463
2015/11/26,1596.015,97.362,23.364
2015/11/27,1573.074,248.985,32.104
2015/11/28,1364.086,494.205,17.985
2015/11/29,1267.062,696.637,7.67
2015/11/30,1571.189,597.162,11.929
2015/12/1,1588.021,402.695,14.229
2015/12/2,1585.308,344.001,11.218
2015/12/3,1577.457,279.523,32.06
2015/12/4,1570.318,509.941,18.361
2015/12/5,1337.095,584.727,37.127
2015/12/6,1232.073,589.627,39.065
2015/12/7,1536.251,115.882,37.847
2015/12/8,1572.74,216.441,42.705
2015/12/9,1586.393,279.995,21.606
2015/12/10,1596.593,383.741,38.635
2015/12/11,1578.22,519.489,21.611
2015/12/12,1334.376,422.251,25.051
2015/12/13,1242.101,288.095,23.287
2015/12/14,1554.947,110.012,27.409
2015/12/15,1567.9,81.591,18.892
2015/12/16,1562.404,253.007,11.903
2015/12/17,1512.095,348.145,14.895
2015/12/18,1462.443,328.025,13.02
2015/12/19,1255.073,315.386,28.491
2015/12/20,1165.159,370.892,31.769
2015/12/21,1396.454,583.385,13.837
2015/12/22,1379.031,636.047,26.537
2015/12/23,1312.974,552.049,28.189
2015/12/24,1121.944,450.484,36.87
2015/12/25,1047.277,420.504,32.053
2015/12/26,1049.349,608.375,43.838
2015/12/27,1068.214,440.394,38.625
2015/12/28,1219.075,206.191,41.696
2015/12/29,1233.66,305.635,32.625
2015/12/30,1238.863,365.176,27.27
2015/12/31,1158.103,358.33,20.226
2016/1/1,1060.366,107.209,18.563
2016/1/2,1192.698,409.622,9.406
2016/1/3,1179.282,406.296,13.519
2016/1/4,1456.294,278.46,10.08
2016/1/5,1506.737,206.468,12.549
2016/1/6,1454.685,156.044,12.595
2016/1/7,1540.304,313.603,14.638
2016/1/8,1515.84,460.876,40.969
2016/1/9,1311.996,205.629,23.891
2016/1/10,1217.985,344.477,18.9
2016/1/11,1543.692,199.876,10.178
2016/1/12,1574.058,309.153,15.134
2016/1/13,1595.181,340.799,12.165
2016/1/14,1594.6,236.936,44.55
2016/1/15,1589.38,150.572,8.69
2016/1/16,1376.513,141.733,8.774
2016/1/17,1288.699,103.349,8.734
2016/1/18,1629.911,89.969,19.421
2016/1/19,1672.32,169.572,20.782
2016/1/20,1661.646,114.692,14.239
2016/1/21,1657.049,47.232,19.335
2016/1/22,1653.635,206.777,35.197
2016/1/23,1400.292,279.839,10.634
2016/1/24,1274.629,256.695,17.41
2016/1/25,1556.816,306.528,33.782
2016/1/26,1570.884,484.666,41.686
2016/1/27,1574.427,659.563,24.514
2016/1/28,1559.91,463.767,36.615
2016/1/29,1545.318,650.345,49.519
2016/1/30,1339.319,673.814,27.902
2016/1/31,1233.714,490.027,19.957
2016/2/1,1533.857,567.769,14.783
2016/2/2,1565.493,695.821,25.387
2016/2/3,1583.04,534.971,30.859
2016/2/4,1588.979,364.409,15.194
2016/2/5,1545.368,270.007,22.661
2016/2/6,1293.588,412.127,60.225
2016/2/7,1209.617,515.967,38.074
2016/2/8,1498.211,751.656,32.28
2016/2/9,1550.349,614.367,22.971
2016/2/10,1578.526,402.859,28.641
2016/2/11,1562.214,321.219,44.046
2016/2/12,1541.945,84.493,66.405
2016/2/13,1331.757,169.924,49.373
2016/2/14,1228.404,280.404,26.91
2016/2/15,1565.899,213.62,23.473
2016/2/16,1596.259,77.664,47.473
2016/2/17,1611.729,197.773,44.222
2016/2/18,1584.18,81.678,63.591
2016/2/19,1575.679,124.39,35.428
2016/2/20,1366.934,607.082,17.518
2016/2/21,1229.811,640.254,22.523
2016/2/22,1534.638,538.076,50.117
2016/2/23,1575.798,293.991,37.724
2016/2/24,1578.573,251.744,74.177
2016/2/25,1581.22,165.289,60.597
2016/2/26,1543.553,88.154,77.859
2016/2/27,1314.531,114.991,110.025
2016/2/28,1221.887,187.645,71.202
2016/2/29,1544.11,245.95,43.416
2016/3/1,1581.822,247.365,47.933
2016/3/2,1573.211,359.877,33.769
2016/3/3,1562.373,105.489,52.006
2016/3/4,1548.866,282.382,74.041
2016/3/5,1317.666,84.151,41.606
2016/3/6,1223.36,121.344,49.204
2016/3/7,1531.428,58.417,72.46
2016/3/8,1574.837,73.723,75.801
2016/3/9,1563.842,242.1,119.006
2016/3/10,1546.814,126.091,96.694
2016/3/11,1531.62,93.16,68.225
2016/3/12,1320.899,88.706,62.817
2016/3/13,1217.183,136.273,61.354
2016/3/14,1511.613,92.64,132.422
2016/3/15,1568.054,158.489,35.241
2016/3/16,1560.626,259.235,108.366
2016/3/17,1530.473,82.665,157.923
2016/3/18,1518.48,134.001,111.766
2016/3/19,1313.651,128.629,74.603
2016/3/20,1210.452,280.151,63.36
2016/3/21,1518.724,317.208,62.18
2016/3/22,1534.757,175.309,69.934
2016/3/23,1527.499,139.667,62.735
2016/3/24,1491.316,78.905,72.098
2016/3/25,1200.708,179.416,34.326
2016/3/26,1175.789,245.276,126.359
2016/3/27,1078.086,417.863,88.524
2016/3/28,1114.596,496.78,93.275
2016/3/29,1442.356,412.702,106.981
2016/3/30,1491.498,296.894,69.887
2016/3/31,1482.205,115.269,89.281
2016/4/1,1451.858,96.55,105.434
2016/4/2,1218.446,175.062,141.476
2016/4/3,1107.613,103.749,124.609
2016/4/4,1418.247,138.275,114.352
2016/4/5,1453.871,144.458,97.348
2016/4/6,1466.728,414.337,111.123
2016/4/7,1472.789,345.799,95.247
2016/4/8,1440.043,88.271,112.624
2016/4/9,1206.636,76.923,114.946
2016/4/10,1106.457,155.992,128.075
2016/4/11,1412.149,228.264,159.552
2016/4/12,1446.925,96.344,125.519
2016/4/13,1458.691,48.092,105.106
2016/4/14,1447.353,57.073,125.473
2016/4/15,1429.323,216.47,77.301
2016/4/16,1200.125,321.74,94.122
2016/4/17,1113.521,190.566,87.316
2016/4/18,1428.782,254.759,119.691
2016/4/19,1452.976,395.765,127.562
2016/4/20,1438.061,181.417,191.526
2016/4/21,1433.142,101.879,208.647
2016/4/22,1410.083,149.515,171.5
2016/4/23,1208.184,197.282,89.694
2016/4/24,1126.023,174.225,136.642
2016/4/25,1456.44,258.048,119.736
2016/4/26,1493.585,270.621,96.57
2016/4/27,1507.164,390.803,106.074
2016/4/28,1483.175,184.048,146.866
2016/4/29,1451.057,303.943,161.031
2016/4/30,1205.869,150.234,156.374
2016/5/1,1078.602,179.87,147.931
2016/5/2,1405.185,81.868,197.183
2016/5/3,1462.935,208.678,139.151
2016/5/4,1430.136,84.961,174.185
2016/5/5,1111.379,150.624,212.713
2016/5/6,1254.051,255.574,217.569
2016/5/7,1149.938,315.362,215.963
2016/5/8,1072.653,390.557,217.819
2016/5/9,1403.845,360.421,207.427
2016/5/10,1431.813,258.663,157.71
2016/5/11,1441.717,304.436,180.639
2016/5/12,1444.324,319.678,129.861
2016/5/13,1405.332,216.936,135.926
2016/5/14,1168.618,387.183,132.009
2016/5/15,1048.215,391.687,130.935
2016/5/16,1080.327,264.281,115.66
2016/5/17,1406.559,193.38,113.156
2016/5/18,1432.772,88.949,151.707
2016/5/19,1436.909,60.078,119.795
2016/5/20,1415.619,179.2,144.397
2016/5/21,1175.567,133.517,186.839
2016/5/22,1099.152,217.768,185.444
2016/5/23,1430.635,179.097,83.886
2016/5/24,1454.007,179.908,57.672
2016/5/25,1426.676,27.068,100.661
2016/5/26,1221.096,21.7,169.098
2016/5/27,1313.71,37.271,143.397
2016/5/28,1169.531,85.468,160.593
2016/5/29,1096.905,163.103,124.929
2016/5/30,1423.574,246.019,121.137
2016/5/31,1435.085,106.179,141.406
2016/6/1,1431.441,174.74,99.114
2016/6/2,1421.839,108.363,120.895
2016/6/3,1394.273,102.326,143.213
2016/6/4,1170.051,54.248,173.422
2016/6/5,1076.44,51.03,176.637
2016/6/6,1393.733,69.562,217.347
2016/6/7,1419.232,48.539,214.927
2016/6/8,1420.198,162.731,160.187
2016/6/9,1405.974,100.748,155.237
2016/6/10,1371.476,141.588,220.844
2016/6/11,1156.451,43.853,134.774
2016/6/12,1080.805,85.063,120.363
2016/6/13,1390.936,105.647,116.442
2016/6/14,1413.197,66.559,135.004
2016/6/15,1408.312,52.425,142.133
2016/6/16,1405.908,31.063,136.231
2016/6/17,1382.577,161.169,117.882
2016/6/18,1162.117,141.464,166.885
2016/6/19,1066.99,87.349,138.538
2016/6/20,1377.795,225.611,185.492
2016/6/21,1408.899,95.575,131.177
2016/6/22,1426.195,54.656,185.635
2016/6/23,1446.406,149.945,229.714
2016/6/24,1427.889,100.46,198.067
2016/6/25,1195.55,131.554,134.967
2016/6/26,1071.035,167.573,160.407
2016/6/27,1389.253,173.928,168.835
2016/6/28,1415.082,95.775,177.457
2016/6/29,1422.497,233.871,181.635
2016/6/30,1420.479,151.654,123.378
2016/7/1,1397.573,252.986,167.25
2016/7/2,1173.694,267.166,105.329
2016/7/3,1064.118,184.803,161.292
2016/7/4,1375.612,55.848,183.524
2016/7/5,1416.841,337.075,166.213
2016/7/6,1413.597,430.53,182.117
2016/7/7,1400.162,112.993,217.736
2016/7/8,1393.535,230.053,170.852
2016/7/9,1167.211,202.267,180.61
2016/7/10,1088.476,189.084,213.024
2016/7/11,1408.131,330.197,167.829
2016/7/12,1418.663,149.814,118.051
2016/7/13,1392.884,66.368,123.384
2016/7/14,1395.855,304.15,117.361
2016/7/15,1362.975,287.953,129.004
2016/7/16,1142.248,126.345,157.543
2016/7/17,1065.412,105.563,140.821
2016/7/18,1371.539,103.149,185.383
2016/7/19,1399.163,43.356,208.404
2016/7/20,1419.223,139.192,221.746
2016/7/21,1419.319,82.85,139.663
2016/7/22,1386.894,68.983,172.883
2016/7/23,1167.148,39.23,138.544
2016/7/24,1076.257,17.042,164.821
2016/7/25,1382.122,45.957,159.209
2016/7/26,1401.714,39.085,151.243
2016/7/27,1396.615,86.509,144.98
2016/7/28,1383.221,48.287,143.428
2016/7/29,1351.661,125.464,149.903
2016/7/30,1142.74,108.953,163.954
2016/7/31,1054.524,70.33,96.64
2016/8/1,1321.94,136.108,171.736
2016/8/2,1356.852,91.285,82.123
2016/8/3,1382.448,275.575,101.858
2016/8/4,1376.755,237.706,136.499
2016/8/5,1333.847,136.095,104.52
2016/8/6,1126.238,162.146,141.837
2016/8/7,1038.178,219.447,198.065
2016/8/8,1339.952,350.032,172.576
2016/8/9,1348.403,191.315,110.445
2016/8/10,1342.669,178.861,127.484
2016/8/11,1336.473,193.681,145.304
2016/8/12,1332.298,190.515,63.616
2016/8/13,1134.686,263.628,175.705
2016/8/14,1036.969,98.414,166.926
2016/8/15,1286.423,64.967,173.784
2016/8/16,1346.943,63.308,183.882
2016/8/17,1342.218,45.539,188.333
2016/8/18,1354.995,47.811,161.679
2016/8/19,1341.012,50.566,166.274
2016/8/20,1143.534,147.607,110.185
2016/8/21,1042.629,246.759,125.987
2016/8/22,1357.518,179.294,125.145
2016/8/23,1389.365,59.531,172.384
2016/8/24,1405.574,120.302,197.84
2016/8/25,1414.684,180.961,199.404
2016/8/26,1399.299,126.573,191.312
2016/8/27,1183.501,91.286,185.595
2016/8/28,1095.56,215.476,162.508
2016/8/29,1401.324,228.763,109.809
2016/8/30,1387.894,86.649,178.617
2016/8/31,1401.426,62.143,188.466
2016/9/1,1407.52,77.946,147.092
2016/9/2,1382.375,104.553,164.309
2016/9/3,1156.702,109.438,136.416
2016/9/4,1091.754,272.31,77.087
2016/9/5,1384.297,137.314,92.802
2016/9/6,1398.754,51.471,160.063
2016/9/7,1405.116,78.329,178.62
2016/9/8,1420.959,114.339,177.861
2016/9/9,1392.97,62.264,154.789
2016/9/10,1173.301,59.951,162.472
2016/9/11,1088.362,71.635,146.761
2016/9/12,1409.987,90.561,164.976
2016/9/13,1446.824,161.695,163.843
2016/9/14,1442.332,226.501,161.426
2016/9/15,1436.421,263.849,153.038
2016/9/16,1397.158,87.373,99.221
2016/9/17,1179.558,182.262,49.467
2016/9/18,1087.556,186.179,64.65
2016/9/19,1389.524,55.548,60.986
2016/9/20,1410.447,24.112,79.268
2016/9/21,1407.202,38.319,130.4
2016/9/22,1401.531,31.322,146.984
2016/9/23,1383.836,74.257,123.533
2016/9/24,1160.873,91.768,147.248
2016/9/25,1074.47,176.28,153.542
2016/9/26,1394.293,51.975,111.499
2016/9/27,1422.983,139.471,123.347
2016/9/28,1435.492,463.103,101.805
2016/9/29,1436.797,514.517,127.189
2016/9/30,1403.626,223.673,87.734
2016/10/1,1175.987,111.097,65.258
2016/10/2,1081.683,183.434,69.526
2016/10/3,1105.195,193.54,66.702
2016/10/4,1422.066,363.248,77.268
2016/10/5,1455.863,375.078,108.76
2016/10/6,1489.808,336.553,28.993
2016/10/7,1452.49,147.233,43.97
2016/10/8,1233.154,136.664,56.455
2016/10/9,1143.149,64.247,68.378
2016/10/10,1456.039,35.63,64.504
2016/10/11,1494.224,178.161,48.841
2016/10/12,1495.956,197.458,47.868
2016/10/13,1503.571,331.642,53.251
2016/10/14,1477.953,419.218,69.783
2016/10/15,1243.613,210.1,55.679
2016/10/16,1136.267,125.356,97.233
2016/10/17,1461.414,132.59,46.779
2016/10/18,1489.622,164.324,42.428
2016/10/19,1503.565,204.847,38.17
2016/10/20,1506.204,144.763,38.41
2016/10/21,1479.348,123.034,28.979
2016/10/22,1247.09,74.708,42.324
2016/10/23,1154.998,72.829,60.492
2016/10/24,1482.911,111.547,34.942
2016/10/25,1499.188,42.555,24.537
2016/10/26,1495.441,78.295,35.981
2016/10/27,1495.821,225.143,46.392
2016/10/28,1480.316,375.774,40.042
2016/10/29,1243.55,273.698,49.989
2016/10/30,1141.624,95.191,65.403
2016/10/31,1331.536,57.291,62.064
2016/11/1,1301.873,249.784,54.056
2016/11/2,1519.388,426.114,39.838
2016/11/3,1532.05,123.489,54.63
2016/11/4,1509.537,256.743,46.151
2016/11/5,1299.408,182.205,18.56
2016/11/6,1204.939,201.677,23.128
2016/11/7,1529.163,163.15,22.875
2016/11/8,1571.629,114.086,27.041
2016/11/9,1577.031,128.014,37.869
2016/11/10,1577.657,131.252,19.282
2016/11/11,1568.043,110.925,21.116
2016/11/12,1343.044,118.342,33.756
2016/11/13,1252.972,160.852,44.542
2016/11/14,1564.09,268.23,67.962
2016/11/15,1604.101,383.509,15.412
2016/11/16,1574.039,389.678,11.126
2016/11/17,1564.308,530.966,22.844
2016/11/18,1544.541,630.467,26.264
2016/11/19,1334.341,404.577,15.963
2016/11/20,1233.973,653.836,46.876
2016/11/21,1533.053,392.469,32.608
2016/11/22,1552.999,242.999,26.529
2016/11/23,1546.154,87.572,36.896
2016/11/24,1565.587,236.318,29.136
2016/11/25,1544.217,135.453,28.021
2016/11/26,1336.736,152.083,12.38
2016/11/27,1236.953,280.778,28.533
2016/11/28,1573.721,202.377,62.711
2016/11/29,1628.617,225.935,70.378
2016/11/30,1638.339,492.352,43.081
2016/12/1,1631.279,673.199,16.613
2016/12/2,1585.45,305.234,33.942
2016/12/3,1371.141,71.49,56.021
2016/12/4,1299.91,94.521,48.039
2016/12/5,1614.383,83.789,40.092
2016/12/6,1650.038,81.145,30.851
2016/12/7,1671.129,326.674,22.856
2016/12/8,1632.362,488.881,39.197
2016/12/9,1591.42,426.732,20.611
2016/12/10,1345.308,392.208,40.237
2016/12/11,1267.997,541.689,11.375
2016/12/12,1569.869,162.478,15.058
2016/12/13,1602.297,105.683,21.872
2016/12/14,1595.293,61.788,16.451
2016/12/15,1601.397,190.446,15.773
2016/12/16,1567.488,129.076,28.827
2016/12/17,1365.579,95.797,18.208
2016/12/18,1266.495,123.343,8.439
2016/12/19,1542.018,73.534,18.001
2016/12/20,1572.427,165.172,26.455
2016/12/21,1567.399,309.568,22.974
2016/12/22,1512.661,257.197,20.109
2016/12/23,1415.811,395.296,16.111
2016/12/24,1195.354,681.509,12.843
2016/12/25,1117.673,719.778,6.608
2016/12/26,1121.213,718.16,15.463
2016/12/27,1289.324,640.895,23.448
2016/12/28,1294.881,214.99,19.45
2016/12/29,1295.897,167.698,42.91
2016/12/30,1291.044,239.257,48.546
2016/12/31,1212.568,315.063,34.58
