数据时间,地区,线路名称,线路类型,有功值,无功值,电流值,母线名称,母线电压,温度(℃),湿度(%),气压(Pa),10分钟最大风速(m/s),最大风速时风向,雨量(mm)
2019/1/1 0:00,X地市,10kVX01医院线,医院,1.405482,0.341874,79.49324,10kVⅣ段母线,10.34643,1.6,68,1035.4,5.1,354,0
2019/1/1 0:10,X地市,10kVX01医院线,医院,1.367496,0.31655,79.141502,10kVⅣ段母线,10.31712,1.6,70,1035.5,4.1,351,0
2019/1/1 0:20,X地市,10kVX01医院线,医院,1.342172,0.31655,77.382797,10kVⅣ段母线,10.322982,1.6,71,1035.6,4.2,343,0
2019/1/1 0:30,X地市,10kVX01医院线,医院,1.240876,0.25324,71.051483,10kVⅣ段母线,10.334706,1.6,71,1035.6,4.2,343,0
2019/1/1 0:40,X地市,10kVX01医院线,医院,1.253538,0.265902,71.754959,10kVⅣ段母线,10.34643,1.6,71,1035.6,4.2,343,0
2019/1/1 0:50,X地市,10kVX01医院线,医院,1.304186,0.291226,73.865402,10kVⅣ段母线,10.34643,1.5,70,1035.6,4.4,348,0
2019/1/1 1:00,X地市,10kVX01医院线,医院,1.2662,0.265902,72.810181,10kVⅣ段母线,10.34643,1.5,68,1035.6,5.3,349,0
2019/1/1 1:10,X地市,10kVX01医院线,医院,1.2662,0.265902,72.458443,10kVⅣ段母线,10.352292,1.4,67,1035.7,5.9,349,0
2019/1/1 1:20,X地市,10kVX01医院线,医院,1.291524,0.291226,73.513664,10kVⅣ段母线,10.352292,1.3,66,1035.7,6,351,0
2019/1/1 1:30,X地市,10kVX01医院线,医院,1.291524,0.31655,73.513664,10kVⅣ段母线,10.352292,1.3,66,1035.6,6,351,0
2019/1/1 1:40,X地市,10kVX01医院线,医院,1.316848,0.341874,76.679321,10kVⅣ段母线,10.352292,NULL,NULL,NULL,NULL,NULL,NULL
2019/1/1 1:50,X地市,10kVX01医院线,医院,1.291524,0.31655,73.865402,10kVⅣ段母线,10.352292,1.2,64,1035.7,6,351,0
2019/1/1 2:00,X地市,10kVX01医院线,医院,1.228214,0.278564,68.589302,10kVⅣ段母线,10.364016,1.2,63,1035.7,6,351,0
2019/1/1 2:10,X地市,10kVX01医院线,医院,1.190228,0.25324,68.237564,10kVⅣ段母线,10.37574,1.1,64,1035.8,4,338,0
2019/1/1 2:20,X地市,10kVX01医院线,医院,1.190228,0.265902,66.830597,10kVⅣ段母线,10.364016,1.1,64,1035.8,5.1,355,0
2019/1/1 2:30,X地市,10kVX01医院线,医院,1.278862,0.303888,73.865402,10kVⅣ段母线,10.364016,1.1,64,1035.6,5.1,355,0
2019/1/1 2:40,X地市,10kVX01医院线,医院,1.342172,0.329212,77.382797,10kVⅣ段母线,10.369878,1,63,1035.6,5.1,355,0
2019/1/1 2:50,X地市,10kVX01医院线,医院,1.291524,0.329212,73.161919,10kVⅣ段母线,10.381602,1,64,1035.5,5.4,354,0
2019/1/1 3:00,X地市,10kVX01医院线,医院,1.228214,0.303888,69.996262,10kVⅣ段母线,10.381602,1,64,1035.5,5.4,354,0
2019/1/1 3:10,X地市,10kVX01医院线,医院,1.253538,0.303888,69.996262,10kVⅣ段母线,10.37574,0.9,65,1035.3,4.1,1,0
2019/1/1 3:20,X地市,10kVX01医院线,医院,1.177566,0.265902,67.885818,10kVⅣ段母线,10.381602,0.9,65,1035.3,4.2,352,0
2019/1/1 3:30,X地市,10kVX01医院线,医院,1.177566,0.265902,66.478859,10kVⅣ段母线,10.37574,0.9,65,1035.1,4.2,352,0
2019/1/1 3:40,X地市,10kVX01医院线,医院,1.177566,0.265902,66.830597,10kVⅣ段母线,10.387464,0.9,65,1035.1,4.2,352,0
2019/1/1 3:50,X地市,10kVX01医院线,医院,1.20289,0.265902,67.182343,10kVⅣ段母线,10.387464,0.8,66,1035,4.2,352,0
2019/1/1 4:00,X地市,10kVX01医院线,医院,1.215552,0.291226,69.292778,10kVⅣ段母线,10.387464,NULL,NULL,NULL,NULL,NULL,NULL
2019/1/1 4:10,X地市,10kVX01医院线,医院,1.278862,0.31655,73.513664,10kVⅣ段母线,10.381602,0.8,68,1034.8,3.4,0,0
2019/1/1 4:20,X地市,10kVX01医院线,医院,1.228214,0.31655,69.292778,10kVⅣ段母线,10.393326,NULL,NULL,NULL,NULL,NULL,NULL
2019/1/1 4:30,X地市,10kVX01医院线,医院,1.190228,0.291226,68.94104,10kVⅣ段母线,10.381602,0.8,68,1034.8,3.5,24,0
2019/1/1 4:40,X地市,10kVX01医院线,医院,1.20289,0.291226,69.644524,10kVⅣ段母线,10.393326,0.8,69,1034.7,3.5,24,0
2019/1/1 4:50,X地市,10kVX01医院线,医院,1.228214,0.291226,69.644524,10kVⅣ段母线,10.387464,NULL,NULL,NULL,NULL,NULL,NULL
2019/1/1 5:00,X地市,10kVX01医院线,医院,1.190228,0.265902,66.478859,10kVⅣ段母线,10.393326,0.8,71,1034.6,3.5,24,0
2019/1/1 5:10,X地市,10kVX01医院线,医院,1.228214,0.291226,68.589302,10kVⅣ段母线,10.393326,0.8,70,1034.6,4,15,0
2019/1/1 5:20,X地市,10kVX01医院线,医院,1.253538,0.291226,70.699738,10kVⅣ段母线,10.387464,0.8,71,1034.7,4,15,0
2019/1/1 5:30,X地市,10kVX01医院线,医院,1.215552,0.278564,68.94104,10kVⅣ段母线,10.381602,0.8,71,1034.7,4,15,0
2019/1/1 5:40,X地市,10kVX01医院线,医院,1.32951,0.329212,74.920624,10kVⅣ段母线,10.393326,0.8,71,1034.8,4,15,0
2019/1/1 5:50,X地市,10kVX01医院线,医院,1.215552,0.265902,69.292778,10kVⅣ段母线,10.393326,0.8,72,1035,4,15,0
2019/1/1 6:00,X地市,10kVX01医院线,医院,1.278862,0.265902,71.051483,10kVⅣ段母线,10.381602,0.7,72,1035.1,4,15,0
2019/1/1 6:10,X地市,10kVX01医院线,医院,1.304186,0.303888,73.865402,10kVⅣ段母线,10.369878,0.8,72,1035.3,2.7,345,0
2019/1/1 6:20,X地市,10kVX01医院线,医院,1.291524,0.278564,73.865402,10kVⅣ段母线,10.358154,0.7,72,1035.4,2.7,345,0
2019/1/1 6:30,X地市,10kVX01医院线,医院,1.32951,0.278564,77.031059,10kVⅣ段母线,10.364016,0.7,71,1035.5,2.7,345,0
2019/1/1 6:40,X地市,10kVX01医院线,医院,1.342172,0.291226,75.6241,10kVⅣ段母线,10.358154,0.7,72,1035.6,2.7,345,0
2019/1/1 6:50,X地市,10kVX01医院线,医院,1.532102,0.329212,87.231522,10kVⅣ段母线,10.34643,0.7,73,1035.7,2.7,345,0
2019/1/1 7:00,X地市,10kVX01医院线,医院,1.51944,0.329212,87.934998,10kVⅣ段母线,10.352292,0.7,72,1035.8,2.7,351,0
2019/1/1 7:10,X地市,10kVX01医院线,医院,1.633398,0.329212,92.155884,10kVⅣ段母线,10.340568,0.7,72,1035.9,2,346,0
2019/1/1 7:20,X地市,10kVX01医院线,医院,1.64606,0.354536,91.804138,10kVⅣ段母线,10.340568,0.7,71,1036.1,2.2,356,0
2019/1/1 7:30,X地市,10kVX01医院线,医院,1.658722,0.354536,95.673279,10kVⅣ段母线,10.322982,0.8,71,1036.3,2.2,356,0
2019/1/1 7:40,X地市,10kVX01医院线,医院,1.608074,0.329212,92.85936,10kVⅣ段母线,10.334706,0.8,70,1036.4,2.2,356,0
2019/1/1 7:50,X地市,10kVX01医院线,医院,1.633398,0.341874,92.85936,10kVⅣ段母线,10.31712,0.9,71,1036.4,2.2,356,0
2019/1/1 8:00,X地市,10kVX01医院线,医院,1.58275,0.329212,90.748924,10kVⅣ段母线,10.31712,NULL,NULL,NULL,NULL,NULL,NULL
2019/1/1 8:10,X地市,10kVX01医院线,医院,1.557426,0.291226,87.58326,10kVⅣ段母线,10.34643,1,71,1036.6,1.6,337,0
2019/1/1 8:20,X地市,10kVX01医院线,医院,1.570088,0.329212,88.990219,10kVⅣ段母线,10.334706,1,69,1036.8,1.6,355,0
2019/1/1 8:30,X地市,10kVX01医院线,医院,1.544764,0.303888,90.045441,10kVⅣ段母线,10.311258,1.1,68,1036.8,1.6,355,0
2019/1/1 8:40,X地市,10kVX01医院线,医院,1.570088,0.329212,90.045441,10kVⅣ段母线,10.31712,1.2,69,1036.7,1.6,355,0
2019/1/1 8:50,X地市,10kVX01医院线,医院,1.544764,0.215254,88.286743,10kVⅣ段母线,10.305396,1.3,66,1036.7,2.1,10,0
2019/1/1 9:00,X地市,10kVX01医院线,医院,1.595412,0.202592,91.100662,10kVⅣ段母线,10.31712,1.3,65,1036.8,3.4,340,0
2019/1/1 9:10,X地市,10kVX01医院线,医院,1.570088,0.202592,90.045441,10kVⅣ段母线,10.311258,1.4,63,1036.8,2.6,12,0
2019/1/1 9:20,X地市,10kVX01医院线,医院,1.58275,0.18993,90.397179,10kVⅣ段母线,10.311258,1.5,62,1036.8,3.1,0,0
2019/1/1 9:30,X地市,10kVX01医院线,医院,1.595412,0.18993,91.804138,10kVⅣ段母线,10.299534,1.5,63,1036.8,3.1,0,0
2019/1/1 9:40,X地市,10kVX01医院线,医院,1.58275,0.227916,90.397179,10kVⅣ段母线,10.28781,1.9,62,1036.6,3.1,0,0
2019/1/1 9:50,X地市,10kVX01医院线,医院,1.468792,0.202592,84.065857,10kVⅣ段母线,10.293672,2.4,60,1036.6,3.1,0,0
2019/1/1 10:00,X地市,10kVX01医院线,医院,1.532102,0.202592,86.1763,10kVⅣ段母线,10.281948,2.8,59,1036.5,3.1,0,0
2019/1/1 10:10,X地市,10kVX01医院线,医院,1.570088,0.25324,90.045441,10kVⅣ段母线,10.270224,3.1,58,1036.3,1.6,329,0
2019/1/1 10:20,X地市,10kVX01医院线,医院,1.620736,0.25324,93.562843,10kVⅣ段母线,10.270224,3.1,55,1036.2,3.6,317,0
2019/1/1 10:30,X地市,10kVX01医院线,医院,1.595412,0.25324,90.748924,10kVⅣ段母线,10.252638,3.1,56,1036.1,3.9,325,0
2019/1/1 10:40,X地市,10kVX01医院线,医院,1.658722,0.25324,95.321541,10kVⅣ段母线,10.2585,3.3,55,1035.9,4.7,8,0
2019/1/1 10:50,X地市,10kVX01医院线,医院,1.595412,0.215254,93.211098,10kVⅣ段母线,10.276086,NULL,NULL,NULL,NULL,NULL,NULL
2019/1/1 11:00,X地市,10kVX01医院线,医院,1.70937,0.25324,99.542419,10kVⅣ段母线,10.264362,3.8,54,1035.7,4.7,8,0
2019/1/1 11:10,X地市,10kVX01医院线,医院,1.671384,0.265902,97.783722,10kVⅣ段母线,10.264362,3.9,53,1035.4,4.5,16,0
2019/1/1 11:20,X地市,10kVX01医院线,医院,1.70937,0.240578,98.487198,10kVⅣ段母线,10.276086,4.1,54,1035.1,4.5,312,0
2019/1/1 11:30,X地市,10kVX01医院线,医院,1.658722,0.240578,96.7285,10kVⅣ段母线,10.2585,4.2,51,1034.8,4.5,312,0
2019/1/1 11:40,X地市,10kVX01医院线,医院,1.620736,0.215254,93.211098,10kVⅣ段母线,10.270224,4.3,51,1034.5,4.7,326,0
2019/1/1 11:50,X地市,10kVX01医院线,医院,1.658722,0.265902,94.618057,10kVⅣ段母线,10.270224,4.3,50,1034.2,5.1,325,0
2019/1/1 12:00,X地市,10kVX01医院线,医院,1.671384,0.265902,97.080238,10kVⅣ段母线,10.264362,4.8,48,1034.1,5.4,17,0
2019/1/1 12:10,X地市,10kVX01医院线,医院,1.671384,0.265902,97.431984,10kVⅣ段母线,10.264362,4.5,47,1033.8,4.8,356,0
2019/1/1 12:20,X地市,10kVX01医院线,医院,1.64606,0.240578,94.618057,10kVⅣ段母线,10.270224,4.6,48,1033.6,5.7,340,0
2019/1/1 12:30,X地市,10kVX01医院线,医院,1.671384,0.240578,94.969803,10kVⅣ段母线,10.276086,4.7,48,1033.5,5.7,340,0
2019/1/1 12:40,X地市,10kVX01医院线,医院,1.595412,0.227916,91.4524,10kVⅣ段母线,10.264362,4.7,46,1033.5,5.7,340,0
2019/1/1 12:50,X地市,10kVX01医院线,医院,1.544764,0.227916,87.934998,10kVⅣ段母线,10.276086,5.2,48,1033.3,5.7,340,0
2019/1/1 13:00,X地市,10kVX01医院线,医院,1.557426,0.227916,88.286743,10kVⅣ段母线,10.276086,4.8,46,1033.2,6,339,0
2019/1/1 13:10,X地市,10kVX01医院线,医院,1.58275,0.278564,91.100662,10kVⅣ段母线,10.276086,5.3,44,1033.2,5,355,0
2019/1/1 13:20,X地市,10kVX01医院线,医院,1.557426,0.278564,88.286743,10kVⅣ段母线,10.293672,5.3,43,1033,6.7,21,0
2019/1/1 13:30,X地市,10kVX01医院线,医院,1.570088,0.278564,90.045441,10kVⅣ段母线,10.299534,5.4,42,1032.9,6.7,21,0
2019/1/1 13:40,X地市,10kVX01医院线,医院,1.595412,0.278564,90.748924,10kVⅣ段母线,10.28781,5.1,41,1032.7,6.7,21,0
2019/1/1 13:50,X地市,10kVX01医院线,医院,1.532102,0.25324,87.58326,10kVⅣ段母线,10.28781,5.1,40,1032.6,6.7,21,0
2019/1/1 14:00,X地市,10kVX01医院线,医院,1.570088,0.265902,90.397179,10kVⅣ段母线,10.293672,5.1,38,1032.6,6.7,21,0
2019/1/1 14:10,X地市,10kVX01医院线,医院,1.595412,0.240578,93.211098,10kVⅣ段母线,10.305396,5.1,38,1032.5,5.6,351,0
2019/1/1 14:20,X地市,10kVX01医院线,医院,1.620736,0.25324,94.618057,10kVⅣ段母线,10.305396,5.3,38,1032.6,6.2,46,0
2019/1/1 14:30,X地市,10kVX01医院线,医院,1.532102,0.215254,88.286743,10kVⅣ段母线,10.299534,5.2,37,1032.6,6.2,46,0
2019/1/1 14:40,X地市,10kVX01医院线,医院,1.58275,0.265902,90.045441,10kVⅣ段母线,10.311258,5.1,38,1032.7,6.2,46,0
2019/1/1 14:50,X地市,10kVX01医院线,医院,1.570088,0.240578,88.990219,10kVⅣ段母线,10.305396,4.9,38,1032.8,6.2,46,0
2019/1/1 15:00,X地市,10kVX01医院线,医院,1.570088,0.240578,88.990219,10kVⅣ段母线,10.305396,4.8,37,1033,6.2,46,0
2019/1/1 15:10,X地市,10kVX01医院线,医院,1.595412,0.240578,89.693703,10kVⅣ段母线,10.305396,4.9,37,1033.1,4.8,39,0
2019/1/1 15:20,X地市,10kVX01医院线,医院,1.633398,0.215254,93.914581,10kVⅣ段母线,10.31712,5,38,1033.1,4.8,39,0
2019/1/1 15:30,X地市,10kVX01医院线,医院,1.633398,0.240578,93.914581,10kVⅣ段母线,10.311258,4.8,36,1033.1,5.1,40,0
2019/1/1 15:40,X地市,10kVX01医院线,医院,1.658722,0.240578,95.673279,10kVⅣ段母线,10.311258,4.7,36,1033.1,5.1,42,0
2019/1/1 15:50,X地市,10kVX01医院线,医院,1.671384,0.265902,97.431984,10kVⅣ段母线,10.299534,4.6,35,1033.1,5.1,42,0
2019/1/1 16:00,X地市,10kVX01医院线,医院,1.620736,0.240578,94.266319,10kVⅣ段母线,10.305396,4.5,37,1033.1,5.1,40,0
2019/1/1 16:10,X地市,10kVX01医院线,医院,1.633398,0.240578,93.914581,10kVⅣ段母线,10.305396,4.3,37,1033,4.8,20,0
2019/1/1 16:20,X地市,10kVX01医院线,医院,1.608074,0.240578,92.507622,10kVⅣ段母线,10.293672,4.2,36,1033,5.4,20,0
2019/1/1 16:30,X地市,10kVX01医院线,医院,1.70937,0.240578,98.13546,10kVⅣ段母线,10.276086,4,38,1033,5.4,20,0
2019/1/1 16:40,X地市,10kVX01医院线,医院,1.684046,0.265902,96.025024,10kVⅣ段母线,10.270224,3.8,37,1033.2,5.4,20,0
2019/1/1 16:50,X地市,10kVX01医院线,医院,1.760018,0.265902,100.949379,10kVⅣ段母线,10.276086,3.6,38,1033.2,5.4,20,0
2019/1/1 17:00,X地市,10kVX01医院线,医院,1.696708,0.240578,98.487198,10kVⅣ段母线,10.281948,3.4,39,1033.3,5.4,20,0
2019/1/1 17:10,X地市,10kVX01医院线,医院,1.734694,0.44317,100.949379,10kVⅣ段母线,10.264362,NULL,NULL,NULL,NULL,NULL,NULL
2019/1/1 17:20,X地市,10kVX01医院线,医院,1.722032,0.44317,101.652863,10kVⅣ段母线,10.2585,3,40,1033.5,4.7,22,0
2019/1/1 17:30,X地市,10kVX01医院线,医院,1.77268,0.44317,103.059822,10kVⅣ段母线,10.246776,2.7,41,1033.7,4.7,22,0
2019/1/1 17:40,X地市,10kVX01医院线,医院,1.785342,0.417846,104.115044,10kVⅣ段母线,10.240914,2.6,42,1033.8,4.7,22,0
2019/1/1 17:50,X地市,10kVX01医院线,医院,1.810666,0.44317,106.577217,10kVⅣ段母线,10.240914,2.4,43,1033.9,4.7,22,0
2019/1/1 18:00,X地市,10kVX01医院线,医院,1.760018,0.44317,104.115044,10kVⅣ段母线,10.235052,2.1,45,1034,4.7,22,0
2019/1/1 18:10,X地市,10kVX01医院线,医院,1.722032,0.44317,99.542419,10kVⅣ段母线,10.34643,1.9,45,1034,3.8,34,0
2019/1/1 18:20,X地市,10kVX01医院线,医院,1.747356,0.417846,100.245903,10kVⅣ段母线,10.358154,1.7,45,1034,3.8,34,0
2019/1/1 18:30,X地市,10kVX01医院线,医院,1.64606,0.405184,96.025024,10kVⅣ段母线,10.37574,1.5,45,1034.1,3.8,34,0
2019/1/1 18:40,X地市,10kVX01医院线,医院,1.620736,0.405184,94.969803,10kVⅣ段母线,10.369878,1.4,45,1034.1,3.8,34,0
2019/1/1 18:50,X地市,10kVX01医院线,医院,1.64606,0.392522,96.025024,10kVⅣ段母线,10.352292,1.3,46,1034.1,3.8,34,0
2019/1/1 19:00,X地市,10kVX01医院线,医院,1.658722,0.405184,96.376762,10kVⅣ段母线,10.334706,1,49,1034.1,3.8,31,0
2019/1/1 19:10,X地市,10kVX01医院线,医院,1.658722,0.405184,95.321541,10kVⅣ段母线,10.34643,0.8,48,1034,2.1,17,0
2019/1/1 19:20,X地市,10kVX01医院线,医院,1.671384,0.405184,96.376762,10kVⅣ段母线,10.369878,0.6,50,1034.1,2.5,0,0
2019/1/1 19:30,X地市,10kVX01医院线,医院,1.696708,0.392522,98.13546,10kVⅣ段母线,10.369878,0.6,49,1034,2.7,8,0
2019/1/1 19:40,X地市,10kVX01医院线,医院,1.64606,0.392522,94.266319,10kVⅣ段母线,10.364016,NULL,NULL,NULL,NULL,NULL,NULL
2019/1/1 19:50,X地市,10kVX01医院线,医院,1.58275,0.354536,89.693703,10kVⅣ段母线,10.364016,0.2,54,1034.4,2.7,8,0
2019/1/1 20:00,X地市,10kVX01医院线,医院,1.58275,0.392522,91.4524,10kVⅣ段母线,10.358154,0,55,1034.6,2.7,8,0
2019/1/1 20:10,X地市,10kVX01医院线,医院,1.608074,0.417846,93.914581,10kVⅣ段母线,10.34643,-0.2,56,1034.5,2.1,6,0
2019/1/1 20:20,X地市,10kVX01医院线,医院,1.684046,0.405184,97.080238,10kVⅣ段母线,10.358154,-0.3,56,1034.6,2.2,6,0
2019/1/1 20:30,X地市,10kVX01医院线,医院,1.671384,0.417846,97.783722,10kVⅣ段母线,10.352292,-0.4,57,1034.3,2.7,9,0
2019/1/1 20:40,X地市,10kVX01医院线,医院,1.671384,0.417846,97.080238,10kVⅣ段母线,10.369878,-0.4,57,1034.1,3.5,15,0
2019/1/1 20:50,X地市,10kVX01医院线,医院,1.608074,0.392522,92.85936,10kVⅣ段母线,10.369878,-0.4,58,1033.9,3.5,15,0
2019/1/1 21:00,X地市,10kVX01医院线,医院,1.608074,0.341874,92.85936,10kVⅣ段母线,10.37574,-0.3,61,1033.9,3.9,17,0
2019/1/1 21:10,X地市,10kVX01医院线,医院,1.620736,0.367198,93.914581,10kVⅣ段母线,10.352292,-0.1,61,1033.8,3.1,3,0
2019/1/1 21:20,X地市,10kVX01医院线,医院,1.633398,0.392522,93.914581,10kVⅣ段母线,10.364016,0,61,1034,3.2,1,0
2019/1/1 21:30,X地市,10kVX01医院线,医院,1.595412,0.367198,92.507622,10kVⅣ段母线,10.387464,0.1,61,1034.2,3.2,1,0
2019/1/1 21:40,X地市,10kVX01医院线,医院,1.595412,0.392522,93.211098,10kVⅣ段母线,10.387464,0.1,61,1034,3.2,1,0
2019/1/1 21:50,X地市,10kVX01医院线,医院,1.633398,0.37986,94.618057,10kVⅣ段母线,10.369878,0.1,61,1034.4,3.2,1,0
2019/1/1 22:00,X地市,10kVX01医院线,医院,1.608074,0.37986,93.211098,10kVⅣ段母线,10.369878,NULL,NULL,NULL,NULL,NULL,NULL
2019/1/1 22:10,X地市,10kVX01医院线,医院,1.64606,0.392522,93.914581,10kVⅣ段母线,10.40505,0.1,63,1033.9,3.2,11,0
2019/1/1 22:20,X地市,10kVX01医院线,医院,1.58275,0.392522,90.045441,10kVⅣ段母线,10.428498,0.2,63,1033.9,3.2,11,0
2019/1/1 22:30,X地市,10kVX01医院线,医院,1.608074,0.405184,91.4524,10kVⅣ段母线,10.440222,0.1,64,1033.8,3.2,11,0
2019/1/1 22:40,X地市,10kVX01医院线,医院,1.58275,0.392522,88.286743,10kVⅣ段母线,10.428498,0,65,1033.9,3.2,11,0
2019/1/1 22:50,X地市,10kVX01医院线,医院,1.557426,0.392522,86.528038,10kVⅣ段母线,10.457808,0.1,65,1034.1,3.2,11,0
2019/1/1 23:00,X地市,10kVX01医院线,医院,1.58275,0.367198,89.341957,10kVⅣ段母线,10.446084,0.1,66,1033.8,3.2,11,0
2019/1/1 23:10,X地市,10kVX01医院线,医院,1.430806,0.341874,80.9002,10kVⅣ段母线,10.358154,0.2,65,1034.3,2.7,358,0
2019/1/1 23:20,X地市,10kVX01医院线,医院,1.481454,0.37986,84.065857,10kVⅣ段母线,10.340568,0.3,64,1034.8,2.7,358,0
2019/1/1 23:30,X地市,10kVX01医院线,医院,1.418144,0.329212,80.196724,10kVⅣ段母线,10.369878,NULL,NULL,NULL,NULL,NULL,NULL
2019/1/1 23:40,X地市,10kVX01医院线,医院,1.380158,0.329212,79.141502,10kVⅣ段母线,10.364016,0.1,66,1035,2.7,358,0
2019/1/1 23:50,X地市,10kVX01医院线,医院,1.354834,0.329212,77.031059,10kVⅣ段母线,10.381602,NULL,NULL,NULL,NULL,NULL,NULL
2019/1/2 0:00,X地市,10kVX01医院线,医院,1.304186,0.303888,74.21714,10kVⅣ段母线,10.358154,0.1,66,1034.7,2.7,358,0
2019/1/2 0:10,X地市,10kVX01医院线,医院,1.253538,0.265902,70.699738,10kVⅣ段母线,10.34643,0.2,66,1034.8,1.4,355,0
2019/1/2 0:20,X地市,10kVX01医院线,医院,1.278862,0.265902,72.810181,10kVⅣ段母线,10.352292,0.2,66,1034.7,1.4,355,0
2019/1/2 0:30,X地市,10kVX01医院线,医院,1.253538,0.265902,70.348,10kVⅣ段母线,10.358154,0.2,67,1034.7,1.4,355,0
2019/1/2 0:40,X地市,10kVX01医院线,医院,1.20289,0.265902,69.292778,10kVⅣ段母线,10.34643,NULL,NULL,NULL,NULL,NULL,NULL
2019/1/2 0:50,X地市,10kVX01医院线,医院,1.20289,0.265902,68.589302,10kVⅣ段母线,10.364016,0.1,68,1034.5,1.9,49,0
2019/1/2 1:00,X地市,10kVX01医院线,医院,1.278862,0.31655,73.513664,10kVⅣ段母线,10.364016,0.1,69,1034.5,2.3,34,0
2019/1/2 1:10,X地市,10kVX01医院线,医院,1.278862,0.31655,73.865402,10kVⅣ段母线,10.369878,0.2,68,1034.5,2.4,44,0
2019/1/2 1:20,X地市,10kVX01医院线,医院,1.253538,0.31655,72.458443,10kVⅣ段母线,10.381602,0.3,66,1034.6,2.8,39,0
2019/1/2 1:30,X地市,10kVX01医院线,医院,1.228214,0.291226,70.348,10kVⅣ段母线,10.381602,0.5,65,1034.7,2.8,39,0
2019/1/2 1:40,X地市,10kVX01医院线,医院,1.253538,0.31655,72.458443,10kVⅣ段母线,10.369878,NULL,NULL,NULL,NULL,NULL,NULL
2019/1/2 1:50,X地市,10kVX01医院线,医院,1.190228,0.278564,66.478859,10kVⅣ段母线,10.387464,0.8,64,1034.8,3,49,0
2019/1/2 2:00,X地市,10kVX01医院线,医院,1.164904,0.25324,65.071899,10kVⅣ段母线,10.369878,0.8,65,1034.8,3,49,0
2019/1/2 2:10,X地市,10kVX01医院线,医院,1.177566,0.278564,66.830597,10kVⅣ段母线,10.381602,0.8,66,1034.6,2.4,131,0
2019/1/2 2:20,X地市,10kVX01医院线,医院,1.164904,0.278564,65.071899,10kVⅣ段母线,10.37574,0.9,66,1034.7,2.5,102,0
2019/1/2 2:30,X地市,10kVX01医院线,医院,1.190228,0.278564,67.534081,10kVⅣ段母线,10.381602,0.9,66,1034.5,2.6,97,0
2019/1/2 2:40,X地市,10kVX01医院线,医院,1.253538,0.303888,71.051483,10kVⅣ段母线,10.381602,0.9,67,1034.4,3.4,84,0
2019/1/2 2:50,X地市,10kVX01医院线,医院,1.215552,0.303888,69.644524,10kVⅣ段母线,10.393326,0.9,67,1034.3,3.6,89,0
2019/1/2 3:00,X地市,10kVX01医院线,医院,1.253538,0.303888,69.996262,10kVⅣ段母线,10.381602,0.9,67,1034.3,3.6,89,0
2019/1/2 3:10,X地市,10kVX01医院线,医院,1.2662,0.303888,72.810181,10kVⅣ段母线,10.393326,0.9,67,1034.1,2.9,84,0
2019/1/2 3:20,X地市,10kVX01医院线,医院,1.228214,0.303888,69.644524,10kVⅣ段母线,10.381602,NULL,NULL,NULL,NULL,NULL,NULL
2019/1/2 3:30,X地市,10kVX01医院线,医院,1.164904,0.278564,66.478859,10kVⅣ段母线,10.387464,0.9,67,1033.9,3.7,88,0
2019/1/2 3:40,X地市,10kVX01医院线,医院,1.13958,0.25324,64.016678,10kVⅣ段母线,10.399188,0.9,68,1033.9,3.7,88,0
2019/1/2 3:50,X地市,10kVX01医院线,医院,1.164904,0.25324,66.127121,10kVⅣ段母线,10.387464,0.9,67,1033.8,3.7,88,0
2019/1/2 4:00,X地市,10kVX01医院线,医院,1.190228,0.278564,67.885818,10kVⅣ段母线,10.399188,0.9,68,1033.9,3.7,88,0
2019/1/2 4:10,X地市,10kVX01医院线,医院,1.278862,0.291226,71.754959,10kVⅣ段母线,10.399188,NULL,NULL,NULL,NULL,NULL,NULL
2019/1/2 4:20,X地市,10kVX01医院线,医院,1.278862,0.341874,74.920624,10kVⅣ段母线,10.399188,0.8,69,1033.8,1.7,68,0
2019/1/2 4:30,X地市,10kVX01医院线,医院,1.2662,0.31655,71.403221,10kVⅣ段母线,10.387464,0.8,69,1033.7,2.1,92,0
2019/1/2 4:40,X地市,10kVX01医院线,医院,1.278862,0.31655,72.458443,10kVⅣ段母线,10.399188,0.8,69,1033.6,2.1,92,0
2019/1/2 4:50,X地市,10kVX01医院线,医院,1.2662,0.31655,70.699738,10kVⅣ段母线,10.387464,0.9,69,1033.6,2.1,92,0
2019/1/2 5:00,X地市,10kVX01医院线,医院,1.316848,0.31655,72.106697,10kVⅣ段母线,10.399188,0.9,69,1033.5,2.1,87,0
2019/1/2 5:10,X地市,10kVX01医院线,医院,1.316848,0.265902,73.161919,10kVⅣ段母线,10.387464,0.9,69,1033.5,2.5,65,0
2019/1/2 5:20,X地市,10kVX01医院线,医院,1.2662,0.265902,71.754959,10kVⅣ段母线,10.387464,0.9,70,1033.6,2.5,65,0
2019/1/2 5:30,X地市,10kVX01医院线,医院,1.316848,0.265902,73.513664,10kVⅣ段母线,10.364016,0.9,70,1033.5,2.5,65,0
2019/1/2 5:40,X地市,10kVX01医院线,医院,1.342172,0.291226,75.272362,10kVⅣ段母线,10.37574,0.9,69,1033.5,2.5,65,0
2019/1/2 5:50,X地市,10kVX01医院线,医院,1.405482,0.31655,78.438019,10kVⅣ段母线,10.381602,0.9,68,1033.6,2.6,73,0
2019/1/2 6:00,X地市,10kVX01医院线,医院,1.51944,0.367198,86.1763,10kVⅣ段母线,10.369878,0.9,68,1033.6,2.6,73,0
2019/1/2 6:10,X地市,10kVX01医院线,医院,1.532102,0.341874,87.231522,10kVⅣ段母线,10.358154,0.9,68,1033.6,2.9,64,0
2019/1/2 6:20,X地市,10kVX01医院线,医院,1.544764,0.329212,88.638481,10kVⅣ段母线,10.34643,1,66,1033.6,3.5,80,0
2019/1/2 6:30,X地市,10kVX01医院线,医院,1.570088,0.31655,89.341957,10kVⅣ段母线,10.334706,1,67,1033.8,3.5,80,0
2019/1/2 6:40,X地市,10kVX01医院线,医院,1.58275,0.329212,89.693703,10kVⅣ段母线,10.311258,1,65,1033.8,3.5,80,0
2019/1/2 6:50,X地市,10kVX01医院线,医院,1.633398,0.37986,91.100662,10kVⅣ段母线,10.276086,1,65,1033.8,3.5,80,0
2019/1/2 7:00,X地市,10kVX01医院线,医院,1.747356,0.405184,99.190681,10kVⅣ段母线,10.270224,1,65,1033.8,3.5,80,0
2019/1/2 7:10,X地市,10kVX01医院线,医院,1.760018,0.37986,100.245903,10kVⅣ段母线,10.276086,1,66,1033.9,4.2,91,0
2019/1/2 7:20,X地市,10kVX01医院线,医院,1.798004,0.405184,100.597641,10kVⅣ段母线,10.364016,1,66,1033.9,4.2,91,0
2019/1/2 7:30,X地市,10kVX01医院线,医院,1.861314,0.430508,106.225479,10kVⅣ段母线,10.34643,1,66,1033.8,4.2,91,0
2019/1/2 7:40,X地市,10kVX01医院线,医院,1.987934,0.392522,110.09462,10kVⅣ段母线,10.34643,1.1,66,1034,4.2,91,0
2019/1/2 7:50,X地市,10kVX01医院线,医院,1.987934,0.417846,111.853317,10kVⅣ段母线,10.340568,1.1,65,1034,4.2,91,0
2019/1/2 8:00,X地市,10kVX01医院线,医院,2.051244,0.468494,115.722458,10kVⅣ段母线,10.31712,1.2,65,1033.9,4.2,91,0
2019/1/2 8:10,X地市,10kVX01医院线,医院,2.101892,0.468494,120.64682,10kVⅣ段母线,10.328844,NULL,NULL,NULL,NULL,NULL,NULL
2019/1/2 8:20,X地市,10kVX01医院线,医院,2.241174,0.493818,129.088577,10kVⅣ段母线,10.334706,1.3,63,1034,2.9,96,0
2019/1/2 8:30,X地市,10kVX01医院线,医院,2.241174,0.493818,128.736847,10kVⅣ段母线,10.328844,1.4,63,1034,3.9,71,0
2019/1/2 8:40,X地市,10kVX01医院线,医院,2.27916,0.493818,130.847275,10kVⅣ段母线,10.311258,1.5,61,1034,4.1,95,0
2019/1/2 8:50,X地市,10kVX01医院线,医院,2.266498,0.50648,131.19902,10kVⅣ段母线,10.305396,1.6,61,1034.1,4.1,95,0
2019/1/2 9:00,X地市,10kVX01医院线,医院,2.27916,0.493818,131.19902,10kVⅣ段母线,10.293672,1.6,59,1034.2,4.3,90,0
2019/1/2 9:10,X地市,10kVX01医院线,医院,2.46909,0.405184,141.047745,10kVⅣ段母线,10.281948,1.7,58,1034.4,4,84,0
2019/1/2 9:20,X地市,10kVX01医院线,医院,2.367794,0.405184,134.716415,10kVⅣ段母线,10.2585,1.7,57,1034.5,4.1,83,0
2019/1/2 9:30,X地市,10kVX01医院线,医院,2.481752,0.405184,140.344254,10kVⅣ段母线,10.246776,1.8,57,1034.4,4.1,83,0
2019/1/2 9:40,X地市,10kVX01医院线,医院,2.494414,0.417846,142.454697,10kVⅣ段母线,10.246776,NULL,NULL,NULL,NULL,NULL,NULL
2019/1/2 9:50,X地市,10kVX01医院线,医院,2.481752,0.44317,141.751221,10kVⅣ段母线,10.399188,1.9,55,1034.5,4.1,111,0
2019/1/2 10:00,X地市,10kVX01医院线,医院,2.418442,0.430508,137.178604,10kVⅣ段母线,10.40505,1.8,54,1034.3,4.3,105,0
2019/1/2 10:10,X地市,10kVX01医院线,医院,2.5324,0.455832,143.861664,10kVⅣ段母线,10.393326,1.9,54,1034,4.7,90,0
2019/1/2 10:20,X地市,10kVX01医院线,医院,2.494414,0.455832,141.751221,10kVⅣ段母线,10.352292,NULL,NULL,NULL,NULL,NULL,NULL
2019/1/2 10:30,X地市,10kVX01医院线,医院,2.431104,0.455832,139.992523,10kVⅣ段母线,10.322982,2.1,51,1033.9,4.9,87,0
2019/1/2 10:40,X地市,10kVX01医院线,医院,2.40578,0.455832,138.937302,10kVⅣ段母线,10.352292,2.2,50,1033.8,4.9,70,0
2019/1/2 10:50,X地市,10kVX01医院线,医院,2.507076,0.481156,145.972107,10kVⅣ段母线,10.34643,2.3,50,1033.7,4.9,70,0
2019/1/2 11:00,X地市,10kVX01医院线,医院,2.621034,0.481156,148.786026,10kVⅣ段母线,10.40505,2.4,49,1033.5,4.9,87,0
2019/1/2 11:10,X地市,10kVX01医院线,医院,2.5324,0.481156,145.620361,10kVⅣ段母线,10.387464,2.4,49,1033.3,4.5,88,0
2019/1/2 11:20,X地市,10kVX01医院线,医院,2.608372,0.481156,150.192978,10kVⅣ段母线,10.387464,2.6,49,1033.1,4.5,88,0
2019/1/2 11:30,X地市,10kVX01医院线,医院,2.557724,0.455832,146.323837,10kVⅣ段母线,10.399188,2.7,49,1032.9,4.5,88,0
2019/1/2 11:40,X地市,10kVX01医院线,医院,2.59571,0.455832,147.730804,10kVⅣ段母线,10.399188,2.9,50,1032.7,4.8,102,0
2019/1/2 11:50,X地市,10kVX01医院线,医院,2.507076,0.44317,142.806442,10kVⅣ段母线,10.387464,2.9,50,1032.6,4.8,102,0
2019/1/2 12:00,X地市,10kVX01医院线,医院,2.481752,0.44317,140.695999,10kVⅣ段母线,10.393326,3.2,51,1032.3,4.8,102,0
2019/1/2 12:10,X地市,10kVX01医院线,医院,2.456428,0.417846,140.344254,10kVⅣ段母线,10.364016,3.2,50,1032.1,3.5,89,0
2019/1/2 12:20,X地市,10kVX01医院线,医院,2.443766,0.44317,139.289047,10kVⅣ段母线,10.37574,3.4,49,1031.9,3.7,29,0
2019/1/2 12:30,X地市,10kVX01医院线,医院,2.46909,0.430508,140.695999,10kVⅣ段母线,10.387464,3.2,49,1031.8,3.7,29,0
2019/1/2 12:40,X地市,10kVX01医院线,医院,2.34247,0.430508,134.012939,10kVⅣ段母线,10.393326,3.4,46,1031.6,4.1,89,0
2019/1/2 12:50,X地市,10kVX01医院线,医院,2.241174,0.37986,129.440323,10kVⅣ段母线,10.40505,3.2,45,1031.5,4.1,89,0
2019/1/2 13:00,X地市,10kVX01医院线,医院,2.27916,0.37986,131.902496,10kVⅣ段母线,10.387464,3.3,45,1031.3,4.1,89,0
2019/1/2 13:10,X地市,10kVX01医院线,医院,2.329808,0.430508,133.309464,10kVⅣ段母线,10.37574,3.4,46,1031.2,3.8,77,0
2019/1/2 13:20,X地市,10kVX01医院线,医院,2.241174,0.37986,128.385101,10kVⅣ段母线,10.410912,3.3,43,1031.1,4.1,99,0
2019/1/2 13:30,X地市,10kVX01医院线,医院,2.228512,0.37986,125.571182,10kVⅣ段母线,10.410912,3.4,43,1031,4.1,99,0
2019/1/2 13:40,X地市,10kVX01医院线,医院,2.27916,0.37986,129.792068,10kVⅣ段母线,10.399188,NULL,NULL,NULL,NULL,NULL,NULL
2019/1/2 13:50,X地市,10kVX01医院线,医院,2.253836,0.392522,127.681618,10kVⅣ段母线,10.399188,3.4,43,1030.8,4.1,123,0
2019/1/2 14:00,X地市,10kVX01医院线,医院,2.27916,0.405184,128.736847,10kVⅣ段母线,10.416774,NULL,NULL,NULL,NULL,NULL,NULL
2019/1/2 14:10,X地市,10kVX01医院线,医院,2.241174,0.392522,128.033356,10kVⅣ段母线,10.422636,3.5,42,1030.8,4.2,110,0
2019/1/2 14:20,X地市,10kVX01医院线,医院,2.266498,0.405184,129.792068,10kVⅣ段母线,10.440222,3.6,43,1030.8,4.2,110,0
2019/1/2 14:30,X地市,10kVX01医院线,医院,2.203188,0.417846,125.219444,10kVⅣ段母线,10.440222,3.5,41,1030.9,4.2,110,0
2019/1/2 14:40,X地市,10kVX01医院线,医院,2.40578,0.44317,135.771637,10kVⅣ段母线,10.451946,3.5,41,1030.8,4.2,110,0
2019/1/2 14:50,X地市,10kVX01医院线,医院,2.27916,0.417846,130.143799,10kVⅣ段母线,10.428498,3.6,39,1030.7,4.2,110,0
2019/1/2 15:00,X地市,10kVX01医院线,医院,2.27916,0.405184,128.033356,10kVⅣ段母线,10.440222,NULL,NULL,NULL,NULL,NULL,NULL
2019/1/2 15:10,X地市,10kVX01医院线,医院,2.355132,0.405184,132.605988,10kVⅣ段母线,10.440222,3.6,38,1030.9,3.1,78,0
2019/1/2 15:20,X地市,10kVX01医院线,医院,2.40578,0.455832,135.068161,10kVⅣ段母线,10.440222,3.6,37,1030.9,3.1,89,0
2019/1/2 15:30,X地市,10kVX01医院线,医院,2.380456,0.417846,132.957718,10kVⅣ段母线,10.451946,3.6,37,1030.9,3.3,121,0
2019/1/2 15:40,X地市,10kVX01医院线,医院,2.253836,0.392522,127.681618,10kVⅣ段母线,10.428498,3.5,36,1030.9,3.5,81,0
2019/1/2 15:50,X地市,10kVX01医院线,医院,2.329808,0.405184,132.605988,10kVⅣ段母线,10.440222,NULL,NULL,NULL,NULL,NULL,NULL
2019/1/2 16:00,X地市,10kVX01医院线,医院,2.367794,0.430508,134.012939,10kVⅣ段母线,10.440222,3.5,37,1030.9,3.5,81,0
2019/1/2 16:10,X地市,10kVX01医院线,医院,2.27916,0.56979,129.088577,10kVⅣ段母线,10.410912,3.5,37,1030.9,2.8,102,0
2019/1/2 16:20,X地市,10kVX01医院线,医院,2.329808,0.56979,132.957718,10kVⅣ段母线,10.422636,3.5,38,1031.1,2.8,102,0
2019/1/2 16:30,X地市,10kVX01医院线,医院,2.304484,0.56979,128.033356,10kVⅣ段母线,10.416774,NULL,NULL,NULL,NULL,NULL,NULL
2019/1/2 16:40,X地市,10kVX01医院线,医院,2.291822,0.544466,129.440323,10kVⅣ段母线,10.446084,3.5,41,1031.1,2.8,102,0
2019/1/2 16:50,X地市,10kVX01医院线,医院,2.241174,0.519142,128.385101,10kVⅣ段母线,10.43436,3.5,42,1031.2,2.8,102,0
2019/1/2 17:00,X地市,10kVX01医院线,医院,2.241174,0.557128,128.033356,10kVⅣ段母线,10.451946,3.5,43,1031.4,2.8,102,0
2019/1/2 17:10,X地市,10kVX01医院线,医院,2.203188,0.544466,125.92292,10kVⅣ段母线,10.422636,3.5,45,1031.4,2.2,102,0
2019/1/2 17:20,X地市,10kVX01医院线,医院,2.190526,0.56979,125.92292,10kVⅣ段母线,10.428498,3.5,45,1031.3,2.2,128,0
2019/1/2 17:30,X地市,10kVX01医院线,医院,2.15254,0.544466,123.109001,10kVⅣ段母线,10.457808,3.4,46,1031.3,2.9,136,0
2019/1/2 17:40,X地市,10kVX01医院线,医院,2.063906,0.56979,118.536385,10kVⅣ段母线,10.451946,3.4,47,1031.3,3,130,0
2019/1/2 17:50,X地市,10kVX01医院线,医院,2.076568,0.544466,118.888123,10kVⅣ段母线,10.451946,3.3,49,1031.4,3.3,128,0
2019/1/2 18:00,X地市,10kVX01医院线,医院,1.975272,0.37986,113.96376,10kVⅣ段母线,10.446084,3.3,50,1031.4,3.3,128,0
2019/1/2 18:10,X地市,10kVX01医院线,医院,1.8993,0.392522,108.68766,10kVⅣ段母线,10.469532,3.2,52,1031.5,3.2,130,0
2019/1/2 18:20,X地市,10kVX01医院线,医院,1.975272,0.417846,111.149841,10kVⅣ段母线,10.498842,NULL,NULL,NULL,NULL,NULL,NULL
2019/1/2 18:30,X地市,10kVX01医院线,医院,1.886638,0.341874,108.68766,10kVⅣ段母线,10.311258,3.1,55,1031.4,3.2,130,0
2019/1/2 18:40,X地市,10kVX01医院线,医院,1.77268,0.291226,100.949379,10kVⅣ段母线,10.311258,3.1,56,1031.2,3.2,130,0
2019/1/2 18:50,X地市,10kVX01医院线,医院,1.77268,0.291226,99.542419,10kVⅣ段母线,10.311258,3.1,57,1031.3,3.2,130,0
2019/1/2 19:00,X地市,10kVX01医院线,医院,1.722032,0.265902,98.487198,10kVⅣ段母线,10.305396,3.1,58,1031.3,3.2,130,0
2019/1/2 19:10,X地市,10kVX01医院线,医院,1.760018,0.31655,99.190681,10kVⅣ段母线,10.328844,3.1,59,1031.3,3.1,96,0
2019/1/2 19:20,X地市,10kVX01医院线,医院,1.760018,0.303888,99.542419,10kVⅣ段母线,10.31712,3.1,60,1031.5,3.1,96,0
2019/1/2 19:30,X地市,10kVX01医院线,医院,1.760018,0.291226,98.838943,10kVⅣ段母线,10.311258,3.1,60,1031.4,3.1,96,0
2019/1/2 19:40,X地市,10kVX01医院线,医院,1.760018,0.265902,99.190681,10kVⅣ段母线,10.305396,3.1,61,1031.3,3.1,96,0
2019/1/2 19:50,X地市,10kVX01医院线,医院,1.722032,0.25324,98.487198,10kVⅣ段母线,10.305396,3.1,61,1031.5,3.1,96,0
2019/1/2 20:00,X地市,10kVX01医院线,医院,1.722032,0.265902,96.376762,10kVⅣ段母线,10.328844,NULL,NULL,NULL,NULL,NULL,NULL
2019/1/2 20:10,X地市,10kVX01医院线,医院,1.658722,0.265902,92.155884,10kVⅣ段母线,10.340568,3.1,63,1031.5,2.7,115,0
2019/1/2 20:20,X地市,10kVX01医院线,医院,1.823328,0.303888,104.115044,10kVⅣ段母线,10.322982,3,64,1031.5,2.8,121,0
2019/1/2 20:30,X地市,10kVX01医院线,医院,1.734694,0.291226,98.13546,10kVⅣ段母线,10.328844,3,64,1031.5,2.8,121,0
2019/1/2 20:40,X地市,10kVX01医院线,医院,1.722032,0.291226,97.080238,10kVⅣ段母线,10.340568,3,64,1031.5,3.3,120,0
2019/1/2 20:50,X地市,10kVX01医院线,医院,1.70937,0.265902,96.376762,10kVⅣ段母线,10.34643,3,65,1031.4,3.3,120,0
2019/1/2 21:00,X地市,10kVX01医院线,医院,1.734694,0.291226,98.13546,10kVⅣ段母线,10.34643,2.9,65,1031.5,3.3,120,0
2019/1/2 21:10,X地市,10kVX01医院线,医院,1.671384,0.227916,93.914581,10kVⅣ段母线,10.34643,2.9,65,1031.5,2.3,128,0
2019/1/2 21:20,X地市,10kVX01医院线,医院,1.684046,0.265902,94.969803,10kVⅣ段母线,10.34643,2.9,66,1031.5,2.4,121,0
2019/1/2 21:30,X地市,10kVX01医院线,医院,1.671384,0.265902,94.266319,10kVⅣ段母线,10.369878,2.9,66,1031.4,2.7,119,0
2019/1/2 21:40,X地市,10kVX01医院线,医院,1.64606,0.265902,92.155884,10kVⅣ段母线,10.37574,2.9,66,1031.5,2.7,119,0
2019/1/2 21:50,X地市,10kVX01医院线,医院,1.620736,0.25324,93.562843,10kVⅣ段母线,10.37574,2.9,66,1031.5,2.7,119,0
2019/1/2 22:00,X地市,10kVX01医院线,医院,1.608074,0.25324,90.397179,10kVⅣ段母线,10.387464,2.9,66,1031.5,2.7,123,0
2019/1/2 22:10,X地市,10kVX01医院线,医院,1.64606,0.25324,93.914581,10kVⅣ段母线,10.410912,2.9,66,1031.4,2.3,104,0
2019/1/2 22:20,X地市,10kVX01医院线,医院,1.70937,0.278564,94.266319,10kVⅣ段母线,10.422636,2.9,66,1031.3,2.3,113,0
2019/1/2 22:30,X地市,10kVX01医院线,医院,1.684046,0.278564,94.969803,10kVⅣ段母线,10.43436,2.9,66,1031.1,2.5,114,0
2019/1/2 22:40,X地市,10kVX01医院线,医院,1.620736,0.278564,90.748924,10kVⅣ段母线,10.422636,2.9,67,1031.1,2.5,115,0
2019/1/2 22:50,X地市,10kVX01医院线,医院,1.684046,0.278564,95.321541,10kVⅣ段母线,10.446084,2.9,67,1031.1,2.5,115,0
2019/1/2 23:00,X地市,10kVX01医院线,医院,1.684046,0.278564,94.618057,10kVⅣ段母线,10.446084,2.9,68,1031.3,2.5,114,0
2019/1/2 23:10,X地市,10kVX01医院线,医院,1.595412,0.227916,87.934998,10kVⅣ段母线,10.46367,2.9,68,1031.3,2.1,67,0
2019/1/2 23:20,X地市,10kVX01医院线,医院,1.570088,0.265902,87.231522,10kVⅣ段母线,10.46367,2.9,67,1031.1,2.8,88,0
2019/1/2 23:30,X地市,10kVX01医院线,医院,1.557426,0.240578,86.879784,10kVⅣ段母线,10.364016,2.8,68,1031.1,2.8,88,0
2019/1/2 23:40,X地市,10kVX01医院线,医院,1.468792,0.202592,82.307159,10kVⅣ段母线,10.364016,2.8,69,1031.1,2.8,88,0
2019/1/2 23:50,X地市,10kVX01医院线,医院,1.405482,0.202592,77.734543,10kVⅣ段母线,10.37574,NULL,NULL,NULL,NULL,NULL,NULL
2019/1/3 0:00,X地市,10kVX01医院线,医院,1.291524,0.177268,72.458443,10kVⅣ段母线,10.34643,2.8,69,1031.1,2.8,88,0
2019/1/3 0:10,X地市,10kVX01医院线,医院,1.367496,0.202592,76.679321,10kVⅣ段母线,10.364016,2.8,69,1031.1,1.8,100,0
2019/1/3 0:20,X地市,10kVX01医院线,医院,1.278862,0.202592,71.403221,10kVⅣ段母线,10.34643,2.8,69,1031,1.9,103,0
2019/1/3 0:30,X地市,10kVX01医院线,医院,1.354834,0.227916,74.920624,10kVⅣ段母线,10.334706,2.8,69,1031,2.1,91,0
2019/1/3 0:40,X地市,10kVX01医院线,医院,1.354834,0.202592,75.272362,10kVⅣ段母线,10.328844,2.8,69,1031.1,2.1,90,0
2019/1/3 0:50,X地市,10kVX01医院线,医院,1.304186,0.18993,73.865402,10kVⅣ段母线,10.369878,2.8,69,1031.1,2.2,96,0
2019/1/3 1:00,X地市,10kVX01医院线,医院,1.316848,0.18993,72.810181,10kVⅣ段母线,10.352292,2.8,70,1031.1,2.2,96,0
2019/1/3 1:10,X地市,10kVX01医院线,医院,1.253538,0.177268,70.699738,10kVⅣ段母线,10.358154,2.8,70,1031.2,1.5,93,0
2019/1/3 1:20,X地市,10kVX01医院线,医院,1.278862,0.202592,71.403221,10kVⅣ段母线,10.37574,2.8,70,1031.2,1.6,66,0
2019/1/3 1:30,X地市,10kVX01医院线,医院,1.278862,0.202592,70.348,10kVⅣ段母线,10.364016,2.8,70,1031.1,1.8,82,0
2019/1/3 1:40,X地市,10kVX01医院线,医院,1.253538,0.177268,67.534081,10kVⅣ段母线,10.364016,NULL,NULL,NULL,NULL,NULL,NULL
2019/1/3 1:50,X地市,10kVX01医院线,医院,1.228214,0.151944,68.94104,10kVⅣ段母线,10.364016,2.9,69,1031,2.5,90,0
2019/1/3 2:00,X地市,10kVX01医院线,医院,1.253538,0.202592,69.644524,10kVⅣ段母线,10.340568,2.9,70,1031,2.5,90,0
2019/1/3 2:10,X地市,10kVX01医院线,医院,1.13958,0.164606,64.720161,10kVⅣ段母线,10.381602,NULL,NULL,NULL,NULL,NULL,NULL
2019/1/3 2:20,X地市,10kVX01医院线,医院,1.190228,0.18993,67.885818,10kVⅣ段母线,10.369878,2.9,70,1030.9,2.3,91,0
2019/1/3 2:30,X地市,10kVX01医院线,医院,1.215552,0.18993,68.589302,10kVⅣ段母线,10.358154,2.9,70,1030.8,2.3,93,0
2019/1/3 2:40,X地市,10kVX01医院线,医院,1.20289,0.177268,67.182343,10kVⅣ段母线,10.369878,2.9,70,1030.7,2.3,86,0
2019/1/3 2:50,X地市,10kVX01医院线,医院,1.20289,0.215254,67.534081,10kVⅣ段母线,10.358154,2.9,70,1030.6,2.3,90,0
2019/1/3 3:00,X地市,10kVX01医院线,医院,1.215552,0.215254,67.885818,10kVⅣ段母线,10.369878,2.9,70,1030.4,2.9,87,0
2019/1/3 3:10,X地市,10kVX01医院线,医院,1.228214,0.202592,67.885818,10kVⅣ段母线,10.358154,2.9,70,1030.4,3,88,0
2019/1/3 3:20,X地市,10kVX01医院线,医院,1.20289,0.177268,66.830597,10kVⅣ段母线,10.369878,2.9,71,1030.4,3,88,0
2019/1/3 3:30,X地市,10kVX01医院线,医院,1.20289,0.151944,65.775383,10kVⅣ段母线,10.358154,2.9,71,1030.4,3,88,0
2019/1/3 3:40,X地市,10kVX01医院线,医院,1.177566,0.151944,64.016678,10kVⅣ段母线,10.37574,2.9,71,1030.4,3,88,0
2019/1/3 3:50,X地市,10kVX01医院线,医院,1.152242,0.164606,62.96146,10kVⅣ段母线,10.381602,2.9,71,1030.3,3,88,0
2019/1/3 4:00,X地市,10kVX01医院线,医院,1.190228,0.177268,64.720161,10kVⅣ段母线,10.387464,2.9,71,1030.1,3,88,0
2019/1/3 4:10,X地市,10kVX01医院线,医院,1.253538,0.177268,69.292778,10kVⅣ段母线,10.37574,2.8,71,1030,2.3,120,0
2019/1/3 4:20,X地市,10kVX01医院线,医院,1.32951,0.227916,72.106697,10kVⅣ段母线,10.369878,2.8,71,1030,2.5,113,0
2019/1/3 4:30,X地市,10kVX01医院线,医院,1.2662,0.18993,70.699738,10kVⅣ段母线,10.37574,2.8,72,1030,2.5,113,0
2019/1/3 4:40,X地市,10kVX01医院线,医院,1.380158,0.215254,75.975838,10kVⅣ段母线,10.387464,2.8,72,1029.9,2.5,113,0
2019/1/3 4:50,X地市,10kVX01医院线,医院,1.342172,0.215254,74.920624,10kVⅣ段母线,10.381602,2.8,73,1029.9,2.5,113,0
2019/1/3 5:00,X地市,10kVX01医院线,医院,1.32951,0.164606,72.458443,10kVⅣ段母线,10.358154,2.8,72,1029.9,2.5,113,0
2019/1/3 5:10,X地市,10kVX01医院线,医院,1.304186,0.215254,72.106697,10kVⅣ段母线,10.37574,2.8,73,1029.9,2.1,115,0
2019/1/3 5:20,X地市,10kVX01医院线,医院,1.304186,0.215254,72.106697,10kVⅣ段母线,10.37574,2.8,73,1030,2.1,115,0
2019/1/3 5:30,X地市,10kVX01医院线,医院,1.39282,0.215254,76.679321,10kVⅣ段母线,10.37574,2.8,73,1029.9,2.2,101,0
2019/1/3 5:40,X地市,10kVX01医院线,医院,1.405482,0.215254,78.086281,10kVⅣ段母线,10.369878,2.8,74,1030,2.2,101,0
2019/1/3 5:50,X地市,10kVX01医院线,医院,1.367496,0.18993,74.568878,10kVⅣ段母线,10.369878,2.8,74,1030.1,2.3,115,0
2019/1/3 6:00,X地市,10kVX01医院线,医院,1.278862,0.177268,72.810181,10kVⅣ段母线,10.34643,2.8,74,1030.1,2.3,115,0
2019/1/3 6:10,X地市,10kVX01医院线,医院,1.418144,0.18993,79.844978,10kVⅣ段母线,10.334706,2.9,74,1030.1,2.8,115,0
2019/1/3 6:20,X地市,10kVX01医院线,医院,1.506778,0.202592,84.065857,10kVⅣ段母线,10.322982,2.9,74,1030.3,2.8,115,0
2019/1/3 6:30,X地市,10kVX01医院线,医院,1.481454,0.202592,80.548462,10kVⅣ段母线,10.311258,2.9,75,1030.4,2.8,115,0
2019/1/3 6:40,X地市,10kVX01医院线,医院,1.544764,0.202592,85.121078,10kVⅣ段母线,10.28781,2.9,75,1030.3,2.8,115,0
2019/1/3 6:50,X地市,10kVX01医院线,医院,1.620736,0.227916,89.341957,10kVⅣ段母线,10.281948,3,75,1030.3,3.1,94,0
2019/1/3 7:00,X地市,10kVX01医院线,医院,1.620736,0.278564,91.100662,10kVⅣ段母线,10.246776,3,76,1030.3,3.1,94,0
2019/1/3 7:10,X地市,10kVX01医院线,医院,1.658722,0.25324,93.211098,10kVⅣ段母线,10.387464,3,76,1030.4,3.2,89,0
2019/1/3 7:20,X地市,10kVX01医院线,医院,1.77268,0.278564,99.542419,10kVⅣ段母线,10.369878,3.1,75,1030.5,3.5,83,0
2019/1/3 7:30,X地市,10kVX01医院线,医院,1.8993,0.265902,106.225479,10kVⅣ段母线,10.340568,3.1,75,1030.6,4.4,85,0
2019/1/3 7:40,X地市,10kVX01医院线,医院,1.96261,0.265902,109.742882,10kVⅣ段母线,10.352292,3.1,76,1030.7,4.4,85,0
2019/1/3 7:50,X地市,10kVX01医院线,医院,1.975272,0.25324,110.09462,10kVⅣ段母线,10.334706,3.2,76,1030.7,4.4,85,0
2019/1/3 8:00,X地市,10kVX01医院线,医院,2.063906,0.291226,116.777679,10kVⅣ段母线,10.340568,NULL,NULL,NULL,NULL,NULL,NULL
2019/1/3 8:10,X地市,10kVX01医院线,医院,2.165202,0.31655,120.64682,10kVⅣ段母线,10.334706,3.3,76,1031.2,4.5,93,0
2019/1/3 8:20,X地市,10kVX01医院线,医院,2.21585,0.354536,123.109001,10kVⅣ段母线,10.340568,3.4,76,1031.3,4.5,93,0
2019/1/3 8:30,X地市,10kVX01医院线,医院,2.127216,0.329212,118.184639,10kVⅣ段母线,10.340568,3.5,75,1031.5,4.5,93,0
2019/1/3 8:40,X地市,10kVX01医院线,医院,2.114554,0.329212,119.239861,10kVⅣ段母线,10.328844,3.5,76,1031.6,4.6,103,0
2019/1/3 8:50,X地市,10kVX01医院线,医院,2.139878,0.329212,121.350304,10kVⅣ段母线,10.311258,3.6,75,1031.6,4.6,103,0
2019/1/3 9:00,X地市,10kVX01医院线,医院,2.21585,0.392522,125.571182,10kVⅣ段母线,10.299534,3.7,75,1031.8,4.6,103,0
2019/1/3 9:10,X地市,10kVX01医院线,医院,2.228512,0.37986,128.736847,10kVⅣ段母线,10.270224,3.8,74,1031.8,4.3,90,0
2019/1/3 9:20,X地市,10kVX01医院线,医院,2.21585,0.37986,129.792068,10kVⅣ段母线,10.276086,4,73,1031.9,5.1,101,0
2019/1/3 9:30,X地市,10kVX01医院线,医院,2.304484,0.37986,133.661194,10kVⅣ段母线,10.281948,4.1,72,1032,5.1,101,0
2019/1/3 9:40,X地市,10kVX01医院线,医院,2.253836,0.37986,133.309464,10kVⅣ段母线,10.270224,4.1,72,1031.9,5.7,106,0
2019/1/3 9:50,X地市,10kVX01医院线,医院,2.291822,0.37986,131.902496,10kVⅣ段母线,10.270224,4.3,72,1031.7,5.7,106,0
2019/1/3 10:00,X地市,10kVX01医院线,医院,2.291822,0.37986,132.605988,10kVⅣ段母线,10.235052,4.4,71,1031.7,5.7,106,0
2019/1/3 10:10,X地市,10kVX01医院线,医院,2.228512,0.37986,127.32988,10kVⅣ段母线,10.369878,4.5,70,1031.7,4.9,113,0
2019/1/3 10:20,X地市,10kVX01医院线,医院,2.266498,0.430508,130.847275,10kVⅣ段母线,10.393326,4.6,71,1031.5,5.3,104,0
2019/1/3 10:30,X地市,10kVX01医院线,医院,2.291822,0.405184,132.605988,10kVⅣ段母线,10.352292,4.7,70,1031.4,5.3,104,0
2019/1/3 10:40,X地市,10kVX01医院线,医院,2.329808,0.405184,133.309464,10kVⅣ段母线,10.369878,4.9,70,1031.2,5.4,109,0
2019/1/3 10:50,X地市,10kVX01医院线,医院,2.304484,0.405184,132.605988,10kVⅣ段母线,10.369878,4.9,69,1031,6.4,115,0
2019/1/3 11:00,X地市,10kVX01医院线,医院,2.266498,0.37986,130.847275,10kVⅣ段母线,10.381602,5,69,1030.9,6.4,115,0
2019/1/3 11:10,X地市,10kVX01医院线,医院,2.291822,0.392522,130.495544,10kVⅣ段母线,10.37574,5.2,69,1030.6,5.5,119,0
2019/1/3 11:20,X地市,10kVX01医院线,医院,2.329808,0.417846,134.364685,10kVⅣ段母线,10.387464,5.2,69,1030.3,5.9,116,0
2019/1/3 11:30,X地市,10kVX01医院线,医院,2.34247,0.44317,133.661194,10kVⅣ段母线,10.393326,5.4,68,1030.1,6.3,103,0
2019/1/3 11:40,X地市,10kVX01医院线,医院,2.317146,0.417846,130.495544,10kVⅣ段母线,10.387464,5.6,68,1029.9,6.8,115,0
2019/1/3 11:50,X地市,10kVX01医院线,医院,2.291822,0.392522,131.550766,10kVⅣ段母线,10.399188,5.8,67,1029.6,6.8,115,0
2019/1/3 12:00,X地市,10kVX01医院线,医院,2.253836,0.417846,129.792068,10kVⅣ段母线,10.37574,5.9,68,1029.4,7.1,105,0
2019/1/3 12:10,X地市,10kVX01医院线,医院,2.241174,0.417846,126.626404,10kVⅣ段母线,10.381602,5.9,67,1029.1,7.3,109,0
2019/1/3 12:20,X地市,10kVX01医院线,医院,2.266498,0.405184,128.033356,10kVⅣ段母线,10.381602,6,67,1029,7.3,117,0
2019/1/3 12:30,X地市,10kVX01医院线,医院,2.27916,0.392522,129.792068,10kVⅣ段母线,10.40505,6.1,68,1028.8,7.3,117,0
2019/1/3 12:40,X地市,10kVX01医院线,医院,2.228512,0.392522,125.92292,10kVⅣ段母线,10.416774,6.1,68,1028.6,7.6,115,0
2019/1/3 12:50,X地市,10kVX01医院线,医院,2.139878,0.367198,120.64682,10kVⅣ段母线,10.387464,6,68,1028.5,7.7,120,0
2019/1/3 13:00,X地市,10kVX01医院线,医院,2.21585,0.341874,125.219444,10kVⅣ段母线,10.410912,6,67,1028.3,7.7,120,0
2019/1/3 13:10,X地市,10kVX01医院线,医院,2.114554,0.37986,119.239861,10kVⅣ段母线,10.399188,6,68,1028.2,6.3,117,0
2019/1/3 13:20,X地市,10kVX01医院线,医院,2.114554,0.405184,120.295082,10kVⅣ段母线,10.416774,6.3,68,1028.2,6.3,117,0
2019/1/3 13:30,X地市,10kVX01医院线,医院,2.101892,0.367198,120.64682,10kVⅣ段母线,10.410912,6.1,69,1028,6.8,113,0
2019/1/3 13:40,X地市,10kVX01医院线,医院,2.013258,0.341874,114.315498,10kVⅣ段母线,10.416774,6.1,69,1027.9,6.8,113,0
2019/1/3 13:50,X地市,10kVX01医院线,医院,2.051244,0.341874,115.018982,10kVⅣ段母线,10.446084,6.1,69,1027.8,6.8,120,0
2019/1/3 14:00,X地市,10kVX01医院线,医院,2.114554,0.367198,119.591599,10kVⅣ段母线,10.428498,NULL,NULL,NULL,NULL,NULL,NULL
2019/1/3 14:10,X地市,10kVX01医院线,医院,2.127216,0.392522,120.998558,10kVⅣ段母线,10.43436,6.1,69,1027.7,6.3,119,0
2019/1/3 14:20,X地市,10kVX01医院线,医院,2.165202,0.392522,119.943344,10kVⅣ段母线,10.446084,6.2,69,1027.5,6.3,119,0
2019/1/3 14:30,X地市,10kVX01医院线,医院,2.101892,0.392522,118.184639,10kVⅣ段母线,10.43436,6.1,69,1027.5,6.7,113,0
2019/1/3 14:40,X地市,10kVX01医院线,医院,2.139878,0.405184,120.64682,10kVⅣ段母线,10.446084,6.2,69,1027.5,6.8,124,0
2019/1/3 14:50,X地市,10kVX01医院线,医院,2.139878,0.405184,119.239861,10kVⅣ段母线,10.451946,NULL,NULL,NULL,NULL,NULL,NULL
2019/1/3 15:00,X地市,10kVX01医院线,医院,2.165202,0.37986,121.350304,10kVⅣ段母线,10.43436,6.2,69,1027.5,6.8,127,0
2019/1/3 15:10,X地市,10kVX01医院线,医院,2.228512,0.430508,124.867699,10kVⅣ段母线,10.428498,6.1,69,1027.4,6.2,138,0
2019/1/3 15:20,X地市,10kVX01医院线,医院,2.15254,0.405184,120.64682,10kVⅣ段母线,10.43436,6.1,69,1027.4,7,133,0
2019/1/3 15:30,X地市,10kVX01医院线,医院,2.101892,0.405184,119.943344,10kVⅣ段母线,10.451946,6.1,70,1027.4,7,133,0
2019/1/3 15:40,X地市,10kVX01医院线,医院,2.127216,0.392522,121.350304,10kVⅣ段母线,10.451946,6.1,70,1027.3,7,133,0
2019/1/3 15:50,X地市,10kVX01医院线,医院,2.08923,0.367198,118.888123,10kVⅣ段母线,10.440222,6.1,70,1027.4,7,133,0
2019/1/3 16:00,X地市,10kVX01医院线,医院,2.127216,0.367198,120.998558,10kVⅣ段母线,10.422636,6.1,70,1027.4,7,133,0
2019/1/3 16:10,X地市,10kVX01医院线,医院,2.241174,0.392522,127.681618,10kVⅣ段母线,10.422636,NULL,NULL,NULL,NULL,NULL,NULL
2019/1/3 16:20,X地市,10kVX01医院线,医院,2.177864,0.392522,124.515961,10kVⅣ段母线,10.410912,6.1,70,1027.4,5.6,132,0
2019/1/3 16:30,X地市,10kVX01医院线,医院,2.203188,0.392522,123.812485,10kVⅣ段母线,10.416774,6.1,70,1027.5,5.6,132,0
2019/1/3 16:40,X地市,10kVX01医院线,医院,2.21585,0.392522,125.219444,10kVⅣ段母线,10.428498,NULL,NULL,NULL,NULL,NULL,NULL
2019/1/3 16:50,X地市,10kVX01医院线,医院,2.139878,0.367198,122.05378,10kVⅣ段母线,10.428498,6.2,70,1027.6,5.6,132,0
2019/1/3 17:00,X地市,10kVX01医院线,医院,2.139878,0.392522,121.350304,10kVⅣ段母线,10.43436,6.1,70,1027.6,5.6,132,0
2019/1/3 17:10,X地市,10kVX01医院线,医院,2.114554,0.392522,119.239861,10kVⅣ段母线,10.428498,6.1,70,1027.7,5.1,113,0
2019/1/3 17:20,X地市,10kVX01医院线,医院,2.038582,0.341874,114.315498,10kVⅣ段母线,10.43436,NULL,NULL,NULL,NULL,NULL,NULL
2019/1/3 17:30,X地市,10kVX01医院线,医院,2.051244,0.392522,115.018982,10kVⅣ段母线,10.416774,6.1,71,1027.6,5.1,113,0
2019/1/3 17:40,X地市,10kVX01医院线,医院,2.063906,0.392522,116.777679,10kVⅣ段母线,10.440222,6.1,72,1027.6,5.1,113,0
2019/1/3 17:50,X地市,10kVX01医院线,医院,1.96261,0.367198,110.09462,10kVⅣ段母线,10.440222,6.1,71,1027.5,5.1,113,0
2019/1/3 18:00,X地市,10kVX01医院线,医院,1.924624,0.367198,109.039398,10kVⅣ段母线,10.457808,NULL,NULL,NULL,NULL,NULL,NULL
2019/1/3 18:10,X地市,10kVX01医院线,医院,1.949948,0.50648,111.853317,10kVⅣ段母线,10.446084,6.1,72,1027.9,3.2,87,0
2019/1/3 18:20,X地市,10kVX01医院线,医院,1.886638,0.50648,106.577217,10kVⅣ段母线,10.46367,6,73,1028.1,3.2,87,0
2019/1/3 18:30,X地市,10kVX01医院线,医院,1.77268,0.481156,102.356339,10kVⅣ段母线,10.481256,NULL,NULL,NULL,NULL,NULL,NULL
2019/1/3 18:40,X地市,10kVX01医院线,医院,1.823328,0.455832,103.41156,10kVⅣ段母线,10.475394,6,73,1028.3,3.2,87,0
2019/1/3 18:50,X地市,10kVX01医院线,医院,1.760018,0.430508,100.245903,10kVⅣ段母线,10.487118,6,73,1028.1,3.2,87,0
2019/1/3 19:00,X地市,10kVX01医院线,医院,1.760018,0.417846,99.542419,10kVⅣ段母线,10.46367,6,73,1028,3.5,101,0
2019/1/3 19:10,X地市,10kVX01医院线,医院,1.810666,0.417846,102.356339,10kVⅣ段母线,10.475394,6,74,1027.8,3.5,93,0
2019/1/3 19:20,X地市,10kVX01医院线,医院,1.760018,0.430508,99.190681,10kVⅣ段母线,10.475394,5.9,74,1027.8,3.6,99,0
2019/1/3 19:30,X地市,10kVX01医院线,医院,1.734694,0.392522,98.13546,10kVⅣ段母线,10.481256,5.9,74,1027.8,3.7,101,0
2019/1/3 19:40,X地市,10kVX01医院线,医院,1.696708,0.392522,95.673279,10kVⅣ段母线,10.46367,5.9,74,1027.8,3.7,101,0
2019/1/3 19:50,X地市,10kVX01医院线,医院,1.658722,0.405184,94.266319,10kVⅣ段母线,10.46367,NULL,NULL,NULL,NULL,NULL,NULL
2019/1/3 20:00,X地市,10kVX01医院线,医院,1.633398,0.392522,92.507622,10kVⅣ段母线,10.481256,NULL,NULL,NULL,NULL,NULL,NULL
2019/1/3 20:10,X地市,10kVX01医院线,医院,1.658722,0.417846,95.321541,10kVⅣ段母线,10.475394,5.9,75,1027.7,3,105,0
2019/1/3 20:20,X地市,10kVX01医院线,医院,1.734694,0.455832,100.949379,10kVⅣ段母线,10.487118,5.9,75,1027.8,3.7,98,0
2019/1/3 20:30,X地市,10kVX01医院线,医院,1.696708,0.430508,97.431984,10kVⅣ段母线,10.481256,5.9,75,1027.8,3.7,98,0
2019/1/3 20:40,X地市,10kVX01医院线,医院,1.70937,0.405184,98.13546,10kVⅣ段母线,10.481256,NULL,NULL,NULL,NULL,NULL,NULL
2019/1/3 20:50,X地市,10kVX01医院线,医院,1.64606,0.392522,94.266319,10kVⅣ段母线,10.516428,5.9,75,1027.9,3.7,98,0
2019/1/3 21:00,X地市,10kVX01医院线,医院,1.633398,0.37986,91.4524,10kVⅣ段母线,10.504704,NULL,NULL,NULL,NULL,NULL,NULL
2019/1/3 21:10,X地市,10kVX01医院线,医院,1.620736,0.405184,92.155884,10kVⅣ段母线,10.504704,5.8,75,1027.7,2.4,86,0
2019/1/3 21:20,X地市,10kVX01医院线,医院,1.64606,0.37986,92.85936,10kVⅣ段母线,10.52229,NULL,NULL,NULL,NULL,NULL,NULL
2019/1/3 21:30,X地市,10kVX01医院线,医院,1.620736,0.37986,91.100662,10kVⅣ段母线,10.516428,5.8,75,1027.6,2.8,90,0
2019/1/3 21:40,X地市,10kVX01医院线,医院,1.544764,0.37986,86.879784,10kVⅣ段母线,10.528152,5.8,76,1027.4,2.8,90,0
2019/1/3 21:50,X地市,10kVX01医院线,医院,1.595412,0.392522,90.045441,10kVⅣ段母线,10.539876,5.8,76,1027.2,2.8,90,0
2019/1/3 22:00,X地市,10kVX01医院线,医院,1.570088,0.405184,88.286743,10kVⅣ段母线,10.5516,NULL,NULL,NULL,NULL,NULL,NULL
2019/1/3 22:10,X地市,10kVX01医院线,医院,1.58275,0.37986,88.638481,10kVⅣ段母线,10.557462,5.8,75,1026.8,4.1,94,0
2019/1/3 22:20,X地市,10kVX01医院线,医院,1.570088,0.37986,87.231522,10kVⅣ段母线,10.58091,NULL,NULL,NULL,NULL,NULL,NULL
2019/1/3 22:30,X地市,10kVX01医院线,医院,1.51944,0.37986,85.121078,10kVⅣ段母线,10.563324,5.8,75,1025.9,5.2,95,0
2019/1/3 22:40,X地市,10kVX01医院线,医院,1.532102,0.354536,85.472824,10kVⅣ段母线,10.586772,5.8,75,1025.2,6.7,86,0
2019/1/3 22:50,X地市,10kVX01医院线,医院,1.506778,0.37986,83.010643,10kVⅣ段母线,10.586772,NULL,NULL,NULL,NULL,NULL,NULL
2019/1/3 23:00,X地市,10kVX01医院线,医院,1.570088,0.37986,86.1763,10kVⅣ段母线,10.604358,5.7,75,1024.9,6.7,86,0
2019/1/3 23:10,X地市,10kVX01医院线,医院,1.51944,0.37986,83.714119,10kVⅣ段母线,10.61022,NULL,NULL,NULL,NULL,NULL,NULL
2019/1/3 23:20,X地市,10kVX01医院线,医院,1.443468,0.329212,80.548462,10kVⅣ段母线,10.381602,5.8,76,1025.9,6.4,102,0
2019/1/3 23:30,X地市,10kVX01医院线,医院,1.418144,0.303888,78.789764,10kVⅣ段母线,10.393326,5.9,76,1026.2,6.4,102,0
2019/1/3 23:40,X地市,10kVX01医院线,医院,1.39282,0.303888,77.382797,10kVⅣ段母线,10.393326,5.9,76,1026,6.4,102,0
2019/1/3 23:50,X地市,10kVX01医院线,医院,1.342172,0.278564,77.734543,10kVⅣ段母线,10.37574,NULL,NULL,NULL,NULL,NULL,NULL
2019/1/1 0:00,Y地市,学校Y01线,学校,0.127305,-0.024227,5.690331,10千伏Ⅳ段母线,10.57017,1.9,67,1036.2,3.1,9,0
2019/1/1 0:10,Y地市,学校Y01线,学校,0.117122,-0.027664,6.897635,10千伏Ⅳ段母线,10.522071,1.8,68,1036.1,1.4,7,0
2019/1/1 0:20,Y地市,学校Y01线,学校,0.117122,-0.027664,5.689184,10千伏Ⅳ段母线,10.522071,1.8,67,1036.1,2.3,359,0
2019/1/1 0:30,Y地市,学校Y01线,学校,0.119087,-0.027654,6.904399,10千伏Ⅳ段母线,10.498099,1.8,66,1036.2,3.1,12,0
2019/1/1 0:40,Y地市,学校Y01线,学校,0.11871,-0.027654,6.886396,10千伏Ⅳ段母线,10.480776,1.8,65,1036.2,3.1,12,0
2019/1/1 0:50,Y地市,学校Y01线,学校,0.11871,-0.027654,7.065265,10千伏Ⅳ段母线,10.480776,1.7,65,1036.4,3.6,10,0
2019/1/1 1:00,Y地市,学校Y01线,学校,0.115694,-0.026257,5.619486,10千伏Ⅳ段母线,10.529454,1.7,63,1036.4,3.7,352,0
2019/1/1 1:10,Y地市,学校Y01线,学校,0.118905,-0.026257,6.837442,10千伏Ⅳ段母线,10.535788,1.6,63,1036.4,3.8,356,0
2019/1/1 1:20,Y地市,学校Y01线,学校,0.118905,-0.026257,6.837442,10千伏Ⅳ段母线,10.535788,1.6,62,1036.5,3.8,356,0
2019/1/1 1:30,Y地市,学校Y01线,学校,0.126038,-0.026257,6.837442,10千伏Ⅳ段母线,10.538486,1.6,63,1036.5,3.8,356,0
2019/1/1 1:40,Y地市,学校Y01线,学校,0.110405,-0.026257,5.617509,10千伏Ⅳ段母线,10.508902,NULL,NULL,NULL,NULL,NULL,NULL
2019/1/1 1:50,Y地市,学校Y01线,学校,0.110405,-0.026257,5.617509,10千伏Ⅳ段母线,10.508902,1.6,64,1036.5,3.8,356,0
2019/1/1 2:00,Y地市,学校Y01线,学校,0.121153,-0.026257,5.677937,10千伏Ⅳ段母线,10.517231,1.5,65,1036.4,3.8,356,0
2019/1/1 2:10,Y地市,学校Y01线,学校,0.108622,-0.026257,5.677937,10千伏Ⅳ段母线,10.528169,1.5,66,1036.4,2.5,16,0
2019/1/1 2:20,Y地市,学校Y01线,学校,0.108622,-0.026257,6.902421,10千伏Ⅳ段母线,10.528169,1.5,67,1036.4,2.8,13,0
2019/1/1 2:30,Y地市,学校Y01线,学校,0.105907,-0.026257,5.694448,10千伏Ⅳ段母线,10.528169,1.4,68,1036.3,2.8,13,0
2019/1/1 2:40,Y地市,学校Y01线,学校,0.124404,-0.026257,6.907953,10千伏Ⅳ段母线,10.543498,1.4,69,1036.3,2.8,13,0
2019/1/1 2:50,Y地市,学校Y01线,学校,0.124404,-0.026257,6.950486,10千伏Ⅳ段母线,10.543498,1.4,70,1036.3,2.8,13,0
2019/1/1 3:00,Y地市,学校Y01线,学校,0.116876,-0.026257,6.950486,10千伏Ⅳ段母线,10.571441,1.3,70,1036.3,3,15,0
2019/1/1 3:10,Y地市,学校Y01线,学校,0.115517,-0.02164,6.950486,10千伏Ⅳ段母线,10.532942,1.3,72,1036.1,3.4,2,0
2019/1/1 3:20,Y地市,学校Y01线,学校,0.115517,-0.02164,6.950486,10千伏Ⅳ段母线,10.532942,1.2,72,1036,3.8,37,0
2019/1/1 3:30,Y地市,学校Y01线,学校,0.124038,-0.024692,6.950486,10千伏Ⅳ段母线,10.554843,1.2,73,1035.9,3.9,18,0
2019/1/1 3:40,Y地市,学校Y01线,学校,0.121014,-0.021684,7.150594,10千伏Ⅳ段母线,10.554843,1.1,74,1035.8,3.9,18,0
2019/1/1 3:50,Y地市,学校Y01线,学校,0.121014,-0.021684,5.936121,10千伏Ⅳ段母线,10.554926,1,73,1035.7,3.9,18,0
2019/1/1 4:00,Y地市,学校Y01线,学校,0.123064,-0.010582,8.387978,10千伏Ⅳ段母线,10.550078,NULL,NULL,NULL,NULL,NULL,NULL
2019/1/1 4:10,Y地市,学校Y01线,学校,0.141784,0.021034,7.467248,10千伏Ⅳ段母线,10.558,0.9,72,1035.6,2.9,15,0
2019/1/1 4:20,Y地市,学校Y01线,学校,0.141784,0.021034,8.770524,10千伏Ⅳ段母线,10.558,NULL,NULL,NULL,NULL,NULL,NULL
2019/1/1 4:30,Y地市,学校Y01线,学校,0.144986,0.016556,7.68962,10千伏Ⅳ段母线,10.561419,0.9,71,1035.4,4.1,9,0
2019/1/1 4:40,Y地市,学校Y01线,学校,0.138546,0,7.681462,10千伏Ⅳ段母线,10.549313,0.9,72,1035.3,4.1,9,0
2019/1/1 4:50,Y地市,学校Y01线,学校,0.138546,0,6.65463,10千伏Ⅳ段母线,10.549313,NULL,NULL,NULL,NULL,NULL,NULL
2019/1/1 5:00,Y地市,学校Y01线,学校,0.147419,0.011068,7.164896,10千伏Ⅳ段母线,10.554423,0.8,69,1035.4,4.1,9,0
2019/1/1 5:10,Y地市,学校Y01线,学校,0.144803,0.008195,7.399761,10千伏Ⅳ段母线,10.562148,0.8,69,1035.4,2.2,35,0
2019/1/1 5:20,Y地市,学校Y01线,学校,0.144803,0.008195,8.715569,10千伏Ⅳ段母线,10.562148,0.9,69,1035.4,2.7,359,0
2019/1/1 5:30,Y地市,学校Y01线,学校,0.245897,0.012077,9.046563,10千伏Ⅳ段母线,10.546039,0.9,68,1035.5,2.7,8,0
2019/1/1 5:40,Y地市,学校Y01线,学校,0.1843,0.006468,8.175225,10千伏Ⅳ段母线,10.52916,0.9,68,1035.5,2.7,8,0
2019/1/1 5:50,Y地市,学校Y01线,学校,0.1843,0.006468,8.828197,10千伏Ⅳ段母线,10.52916,0.9,68,1035.5,2.7,8,0
2019/1/1 6:00,Y地市,学校Y01线,学校,0.181773,-0.00952,9.092083,10千伏Ⅳ段母线,10.545712,0.9,66,1035.6,2.7,359,0
2019/1/1 6:10,Y地市,学校Y01线,学校,0.158123,0.015635,8.964731,10千伏Ⅳ段母线,10.544453,0.8,65,1035.8,2.7,6,0
2019/1/1 6:20,Y地市,学校Y01线,学校,0.271685,0.015635,10.35132,10千伏Ⅳ段母线,10.544453,0.8,66,1036,2.9,29,0
2019/1/1 6:30,Y地市,学校Y01线,学校,0.191525,0.044699,9.981186,10千伏Ⅳ段母线,10.530096,0.8,66,1036.1,2.9,29,0
2019/1/1 6:40,Y地市,学校Y01线,学校,0.166183,0,6.926574,10千伏Ⅳ段母线,10.5503,0.8,65,1036.2,3.6,17,0
2019/1/1 6:50,Y地市,学校Y01线,学校,0.166183,0,9.437059,10千伏Ⅳ段母线,10.5503,0.8,65,1036.3,3.6,17,0
2019/1/1 7:00,Y地市,学校Y01线,学校,0.138931,0.009628,7.359845,10千伏Ⅳ段母线,10.544631,0.8,65,1036.5,3.6,17,0
2019/1/1 7:10,Y地市,学校Y01线,学校,0.157212,-0.007964,8.208028,10千伏Ⅳ段母线,10.559642,0.8,66,1036.6,3.9,24,0
2019/1/1 7:20,Y地市,学校Y01线,学校,0.157212,-0.007964,9.05978,10千伏Ⅳ段母线,10.559642,0.8,66,1036.8,3.9,24,0
2019/1/1 7:30,Y地市,学校Y01线,学校,0.144151,-0.022858,8.234804,10千伏Ⅳ段母线,10.576606,0.8,67,1036.9,3.9,24,0
2019/1/1 7:40,Y地市,学校Y01线,学校,0.132685,-0.010435,8.658464,10千伏Ⅳ段母线,10.503768,0.9,68,1037,3.9,24,0
2019/1/1 7:50,Y地市,学校Y01线,学校,0.132685,-0.010435,9.417585,10千伏Ⅳ段母线,10.503768,0.9,68,1037.1,3.9,24,0
2019/1/1 8:00,Y地市,学校Y01线,学校,0.172034,0.020051,8.336622,10千伏Ⅳ段母线,10.525257,0.9,69,1037.1,3.9,24,0
2019/1/1 8:10,Y地市,学校Y01线,学校,0.154688,-0.029974,9.424721,10千伏Ⅳ段母线,10.549891,NULL,NULL,NULL,NULL,NULL,NULL
2019/1/1 8:20,Y地市,学校Y01线,学校,0.154688,-0.029974,9.264898,10千伏Ⅳ段母线,10.549891,1,68,1037.1,2.5,315,0
2019/1/1 8:30,Y地市,学校Y01线,学校,0.181005,-0.005299,9.636971,10千伏Ⅳ段母线,10.570323,0.9,67,1037.3,2.8,342,0
2019/1/1 8:40,Y地市,学校Y01线,学校,0.191635,0.010719,7.231974,10千伏Ⅳ段母线,10.543752,1.1,66,1037.5,2.8,342,0
2019/1/1 8:50,Y地市,学校Y01线,学校,0.191635,0.010719,8.187593,10千伏Ⅳ段母线,10.543752,1.7,63,1037.5,2.8,342,0
2019/1/1 9:00,Y地市,学校Y01线,学校,0.166534,-0.020947,8.013136,10千伏Ⅳ段母线,10.521969,1.8,60,1037.4,3,8,0
2019/1/1 9:10,Y地市,学校Y01线,学校,0.213642,0.01501,8.939229,10千伏Ⅳ段母线,10.540417,1.9,58,1037.3,3.3,311,0
2019/1/1 9:20,Y地市,学校Y01线,学校,0.213642,0.01501,8.41715,10千伏Ⅳ段母线,10.540417,2.1,58,1037.4,3.3,311,0
2019/1/1 9:30,Y地市,学校Y01线,学校,0.180331,-0.006621,8.581922,10千伏Ⅳ段母线,10.544866,2.4,57,1037.5,3.3,311,0
2019/1/1 9:40,Y地市,学校Y01线,学校,0.177534,0,12.404255,10千伏Ⅳ段母线,10.543132,2.9,55,1037.4,3.3,311,0
2019/1/1 9:50,Y地市,学校Y01线,学校,0.177534,0,8.325486,10千伏Ⅳ段母线,10.543132,3,55,1037.4,3.7,355,0
2019/1/1 10:00,Y地市,学校Y01线,学校,0.204716,0.034757,12.316372,10千伏Ⅳ段母线,10.56371,2.9,56,1037,3.8,12,0
2019/1/1 10:10,Y地市,学校Y01线,学校,0.161826,0.017166,8.401659,10千伏Ⅳ段母线,10.56371,3,54,1037,3.8,311,0
2019/1/1 10:20,Y地市,学校Y01线,学校,0.161826,0.017166,10.463424,10千伏Ⅳ段母线,10.563483,3.2,55,1036.8,4.3,352,0
2019/1/1 10:30,Y地市,学校Y01线,学校,0.247537,0.010605,12.532806,10千伏Ⅳ段母线,10.563478,3.2,55,1036.8,5.4,292,0
2019/1/1 10:40,Y地市,学校Y01线,学校,0.202309,0.015786,12.277775,10千伏Ⅳ段母线,10.552516,3.7,55,1036.6,5.4,292,0
2019/1/1 10:50,Y地市,学校Y01线,学校,0.202309,0.015786,8.199065,10千伏Ⅳ段母线,10.552516,NULL,NULL,NULL,NULL,NULL,NULL
2019/1/1 11:00,Y地市,学校Y01线,学校,0.172392,0,7.864532,10千伏Ⅳ段母线,10.559211,3.6,52,1036.3,5.4,292,0
2019/1/1 11:10,Y地市,学校Y01线,学校,0.135298,-0.032462,7.39476,10千伏Ⅳ段母线,10.574157,3.4,51,1036.1,4.6,302,0
2019/1/1 11:20,Y地市,学校Y01线,学校,0.135298,-0.032462,6.643125,10千伏Ⅳ段母线,10.574157,3.8,51,1036,4.6,302,0
2019/1/1 11:30,Y地市,学校Y01线,学校,0.130317,-0.02339,6.793751,10千伏Ⅳ段母线,10.567189,3.7,51,1035.7,4.6,302,0
2019/1/1 11:40,Y地市,学校Y01线,学校,0.120818,-0.02339,6.005352,10千伏Ⅳ段母线,10.597825,3.9,50,1035.5,4.7,299,0
2019/1/1 11:50,Y地市,学校Y01线,学校,0.120818,-0.022926,6.405246,10千伏Ⅳ段母线,10.491036,4,49,1035.3,5.1,290,0
2019/1/1 12:00,Y地市,学校Y01线,学校,0.150762,-0.016503,6.325184,10千伏Ⅳ段母线,10.445689,4.2,49,1035.1,5.1,290,0
2019/1/1 12:10,Y地市,学校Y01线,学校,0.124618,-0.034597,7.394722,10千伏Ⅳ段母线,10.435094,4.2,49,1034.9,5,333,0
2019/1/1 12:20,Y地市,学校Y01线,学校,0.124618,-0.034597,6.558711,10千伏Ⅳ段母线,10.435094,4.4,48,1034.7,5.1,299,0
2019/1/1 12:30,Y地市,学校Y01线,学校,0.107637,-0.031098,6.636499,10千伏Ⅳ段母线,10.456164,4.4,48,1034.5,5.4,329,0
2019/1/1 12:40,Y地市,学校Y01线,学校,0.132513,-0.02694,8.324509,10千伏Ⅳ段母线,10.429238,4.3,47,1034.3,5.4,329,0
2019/1/1 12:50,Y地市,学校Y01线,学校,0.132513,-0.02694,7.103218,10千伏Ⅳ段母线,10.429238,4.5,46,1034.2,6.3,326,0
2019/1/1 13:00,Y地市,学校Y01线,学校,0.110668,-0.016187,6.683352,10千伏Ⅳ段母线,10.441859,4.4,46,1034.1,6.3,326,0
2019/1/1 13:10,Y地市,学校Y01线,学校,0.120685,-0.01143,7.754816,10千伏Ⅳ段母线,10.436511,4.5,42,1034,5.1,303,0
2019/1/1 13:20,Y地市,学校Y01线,学校,0.120685,-0.01143,4.511052,10千伏Ⅳ段母线,10.436511,4.7,41,1034,5.4,311,0
2019/1/1 13:30,Y地市,学校Y01线,学校,0.110387,-0.028987,8.046379,10千伏Ⅳ段母线,10.455628,4.8,40,1033.9,5.4,311,0
2019/1/1 13:40,Y地市,学校Y01线,学校,0.159894,-0.007141,6.998207,10千伏Ⅳ段母线,10.448058,4.7,36,1033.8,5.7,347,0
2019/1/1 13:50,Y地市,学校Y01线,学校,0.159894,-0.007141,5.880927,10千伏Ⅳ段母线,10.448058,4.7,38,1033.7,6.3,326,0
2019/1/1 14:00,Y地市,学校Y01线,学校,0.116965,-0.013886,6.443777,10千伏Ⅳ段母线,10.441036,5,36,1033.6,6.3,326,0
2019/1/1 14:10,Y地市,学校Y01线,学校,0.097193,-0.023416,5.870947,10千伏Ⅳ段母线,10.428735,4.7,36,1033.5,5.8,47,0
2019/1/1 14:20,Y地市,学校Y01线,学校,0.097193,-0.023416,6.563535,10千伏Ⅳ段母线,10.428735,4.9,37,1033.6,5.8,47,0
2019/1/1 14:30,Y地市,学校Y01线,学校,0.125947,-0.017826,5.298,10千伏Ⅳ段母线,10.415802,4.6,37,1033.6,5.8,47,0
2019/1/1 14:40,Y地市,学校Y01线,学校,0.119423,-0.033877,7.430958,10千伏Ⅳ段母线,10.428476,4.8,35,1033.8,5.8,47,0
2019/1/1 14:50,Y地市,学校Y01线,学校,0.119423,-0.033877,6.183199,10千伏Ⅳ段母线,10.428476,4.7,32,1033.7,5.8,47,0
2019/1/1 15:00,Y地市,学校Y01线,学校,0.092188,-0.023471,6.488513,10千伏Ⅳ段母线,10.402046,4.5,30,1033.9,5.8,47,0
2019/1/1 15:10,Y地市,学校Y01线,学校,0.125588,-0.035933,6.65908,10千伏Ⅳ段母线,10.416484,4.5,33,1034.1,4.4,358,0
2019/1/1 15:20,Y地市,学校Y01线,学校,0.125588,-0.035933,6.640646,10千伏Ⅳ段母线,10.416484,4.6,34,1034.2,4.4,358,0
2019/1/1 15:30,Y地市,学校Y01线,学校,0.12369,-0.035054,6.334638,10千伏Ⅳ段母线,10.411904,4.5,37,1034.2,4.4,358,0
2019/1/1 15:40,Y地市,学校Y01线,学校,0.128202,-0.033603,6.412096,10千伏Ⅳ段母线,10.416171,4.2,39,1034.3,4.4,21,0
2019/1/1 15:50,Y地市,学校Y01线,学校,0.128202,-0.033603,7.849858,10千伏Ⅳ段母线,10.416171,4.1,42,1034.2,4.4,21,0
2019/1/1 16:00,Y地市,学校Y01线,学校,0.123524,-0.030078,9.005249,10千伏Ⅳ段母线,10.416171,4,44,1034.3,4.4,20,0
2019/1/1 16:10,Y地市,学校Y01线,学校,0.136553,-0.017662,7.182547,10千伏Ⅳ段母线,10.394093,3.8,45,1034.2,4.4,23,0
2019/1/1 16:20,Y地市,学校Y01线,学校,0.136553,-0.017662,8.501117,10千伏Ⅳ段母线,10.394093,3.6,46,1034.2,4.4,23,0
2019/1/1 16:30,Y地市,学校Y01线,学校,0.124526,-0.051409,8.501117,10千伏Ⅳ段母线,10.388386,3.3,47,1034.2,4.4,23,0
2019/1/1 16:40,Y地市,学校Y01线,学校,0.163071,-0.048801,11.045816,10千伏Ⅳ段母线,10.391535,3.2,48,1034.1,4.4,23,0
2019/1/1 16:50,Y地市,学校Y01线,学校,0.163071,-0.048801,9.7998,10千伏Ⅳ段母线,10.391535,3,49,1034.2,4.4,23,0
2019/1/1 17:00,Y地市,学校Y01线,学校,0.153637,-0.050884,8.076632,10千伏Ⅳ段母线,10.389199,2.8,50,1034.4,4.4,23,0
2019/1/1 17:10,Y地市,学校Y01线,学校,0.158158,-0.036543,9.586699,10千伏Ⅳ段母线,10.385173,NULL,NULL,NULL,NULL,NULL,NULL
2019/1/1 17:20,Y地市,学校Y01线,学校,0.158158,-0.036543,11.729855,10千伏Ⅳ段母线,10.385173,2.4,53,1034.3,3.2,16,0
2019/1/1 17:30,Y地市,学校Y01线,学校,0.163722,-0.012882,11.625789,10千伏Ⅳ段母线,10.33717,2.3,54,1034.5,3.3,24,0
2019/1/1 17:40,Y地市,学校Y01线,学校,0.228973,-0.012882,13.36883,10千伏Ⅳ段母线,10.362453,2.2,55,1034.6,3.4,22,0
2019/1/1 17:50,Y地市,学校Y01线,学校,0.228973,-0.013191,13.306551,10千伏Ⅳ段母线,10.362453,2,57,1034.8,3.4,22,0
2019/1/1 18:00,Y地市,学校Y01线,学校,0.195076,-0.016492,10.903017,10千伏Ⅳ段母线,10.370482,1.9,58,1034.9,3.4,22,0
2019/1/1 18:10,Y地市,学校Y01线,学校,0.18214,-0.019705,10.949822,10千伏Ⅳ段母线,10.368508,1.7,58,1035.1,2.2,10,0
2019/1/1 18:20,Y地市,学校Y01线,学校,0.18214,-0.019705,11.137654,10千伏Ⅳ段母线,10.368508,1.6,59,1035.1,2.2,17,0
2019/1/1 18:30,Y地市,学校Y01线,学校,0.190884,-0.018621,11.43477,10千伏Ⅳ段母线,10.3707,1.6,59,1035.1,2.2,17,0
2019/1/1 18:40,Y地市,学校Y01线,学校,0.190884,-0.018621,11.579257,10千伏Ⅳ段母线,10.345076,1.6,60,1035.1,2.4,13,0
2019/1/1 18:50,Y地市,学校Y01线,学校,0.19106,-0.017777,11.579953,10千伏Ⅳ段母线,10.345076,1.5,60,1034.9,2.9,22,0
2019/1/1 19:00,Y地市,学校Y01线,学校,0.174567,-0.014815,11.252518,10千伏Ⅳ段母线,10.359203,1.4,61,1035,2.9,22,0
2019/1/1 19:10,Y地市,学校Y01线,学校,0.179831,-0.014815,10.715288,10千伏Ⅳ段母线,10.347473,1.3,61,1034.9,2.7,26,0
2019/1/1 19:20,Y地市,学校Y01线,学校,0.179831,-0.014815,10.874356,10千伏Ⅳ段母线,10.347473,1.3,62,1034.9,2.7,26,0
2019/1/1 19:30,Y地市,学校Y01线,学校,0.190308,-0.014815,9.42616,10千伏Ⅳ段母线,10.324886,1.3,62,1034.7,2.8,22,0
2019/1/1 19:40,Y地市,学校Y01线,学校,0.191569,-0.014815,10.937965,10千伏Ⅳ段母线,10.332656,NULL,NULL,NULL,NULL,NULL,NULL
2019/1/1 19:50,Y地市,学校Y01线,学校,0.191569,-0.014815,10.937965,10千伏Ⅳ段母线,10.332656,1.2,63,1034.8,3.2,19,0
2019/1/1 20:00,Y地市,学校Y01线,学校,0.175163,-0.014815,10.716603,10千伏Ⅳ段母线,10.309813,NULL,NULL,NULL,NULL,NULL,NULL
2019/1/1 20:10,Y地市,学校Y01线,学校,0.161589,-0.01544,10.895529,10千伏Ⅳ段母线,10.306538,1,63,1035.4,2.1,326,0
2019/1/1 20:20,Y地市,学校Y01线,学校,0.161589,-0.01544,9.561784,10千伏Ⅳ段母线,10.306538,1,64,1035.4,2.1,326,0
2019/1/1 20:30,Y地市,学校Y01线,学校,0.168832,-0.01544,9.369637,10千伏Ⅳ段母线,10.318609,0.9,65,1035.3,2.3,19,0
2019/1/1 20:40,Y地市,学校Y01线,学校,0.164739,-0.016055,9.369637,10千伏Ⅳ段母线,10.327512,0.7,66,1035.4,2.3,19,0
2019/1/1 20:50,Y地市,学校Y01线,学校,0.164739,-0.016055,9.269939,10千伏Ⅳ段母线,10.327512,0.6,67,1035.4,2.3,19,0
2019/1/1 21:00,Y地市,学校Y01线,学校,0.17983,-0.016055,9.269939,10千伏Ⅳ段母线,10.330083,0.5,67,1035.4,2.3,19,0
2019/1/1 21:10,Y地市,学校Y01线,学校,0.16547,-0.019035,9.307066,10千伏Ⅳ段母线,10.333816,0.5,67,1035.2,1.6,10,0
2019/1/1 21:20,Y地市,学校Y01线,学校,0.16547,-0.019035,8.096004,10千伏Ⅳ段母线,10.333816,0.4,68,1035.3,1.6,15,0
2019/1/1 21:30,Y地市,学校Y01线,学校,0.157606,-0.019035,8.095984,10千伏Ⅳ段母线,10.340705,0.4,69,1035.1,2.2,10,0
2019/1/1 21:40,Y地市,学校Y01线,学校,0.157606,-0.018127,8.35993,10千伏Ⅳ段母线,10.325098,0.5,69,1035.1,2.3,1,0
2019/1/1 21:50,Y地市,学校Y01线,学校,0.158119,-0.018127,8.35993,10千伏Ⅳ段母线,10.325098,0.6,68,1034.7,2.3,1,0
2019/1/1 22:00,Y地市,学校Y01线,学校,0.158119,-0.018127,8.35993,10千伏Ⅳ段母线,10.388923,NULL,NULL,NULL,NULL,NULL,NULL
2019/1/1 22:10,Y地市,学校Y01线,学校,0.158585,-0.021534,7.295543,10千伏Ⅳ段母线,10.374768,0.8,66,1035,3.4,15,0
2019/1/1 22:20,Y地市,学校Y01线,学校,0.158585,-0.021534,8.502632,10千伏Ⅳ段母线,10.374768,0.9,64,1035.3,3.6,37,0
2019/1/1 22:30,Y地市,学校Y01线,学校,0.130906,-0.018504,7.29319,10千伏Ⅳ段母线,10.404773,0.9,64,1035.3,3.6,37,0
2019/1/1 22:40,Y地市,学校Y01线,学校,0.146373,-0.020946,7.489624,10千伏Ⅳ段母线,10.442559,0.8,64,1035.3,4.2,14,0
2019/1/1 22:50,Y地市,学校Y01线,学校,0.146373,-0.020946,7.489624,10千伏Ⅳ段母线,10.442559,0.8,65,1035.1,4.2,14,0
2019/1/1 23:00,Y地市,学校Y01线,学校,0.148199,-0.028372,7.482881,10千伏Ⅳ段母线,10.436848,0.8,65,1035.1,4.2,14,0
2019/1/1 23:10,Y地市,学校Y01线,学校,0.130909,-0.022676,7.482881,10千伏Ⅳ段母线,10.465141,0.8,66,1035.2,3.5,66,0
2019/1/1 23:20,Y地市,学校Y01线,学校,0.130909,-0.022676,7.23948,10千伏Ⅳ段母线,10.465141,0.8,68,1035.1,3.5,66,0
2019/1/1 23:30,Y地市,学校Y01线,学校,0.130477,-0.023002,7.23948,10千伏Ⅳ段母线,10.465429,NULL,NULL,NULL,NULL,NULL,NULL
2019/1/1 23:40,Y地市,学校Y01线,学校,0.120097,-0.03466,7.23948,10千伏Ⅳ段母线,10.463744,0.7,70,1035.3,3.5,66,0
2019/1/1 23:50,Y地市,学校Y01线,学校,0.120097,-0.03466,7.23948,10千伏Ⅳ段母线,10.463744,NULL,NULL,NULL,NULL,NULL,NULL
2019/1/2 0:00,Y地市,学校Y01线,学校,0.124926,-0.025815,7.23948,10千伏Ⅳ段母线,10.456518,0.5,72,1035.7,3.5,66,0
2019/1/2 0:10,Y地市,学校Y01线,学校,0.127252,-0.0355,7.23948,10千伏Ⅳ段母线,10.399108,0.4,72,1035.8,0.4,6,0
2019/1/2 0:20,Y地市,学校Y01线,学校,0.127252,-0.0355,7.23948,10千伏Ⅳ段母线,10.399108,0.3,74,1035.5,1.5,65,0
2019/1/2 0:30,Y地市,学校Y01线,学校,0.125192,-0.023256,7.166371,10千伏Ⅳ段母线,10.390983,0.3,74,1035.6,1.5,65,0
2019/1/2 0:40,Y地市,学校Y01线,学校,0.118203,-0.02591,6.900404,10千伏Ⅳ段母线,10.387608,NULL,NULL,NULL,NULL,NULL,NULL
2019/1/2 0:50,Y地市,学校Y01线,学校,0.118203,-0.02591,6.900404,10千伏Ⅳ段母线,10.387608,0.2,75,1035.7,1.7,56,0
2019/1/2 1:00,Y地市,学校Y01线,学校,0.119865,-0.024992,7.164748,10千伏Ⅳ段母线,10.387411,0.1,75,1035.7,1.7,56,0
2019/1/2 1:10,Y地市,学校Y01线,学校,0.141572,-0.02643,7.164748,10千伏Ⅳ段母线,10.401816,0.2,73,1035.6,1.7,54,0
2019/1/2 1:20,Y地市,学校Y01线,学校,0.141572,-0.02643,7.164748,10千伏Ⅳ段母线,10.401816,0.2,73,1035.6,2.2,53,0
2019/1/2 1:30,Y地市,学校Y01线,学校,0.123218,-0.02643,7.164748,10千伏Ⅳ段母线,10.411865,0.4,72,1035.6,2.3,76,0
2019/1/2 1:40,Y地市,学校Y01线,学校,0.132813,-0.02643,7.164748,10千伏Ⅳ段母线,10.399862,NULL,NULL,NULL,NULL,NULL,NULL
2019/1/2 1:50,Y地市,学校Y01线,学校,0.132813,-0.026412,6.835992,10千伏Ⅳ段母线,10.399862,0.3,72,1035.5,2.3,76,0
2019/1/2 2:00,Y地市,学校Y01线,学校,0.134406,-0.02402,6.835992,10千伏Ⅳ段母线,10.411185,0.3,72,1035.5,2.3,76,0
2019/1/2 2:10,Y地市,学校Y01线,学校,0.137507,-0.026421,8.052192,10千伏Ⅳ段母线,10.406432,0.2,74,1035.6,1.4,45,0
2019/1/2 2:20,Y地市,学校Y01线,学校,0.137507,-0.026421,6.76658,10千伏Ⅳ段母线,10.406432,0.2,75,1035.5,1.4,45,0
2019/1/2 2:30,Y地市,学校Y01线,学校,0.126819,-0.026421,7.968522,10千伏Ⅳ段母线,10.408191,0.1,76,1035.4,1.4,45,0
2019/1/2 2:40,Y地市,学校Y01线,学校,0.126819,-0.02623,6.397891,10千伏Ⅳ段母线,10.412512,0.1,76,1035.4,1.4,45,0
2019/1/2 2:50,Y地市,学校Y01线,学校,0.126998,-0.026929,7.615033,10千伏Ⅳ段母线,10.412512,0.1,76,1035.2,1.6,25,0
2019/1/2 3:00,Y地市,学校Y01线,学校,0.131046,-0.025185,7.645915,10千伏Ⅳ段母线,10.406894,0.3,74,1034.9,2.2,68,0
2019/1/2 3:10,Y地市,学校Y01线,学校,0.142114,-0.022502,7.646441,10千伏Ⅳ段母线,10.417412,0.3,72,1034.9,2.9,67,0
2019/1/2 3:20,Y地市,学校Y01线,学校,0.142114,-0.022502,7.646441,10千伏Ⅳ段母线,10.417412,NULL,NULL,NULL,NULL,NULL,NULL
2019/1/2 3:30,Y地市,学校Y01线,学校,0.132609,-0.02442,7.646441,10千伏Ⅳ段母线,10.420395,0.4,71,1035,2.9,67,0
2019/1/2 3:40,Y地市,学校Y01线,学校,0.154493,-0.02442,8.876695,10千伏Ⅳ段母线,10.39986,0.4,70,1035,2.9,67,0
2019/1/2 3:50,Y地市,学校Y01线,学校,0.154493,-0.02442,7.393744,10千伏Ⅳ段母线,10.39986,0.4,70,1034.9,2.9,67,0
2019/1/2 4:00,Y地市,学校Y01线,学校,0.142241,-0.010869,8.013546,10千伏Ⅳ段母线,10.415748,0.5,70,1034.6,2.9,67,0
2019/1/2 4:10,Y地市,学校Y01线,学校,0.152244,0.008854,8.737751,10千伏Ⅳ段母线,10.424912,NULL,NULL,NULL,NULL,NULL,NULL
2019/1/2 4:20,Y地市,学校Y01线,学校,0.152244,0.008854,7.893093,10千伏Ⅳ段母线,10.424912,0.4,71,1034.7,1.4,7,0
2019/1/2 4:30,Y地市,学校Y01线,学校,0.15498,0.003683,9.016879,10千伏Ⅳ段母线,10.435763,0.3,72,1034.7,1.4,7,0
2019/1/2 4:40,Y地市,学校Y01线,学校,0.17341,0.021683,8.823246,10千伏Ⅳ段母线,10.417399,0.2,72,1034.6,1.7,17,0
2019/1/2 4:50,Y地市,学校Y01线,学校,0.17341,0.021683,8.65388,10千伏Ⅳ段母线,10.417399,0.3,73,1034.6,1.7,17,0
2019/1/2 5:00,Y地市,学校Y01线,学校,0.161726,0.013954,8.144098,10千伏Ⅳ段母线,10.401762,0.2,73,1034.6,1.7,17,0
2019/1/2 5:10,Y地市,学校Y01线,学校,0.168473,0.01386,13.357542,10千伏Ⅳ段母线,10.410892,0.2,74,1034.5,1.7,91,0
2019/1/2 5:20,Y地市,学校Y01线,学校,0.168473,0.01386,9.134806,10千伏Ⅳ段母线,10.410892,0.2,73,1034.6,1.7,91,0
2019/1/2 5:30,Y地市,学校Y01线,学校,0.230803,0.038253,8.723538,10千伏Ⅳ段母线,10.393246,0.2,73,1034.6,1.7,91,0
2019/1/2 5:40,Y地市,学校Y01线,学校,0.206803,0.017983,11.937684,10千伏Ⅳ段母线,10.395114,0.3,73,1034.6,1.7,91,0
2019/1/2 5:50,Y地市,学校Y01线,学校,0.206803,0.017983,11.224945,10千伏Ⅳ段母线,10.395114,0.3,73,1034.5,1.7,91,0
2019/1/2 6:00,Y地市,学校Y01线,学校,0.254954,0.055215,10.014893,10千伏Ⅳ段母线,10.386333,0.4,72,1034.6,2.6,16,0
2019/1/2 6:10,Y地市,学校Y01线,学校,0.179532,-0.01509,12.109834,10千伏Ⅳ段母线,10.366145,0.4,71,1034.7,2.4,13,0
2019/1/2 6:20,Y地市,学校Y01线,学校,0.179532,-0.01509,10.319304,10千伏Ⅳ段母线,10.366145,0.3,71,1034.6,2.4,13,0
2019/1/2 6:30,Y地市,学校Y01线,学校,0.235305,0.030811,13.987538,10千伏Ⅳ段母线,10.34661,0.4,70,1034.8,2.4,13,0
2019/1/2 6:40,Y地市,学校Y01线,学校,0.209204,-0.009408,11.558582,10千伏Ⅳ段母线,10.358096,0.4,69,1034.8,2.4,13,0
2019/1/2 6:50,Y地市,学校Y01线,学校,0.314835,-0.009408,16.69623,10千伏Ⅳ段母线,10.358096,0.4,68,1034.9,2.4,13,0
2019/1/2 7:00,Y地市,学校Y01线,学校,0.200459,-0.008405,10.222471,10千伏Ⅳ段母线,10.321616,0.5,65,1035,2.4,13,0
2019/1/2 7:10,Y地市,学校Y01线,学校,0.227185,-0.03865,12.88332,10千伏Ⅳ段母线,10.330663,0.6,62,1035,2.9,68,0
2019/1/2 7:20,Y地市,学校Y01线,学校,0.352117,0.069167,20.328423,10千伏Ⅳ段母线,10.330663,0.6,63,1035.1,2.9,68,0
2019/1/2 7:30,Y地市,学校Y01线,学校,0.40914,0.010084,20.714506,10千伏Ⅳ段母线,10.273515,0.7,60,1034.9,3.4,59,0
2019/1/2 7:40,Y地市,学校Y01线,学校,0.430489,0.047859,24.850452,10千伏Ⅳ段母线,10.202667,0.7,59,1035,3.4,59,0
2019/1/2 7:50,Y地市,学校Y01线,学校,0.441434,0.047859,25.442778,10千伏Ⅳ段母线,10.202667,0.8,59,1035,3.4,59,0
2019/1/2 8:00,Y地市,学校Y01线,学校,0.467817,0.070521,24.099709,10千伏Ⅳ段母线,10.161698,0.8,58,1035.2,3.4,59,0
2019/1/2 8:10,Y地市,学校Y01线,学校,0.408407,0.052983,20.865181,10千伏Ⅳ段母线,10.169817,NULL,NULL,NULL,NULL,NULL,NULL
2019/1/2 8:20,Y地市,学校Y01线,学校,0.509615,0.052983,30.570667,10千伏Ⅳ段母线,10.169817,1,54,1035.2,2.9,42,0
2019/1/2 8:30,Y地市,学校Y01线,学校,0.565692,0.057475,31.391516,10千伏Ⅳ段母线,10.120988,1.2,53,1035.1,3.2,80,0
2019/1/2 8:40,Y地市,学校Y01线,学校,0.475727,-0.00627,26.026783,10千伏Ⅳ段母线,10.177306,1.2,51,1035.2,3.2,80,0
2019/1/2 8:50,Y地市,学校Y01线,学校,0.581016,-0.00627,31.002052,10千伏Ⅳ段母线,10.280018,1.3,51,1035.2,3.2,80,0
2019/1/2 9:00,Y地市,学校Y01线,学校,0.484595,0.022835,27.7903,10千伏Ⅳ段母线,10.277447,1.5,51,1035.3,3.2,80,0
2019/1/2 9:10,Y地市,学校Y01线,学校,0.549627,0.040101,28.215401,10千伏Ⅳ段母线,10.238489,1.6,47,1035.2,3.2,61,0
2019/1/2 9:20,Y地市,学校Y01线,学校,0.549627,0.040101,29.628967,10千伏Ⅳ段母线,10.238489,1.7,46,1035.3,3.3,80,0
2019/1/2 9:30,Y地市,学校Y01线,学校,0.507849,0.013816,25.771929,10千伏Ⅳ段母线,10.277289,1.7,45,1035.2,3.8,60,0
2019/1/2 9:40,Y地市,学校Y01线,学校,0.365474,0.003386,22.031425,10千伏Ⅳ段母线,10.241378,NULL,NULL,NULL,NULL,NULL,NULL
2019/1/2 9:50,Y地市,学校Y01线,学校,0.487487,0.003386,32.14677,10千伏Ⅳ段母线,10.443236,1.8,48,1035.1,4.4,47,0
2019/1/2 10:00,Y地市,学校Y01线,学校,0.475332,0.035763,26.053896,10千伏Ⅳ段母线,10.432226,2,48,1035.2,4.4,47,0
2019/1/2 10:10,Y地市,学校Y01线,学校,0.55229,0.060505,29.55221,10千伏Ⅳ段母线,10.460982,2.1,48,1035.1,2.8,7,0
2019/1/2 10:20,Y地市,学校Y01线,学校,0.545391,0.060505,27.125137,10千伏Ⅳ段母线,10.460982,NULL,NULL,NULL,NULL,NULL,NULL
2019/1/2 10:30,Y地市,学校Y01线,学校,0.548453,0.105184,30.202478,10千伏Ⅳ段母线,10.430137,2.5,46,1034.9,2.8,7,0
2019/1/2 10:40,Y地市,学校Y01线,学校,0.586214,0.044699,31.848637,10千伏Ⅳ段母线,10.415321,2.6,45,1034.8,2.8,7,0
2019/1/2 10:50,Y地市,学校Y01线,学校,0.459315,0.044699,27.243587,10千伏Ⅳ段母线,10.415321,2.7,45,1034.7,2.8,7,0
2019/1/2 11:00,Y地市,学校Y01线,学校,0.394392,0.012033,20.902763,10千伏Ⅳ段母线,10.463431,2.9,47,1034.5,2.8,7,0
2019/1/2 11:10,Y地市,学校Y01线,学校,0.375311,-0.016104,22.228132,10千伏Ⅳ段母线,10.483953,3.1,47,1034.3,2.4,55,0
2019/1/2 11:20,Y地市,学校Y01线,学校,0.375311,-0.016104,17.709431,10千伏Ⅳ段母线,10.483953,3.1,49,1034,3.1,14,0
2019/1/2 11:30,Y地市,学校Y01线,学校,0.342935,0.012243,17.398094,10千伏Ⅳ段母线,10.574734,3.3,51,1033.7,3.1,14,0
2019/1/2 11:40,Y地市,学校Y01线,学校,0.368434,0.014629,22.606611,10千伏Ⅳ段母线,10.667426,3.3,52,1033.5,3.1,14,0
2019/1/2 11:50,Y地市,学校Y01线,学校,0.48691,0.014629,23.95656,10千伏Ⅳ段母线,10.462298,3.4,49,1033.2,3.1,14,0
2019/1/2 12:00,Y地市,学校Y01线,学校,0.448008,0.047832,25.701443,10千伏Ⅳ段母线,10.458728,3.7,48,1033.1,3.1,14,0
2019/1/2 12:10,Y地市,学校Y01线,学校,0.390369,0.024292,21.965876,10千伏Ⅳ段母线,10.211552,3.8,41,1033,2.7,9,0
2019/1/2 12:20,Y地市,学校Y01线,学校,0.530603,0.024292,27.740759,10千伏Ⅳ段母线,10.211552,3.8,46,1032.8,2.8,74,0
2019/1/2 12:30,Y地市,学校Y01线,学校,0.475764,0.038288,25.043434,10千伏Ⅳ段母线,10.345955,3.9,51,1032.6,2.9,24,0
2019/1/2 12:40,Y地市,学校Y01线,学校,0.472424,0.039607,25.543623,10千伏Ⅳ段母线,10.435152,3.9,50,1032.5,2.9,24,0
2019/1/2 12:50,Y地市,学校Y01线,学校,0.472424,0.039607,30.484207,10千伏Ⅳ段母线,10.435152,3.9,51,1032.3,2.9,24,0
2019/1/2 13:00,Y地市,学校Y01线,学校,0.530692,0.033704,27.276621,10千伏Ⅳ段母线,10.447059,3.8,53,1032.2,3.7,2,0
2019/1/2 13:10,Y地市,学校Y01线,学校,0.525765,0.030402,29.899273,10千伏Ⅳ段母线,10.426804,3.8,53,1032.1,2.5,24,0
2019/1/2 13:20,Y地市,学校Y01线,学校,0.525765,0.016101,27.466827,10千伏Ⅳ段母线,10.426804,3.9,54,1032,3.9,41,0
2019/1/2 13:30,Y地市,学校Y01线,学校,0.493757,0.030119,29.88393,10千伏Ⅳ段母线,10.446066,3.9,54,1031.8,3.9,41,0
2019/1/2 13:40,Y地市,学校Y01线,学校,0.484978,0.062267,25.727188,10千伏Ⅳ段母线,10.448612,NULL,NULL,NULL,NULL,NULL,NULL
2019/1/2 13:50,Y地市,学校Y01线,学校,0.484981,0.062267,25.727905,10千伏Ⅳ段母线,10.448612,3.8,55,1031.6,3.9,41,0
2019/1/2 14:00,Y地市,学校Y01线,学校,0.537534,0.025707,31.912987,10千伏Ⅳ段母线,10.436186,3.7,55,1031.6,4.5,87,0
2019/1/2 14:10,Y地市,学校Y01线,学校,0.479977,0.028714,27.875999,10千伏Ⅳ段母线,10.420803,3.8,55,1031.7,3.5,60,0
2019/1/2 14:20,Y地市,学校Y01线,学校,0.479977,0.05177,28.081831,10千伏Ⅳ段母线,10.420803,3.8,54,1031.7,4.1,31,0
2019/1/2 14:30,Y地市,学校Y01线,学校,0.505666,0.027504,30.828854,10千伏Ⅳ段母线,10.432531,3.7,56,1031.7,4.1,31,0
2019/1/2 14:40,Y地市,学校Y01线,学校,0.430577,0.016111,27.422293,10千伏Ⅳ段母线,10.450155,3.6,56,1031.8,4.1,98,0
2019/1/2 14:50,Y地市,学校Y01线,学校,0.56373,0.016126,28.251577,10千伏Ⅳ段母线,10.450155,3.7,56,1031.7,4.1,98,0
2019/1/2 15:00,Y地市,学校Y01线,学校,0.574965,0.059543,28.852776,10千伏Ⅳ段母线,10.449094,NULL,NULL,NULL,NULL,NULL,NULL
2019/1/2 15:10,Y地市,学校Y01线,学校,0.434374,0.0577,26.089748,10千伏Ⅳ段母线,10.43727,3.6,58,1031.7,3.3,108,0
2019/1/2 15:20,Y地市,学校Y01线,学校,0.558188,0.0577,28.903719,10千伏Ⅳ段母线,10.43727,3.6,59,1031.8,3.3,62,0
2019/1/2 15:30,Y地市,学校Y01线,学校,0.466059,0.041732,24.663404,10千伏Ⅳ段母线,10.453328,3.5,61,1031.8,3.3,62,0
2019/1/2 15:40,Y地市,学校Y01线,学校,0.580144,0.063941,30.453526,10千伏Ⅳ段母线,10.472837,3.5,62,1031.9,3.3,62,0
2019/1/2 15:50,Y地市,学校Y01线,学校,0.466328,0.063941,30.295347,10千伏Ⅳ段母线,10.472837,NULL,NULL,NULL,NULL,NULL,NULL
2019/1/2 16:00,Y地市,学校Y01线,学校,0.507827,0.043754,30.819757,10千伏Ⅳ段母线,10.474159,3.4,62,1031.9,3.3,108,0
2019/1/2 16:10,Y地市,学校Y01线,学校,0.532623,0.063962,31.455685,10千伏Ⅳ段母线,10.489072,3.3,61,1032,2.9,55,0
2019/1/2 16:20,Y地市,学校Y01线,学校,0.532623,0.063962,27.978172,10千伏Ⅳ段母线,10.489072,3.3,61,1032,2.9,55,0
2019/1/2 16:30,Y地市,学校Y01线,学校,0.457173,0,26.97578,10千伏Ⅳ段母线,10.301128,NULL,NULL,NULL,NULL,NULL,NULL
2019/1/2 16:40,Y地市,学校Y01线,学校,0.421914,0.040676,26.295752,10千伏Ⅳ段母线,10.310687,3.3,62,1031.9,2.9,55,0
2019/1/2 16:50,Y地市,学校Y01线,学校,0.421914,0.040676,25.94286,10千伏Ⅳ段母线,10.310687,3.3,61,1032,2.9,55,0
2019/1/2 17:00,Y地市,学校Y01线,学校,0.405488,0.022881,19.798546,10千伏Ⅳ段母线,10.252959,3.3,61,1032,2.9,55,0
2019/1/2 17:10,Y地市,学校Y01线,学校,0.289834,0.044905,15.427887,10千伏Ⅳ段母线,10.290576,3.3,62,1032.3,1.7,58,0
2019/1/2 17:20,Y地市,学校Y01线,学校,0.289834,0.044905,16.004026,10千伏Ⅳ段母线,10.290576,3.3,63,1032.5,1.7,58,0
2019/1/2 17:30,Y地市,学校Y01线,学校,0.317253,0.025299,15.904394,10千伏Ⅳ段母线,10.307131,3.3,62,1032.5,1.7,58,0
2019/1/2 17:40,Y地市,学校Y01线,学校,0.265083,0.005126,15.306963,10千伏Ⅳ段母线,10.329319,3.4,61,1032.4,2.2,133,0
2019/1/2 17:50,Y地市,学校Y01线,学校,0.265083,0.005126,12.865852,10千伏Ⅳ段母线,10.329319,3.4,61,1032.4,2.2,133,0
2019/1/2 18:00,Y地市,学校Y01线,学校,0.231447,0.003588,12.639119,10千伏Ⅳ段母线,10.356638,3.4,61,1032.4,2.2,133,0
2019/1/2 18:10,Y地市,学校Y01线,学校,0.233023,0.003588,13.557038,10千伏Ⅳ段母线,10.347182,3.3,61,1032.5,2,102,0
2019/1/2 18:20,Y地市,学校Y01线,学校,0.233023,0.003103,14.782507,10千伏Ⅳ段母线,10.347182,NULL,NULL,NULL,NULL,NULL,NULL
2019/1/2 18:30,Y地市,学校Y01线,学校,0.234466,0.005601,13.903141,10千伏Ⅳ段母线,10.331388,3.3,62,1032.5,2,87,0
2019/1/2 18:40,Y地市,学校Y01线,学校,0.240863,0.005601,14.247459,10千伏Ⅳ段母线,10.329468,3.3,62,1032.5,2,87,0
2019/1/2 18:50,Y地市,学校Y01线,学校,0.240863,0.005309,13.3923,10千伏Ⅳ段母线,10.329468,3.3,63,1032.5,2,87,0
2019/1/2 19:00,Y地市,学校Y01线,学校,0.284668,0.005309,13.057174,10千伏Ⅳ段母线,10.340091,3.3,64,1032.5,2,102,0
2019/1/2 19:10,Y地市,学校Y01线,学校,0.239085,0.005309,14.054222,10千伏Ⅳ段母线,10.323321,3.3,64,1032.4,1.4,98,0
2019/1/2 19:20,Y地市,学校Y01线,学校,0.239085,0.005481,15.404986,10千伏Ⅳ段母线,10.323321,3.3,64,1032.3,1.4,94,0
2019/1/2 19:30,Y地市,学校Y01线,学校,0.231597,0.005678,11.147369,10千伏Ⅳ段母线,10.301662,3.3,64,1032.3,1.4,94,0
2019/1/2 19:40,Y地市,学校Y01线,学校,0.220881,0,12.3674,10千伏Ⅳ段母线,10.321079,3.3,63,1032.2,1.6,102,0
2019/1/2 19:50,Y地市,学校Y01线,学校,0.220881,0,11.560212,10千伏Ⅳ段母线,10.321079,3.3,64,1032.1,1.6,102,0
2019/1/2 20:00,Y地市,学校Y01线,学校,0.211541,-0.018582,10.530433,10千伏Ⅳ段母线,10.334806,NULL,NULL,NULL,NULL,NULL,NULL
2019/1/2 20:10,Y地市,学校Y01线,学校,0.181414,-0.018582,10.596945,10千伏Ⅳ段母线,10.352468,3.3,64,1032.3,1,102,0
2019/1/2 20:20,Y地市,学校Y01线,学校,0.181414,-0.018582,10.638339,10千伏Ⅳ段母线,10.352468,3.3,65,1032.4,1.1,121,0
2019/1/2 20:30,Y地市,学校Y01线,学校,0.186833,-0.020922,10.645527,10千伏Ⅳ段母线,10.334656,3.3,65,1032.4,1.1,121,0
2019/1/2 20:40,Y地市,学校Y01线,学校,0.188997,-0.020922,9.766315,10千伏Ⅳ段母线,10.317024,3.3,65,1032.3,1.2,122,0
2019/1/2 20:50,Y地市,学校Y01线,学校,0.188997,-0.020201,11.404145,10千伏Ⅳ段母线,10.317024,3.3,64,1032.3,1.5,114,0
2019/1/2 21:00,Y地市,学校Y01线,学校,0.18522,-0.013212,10.440162,10千伏Ⅳ段母线,10.325718,3.3,65,1032.3,1.5,141,0
2019/1/2 21:10,Y地市,学校Y01线,学校,0.222903,-0.009477,13.141623,10千伏Ⅳ段母线,10.301672,3.3,65,1032.2,0.9,120,0
2019/1/2 21:20,Y地市,学校Y01线,学校,0.222903,-0.009477,10.449912,10千伏Ⅳ段母线,10.301672,3.3,65,1032.3,1,106,0
2019/1/2 21:30,Y地市,学校Y01线,学校,0.200235,-0.013674,10.701008,10千伏Ⅳ段母线,10.291427,3.3,65,1032.4,1.3,97,0
2019/1/2 21:40,Y地市,学校Y01线,学校,0.187455,-0.013674,10.778237,10千伏Ⅳ段母线,10.305663,3.3,64,1032.5,1.3,97,0
2019/1/2 21:50,Y地市,学校Y01线,学校,0.187455,-0.013621,9.494428,10千伏Ⅳ段母线,10.305663,3.4,65,1032.6,1.3,97,0
2019/1/2 22:00,Y地市,学校Y01线,学校,0.169317,-0.013621,9.494428,10千伏Ⅳ段母线,10.348441,3.4,65,1032.4,1.4,114,0
2019/1/2 22:10,Y地市,学校Y01线,学校,0.169317,-0.013621,9.494428,10千伏Ⅳ段母线,10.348441,3.4,65,1032.3,1.4,126,0
2019/1/2 22:20,Y地市,学校Y01线,学校,0.174571,-0.019097,9.494428,10千伏Ⅳ段母线,10.387949,3.4,65,1032.2,1.4,126,0
2019/1/2 22:30,Y地市,学校Y01线,学校,0.161849,-0.019097,8.058694,10千伏Ⅳ段母线,10.389762,3.4,65,1032.1,1.4,126,0
2019/1/2 22:40,Y地市,学校Y01线,学校,0.161849,-0.019083,8.058694,10千伏Ⅳ段母线,10.389762,3.4,65,1031.9,1.4,126,0
2019/1/2 22:50,Y地市,学校Y01线,学校,0.161438,-0.018746,8.058694,10千伏Ⅳ段母线,10.435443,3.4,65,1032,1.4,126,0
2019/1/2 23:00,Y地市,学校Y01线,学校,0.158327,-0.018155,8.058694,10千伏Ⅳ段母线,10.457802,3.5,65,1032.1,1.5,128,0
2019/1/2 23:10,Y地市,学校Y01线,学校,0.158327,-0.018155,8.058694,10千伏Ⅳ段母线,10.457802,3.5,65,1032.1,1.4,94,0
2019/1/2 23:20,Y地市,学校Y01线,学校,0.140871,-0.026418,7.133708,10千伏Ⅳ段母线,10.482957,3.5,66,1032.1,1.4,94,0
2019/1/2 23:30,Y地市,学校Y01线,学校,0.1425,-0.025882,7.209569,10千伏Ⅳ段母线,10.480436,3.4,66,1032.2,1.4,94,0
2019/1/2 23:40,Y地市,学校Y01线,学校,0.1425,-0.025882,7.077741,10千伏Ⅳ段母线,10.480436,3.5,66,1032,1.4,94,0
2019/1/2 23:50,Y地市,学校Y01线,学校,0.128556,-0.024778,8.609807,10千伏Ⅳ段母线,10.515292,NULL,NULL,NULL,NULL,NULL,NULL
2019/1/3 0:00,Y地市,学校Y01线,学校,0.140614,-0.024949,7.390267,10千伏Ⅳ段母线,10.490761,3.5,66,1032,1.8,113,0
2019/1/3 0:10,Y地市,学校Y01线,学校,0.140614,-0.024949,8.619799,10千伏Ⅳ段母线,10.490761,3.5,66,1032,1.2,91,0
2019/1/3 0:20,Y地市,学校Y01线,学校,0.133266,-0.0358,8.619799,10千伏Ⅳ段母线,10.418451,3.5,65,1031.9,1.9,96,0
2019/1/3 0:30,Y地市,学校Y01线,学校,0.133655,-0.027178,8.662986,10千伏Ⅳ段母线,10.421147,3.6,65,1031.9,1.9,96,0
2019/1/3 0:40,Y地市,学校Y01线,学校,0.133655,-0.027178,7.417844,10千伏Ⅳ段母线,10.421147,3.6,65,1031.9,2,97,0
2019/1/3 0:50,Y地市,学校Y01线,学校,0.13995,-0.026762,7.539007,10千伏Ⅳ段母线,10.41592,3.6,65,1031.9,2,135,0
2019/1/3 1:00,Y地市,学校Y01线,学校,0.138132,-0.035017,7.770723,10千伏Ⅳ段母线,10.424277,3.6,65,1031.9,3.1,112,0
2019/1/3 1:10,Y地市,学校Y01线,学校,0.138132,-0.035017,7.770723,10千伏Ⅳ段母线,10.424277,3.6,65,1032.1,1.9,73,0
2019/1/3 1:20,Y地市,学校Y01线,学校,0.12918,-0.027894,7.770723,10千伏Ⅳ段母线,10.437055,3.6,65,1032,2.2,63,0
2019/1/3 1:30,Y地市,学校Y01线,学校,0.119125,-0.02605,6.540599,10千伏Ⅳ段母线,10.426009,3.6,65,1032,2.2,63,0
2019/1/3 1:40,Y地市,学校Y01线,学校,0.119125,-0.02605,7.777611,10千伏Ⅳ段母线,10.426009,NULL,NULL,NULL,NULL,NULL,NULL
2019/1/3 1:50,Y地市,学校Y01线,学校,0.135559,-0.03564,7.777611,10千伏Ⅳ段母线,10.465107,3.7,66,1032,2.2,63,0
2019/1/3 2:00,Y地市,学校Y01线,学校,0.123333,-0.026234,7.777611,10千伏Ⅳ段母线,10.444016,3.7,66,1031.8,2.2,63,0
2019/1/3 2:10,Y地市,学校Y01线,学校,0.123333,-0.026234,7.777611,10千伏Ⅳ段母线,10.444016,NULL,NULL,NULL,NULL,NULL,NULL
2019/1/3 2:20,Y地市,学校Y01线,学校,0.140425,-0.026198,7.777611,10千伏Ⅳ段母线,10.43771,3.7,67,1031.8,1.9,93,0
2019/1/3 2:30,Y地市,学校Y01线,学校,0.134589,-0.026198,7.777611,10千伏Ⅳ段母线,10.450032,3.7,67,1031.9,1.9,93,0
2019/1/3 2:40,Y地市,学校Y01线,学校,0.134589,-0.02677,7.777611,10千伏Ⅳ段母线,10.450032,3.7,68,1031.8,1.9,93,0
2019/1/3 2:50,Y地市,学校Y01线,学校,0.141196,-0.02606,7.840005,10千伏Ⅳ段母线,10.456913,3.7,68,1031.6,2.2,89,0
2019/1/3 3:00,Y地市,学校Y01线,学校,0.145717,-0.02606,7.840005,10千伏Ⅳ段母线,10.456913,3.6,69,1031.7,2.5,67,0
2019/1/3 3:10,Y地市,学校Y01线,学校,0.145717,-0.02564,9.175438,10千伏Ⅳ段母线,10.456372,3.6,69,1031.5,1.7,94,0
2019/1/3 3:20,Y地市,学校Y01线,学校,0.14771,-0.024035,7.967332,10千伏Ⅳ段母线,10.469059,3.6,70,1031.4,1.8,91,0
2019/1/3 3:30,Y地市,学校Y01线,学校,0.134721,-0.024035,8.155864,10千伏Ⅳ段母线,10.471147,3.6,70,1031.2,2,80,0
2019/1/3 3:40,Y地市,学校Y01线,学校,0.134721,-0.024265,8.289317,10千伏Ⅳ段母线,10.471147,3.6,69,1031.2,2,109,0
2019/1/3 3:50,Y地市,学校Y01线,学校,0.155365,-0.022253,8.376019,10千伏Ⅳ段母线,10.474959,3.6,69,1031.1,2.6,103,0
2019/1/3 4:00,Y地市,学校Y01线,学校,0.1437,0,8.224991,10千伏Ⅳ段母线,10.453367,3.5,68,1031.1,2.6,103,0
2019/1/3 4:10,Y地市,学校Y01线,学校,0.1437,0,7.260471,10千伏Ⅳ段母线,10.453367,3.5,68,1031,2.4,97,0
2019/1/3 4:20,Y地市,学校Y01线,学校,0.151522,0,10.122221,10千伏Ⅳ段母线,10.458273,3.5,69,1030.9,2.4,97,0
2019/1/3 4:30,Y地市,学校Y01线,学校,0.177595,0.048362,9.448159,10千伏Ⅳ段母线,10.469642,3.5,69,1031.1,2.4,97,0
2019/1/3 4:40,Y地市,学校Y01线,学校,0.177595,0.048362,8.107042,10千伏Ⅳ段母线,10.469642,3.5,70,1031.1,2.4,97,0
2019/1/3 4:50,Y地市,学校Y01线,学校,0.146651,-0.00368,7.650318,10千伏Ⅳ段母线,10.475079,3.5,70,1031.1,2.4,97,0
2019/1/3 5:00,Y地市,学校Y01线,学校,0.156288,0.012438,8.479173,10千伏Ⅳ段母线,10.481758,3.4,71,1031,2.6,101,0
2019/1/3 5:10,Y地市,学校Y01线,学校,0.153551,0.012438,9.008386,10千伏Ⅳ段母线,10.481758,3.4,71,1030.8,2.2,88,0
2019/1/3 5:20,Y地市,学校Y01线,学校,0.192856,0.048785,11.628464,10千伏Ⅳ段母线,10.459545,3.4,71,1030.9,2.9,99,0
2019/1/3 5:30,Y地市,学校Y01线,学校,0.190948,0.015168,11.222784,10千伏Ⅳ段母线,10.471163,3.4,72,1031.1,2.9,99,0
2019/1/3 5:40,Y地市,学校Y01线,学校,0.190948,0.015168,10.73787,10千伏Ⅳ段母线,10.471163,3.4,72,1031.1,2.9,99,0
2019/1/3 5:50,Y地市,学校Y01线,学校,0.210368,0.025239,10.003101,10千伏Ⅳ段母线,10.46205,3.4,72,1031.1,2.9,99,0
2019/1/3 6:00,Y地市,学校Y01线,学校,0.225193,0.00449,13.623775,10千伏Ⅳ段母线,10.439198,3.4,72,1031.1,2.9,99,0
2019/1/3 6:10,Y地市,学校Y01线,学校,0.225193,0.00449,9.875488,10千伏Ⅳ段母线,10.439198,3.4,73,1031.2,1.7,120,0
2019/1/3 6:20,Y地市,学校Y01线,学校,0.193078,0.014165,11.888198,10千伏Ⅳ段母线,10.424097,3.4,72,1031.3,2.6,119,0
2019/1/3 6:30,Y地市,学校Y01线,学校,0.241836,0.117638,12.531112,10千伏Ⅳ段母线,10.42134,3.4,72,1031.4,2.6,119,0
2019/1/3 6:40,Y地市,学校Y01线,学校,0.241836,0.011807,10.370218,10千伏Ⅳ段母线,10.42134,3.5,72,1031.6,2.6,119,0
2019/1/3 6:50,Y地市,学校Y01线,学校,0.229983,0.014931,11.439598,10千伏Ⅳ段母线,10.411674,3.5,72,1031.6,2.6,119,0
2019/1/3 7:00,Y地市,学校Y01线,学校,0.218191,0,12.465685,10千伏Ⅳ段母线,10.418608,3.5,72,1031.7,2.6,119,0
2019/1/3 7:10,Y地市,学校Y01线,学校,0.22061,0,14.292243,10千伏Ⅳ段母线,10.418608,3.6,72,1031.7,2.4,76,0
2019/1/3 7:20,Y地市,学校Y01线,学校,0.246206,0.00532,14.987515,10千伏Ⅳ段母线,10.394155,3.6,72,1031.8,2.4,76,0
2019/1/3 7:30,Y地市,学校Y01线,学校,0.348005,0.018231,17.709946,10千伏Ⅳ段母线,10.37456,3.7,72,1031.9,2.4,76,0
2019/1/3 7:40,Y地市,学校Y01线,学校,0.348005,0.018231,20.346157,10千伏Ⅳ段母线,10.269037,3.7,72,1031.9,2.9,89,0
2019/1/3 7:50,Y地市,学校Y01线,学校,0.395325,0.026078,18.421089,10千伏Ⅳ段母线,10.227454,3.8,72,1031.9,2.9,89,0
2019/1/3 8:00,Y地市,学校Y01线,学校,0.474737,0.036737,24.095936,10千伏Ⅳ段母线,10.162021,3.8,72,1032.1,2.9,89,0
2019/1/3 8:10,Y地市,学校Y01线,学校,0.334938,0.036737,18.807451,10千伏Ⅳ段母线,10.162021,3.8,72,1032.4,2.8,78,0
2019/1/3 8:20,Y地市,学校Y01线,学校,0.437771,0.025632,27.478342,10千伏Ⅳ段母线,10.151362,3.9,72,1032.5,2.8,78,0
2019/1/3 8:30,Y地市,学校Y01线,学校,0.483004,0.024685,27.25598,10千伏Ⅳ段母线,10.245138,4,72,1032.6,2.9,85,0
2019/1/3 8:40,Y地市,学校Y01线,学校,0.449798,0.024685,25.997246,10千伏Ⅳ段母线,10.245138,4.1,70,1032.7,3.1,93,0
2019/1/3 8:50,Y地市,学校Y01线,学校,0.513933,0.027904,29.134638,10千伏Ⅳ段母线,10.267583,4.2,69,1032.7,3.6,113,0
2019/1/3 9:00,Y地市,学校Y01线,学校,0.586643,0.068683,30.314501,10千伏Ⅳ段母线,10.27028,4.3,69,1032.8,3.9,80,0
2019/1/3 9:10,Y地市,学校Y01线,学校,0.471821,0.068683,28.208488,10千伏Ⅳ段母线,10.27028,4.3,69,1033,2.3,75,0
2019/1/3 9:20,Y地市,学校Y01线,学校,0.528779,0.025602,26.593395,10千伏Ⅳ段母线,10.272402,4.4,68,1033.1,2.5,103,0
2019/1/3 9:30,Y地市,学校Y01线,学校,0.38123,0.078829,25.451508,10千伏Ⅳ段母线,10.271113,4.5,68,1033.1,2.9,85,0
2019/1/3 9:40,Y地市,学校Y01线,学校,0.500494,0.078829,29.283203,10千伏Ⅳ段母线,10.271113,4.6,68,1033.1,3,127,0
2019/1/3 9:50,Y地市,学校Y01线,学校,0.540396,0.033883,25.477179,10千伏Ⅳ段母线,10.273462,4.7,68,1032.9,3.4,83,0
2019/1/3 10:00,Y地市,学校Y01线,学校,0.473225,-0.004392,22.820551,10千伏Ⅳ段母线,10.285716,4.7,67,1032.7,3.4,83,0
2019/1/3 10:10,Y地市,学校Y01线,学校,0.465167,-0.004392,30.635956,10千伏Ⅳ段母线,10.285716,4.9,67,1032.6,2.9,87,0
2019/1/3 10:20,Y地市,学校Y01线,学校,0.491169,0.028121,28.909845,10千伏Ⅳ段母线,10.476499,5,67,1032.6,3.2,108,0
2019/1/3 10:30,Y地市,学校Y01线,学校,0.547609,0,30.042269,10千伏Ⅳ段母线,10.52284,5.1,66,1032.5,4.3,89,0
2019/1/3 10:40,Y地市,学校Y01线,学校,0.446744,0.106435,26.240881,10千伏Ⅳ段母线,10.52284,5.1,66,1032.3,4.3,89,0
2019/1/3 10:50,Y地市,学校Y01线,学校,0.481068,0.07309,25.375805,10千伏Ⅳ段母线,10.546485,5.1,66,1032.1,4.8,133,0
2019/1/3 11:00,Y地市,学校Y01线,学校,0.526864,0.020074,24.844326,10千伏Ⅳ段母线,10.423086,5.2,66,1031.9,4.8,133,0
2019/1/3 11:10,Y地市,学校Y01线,学校,0.549557,0.020074,29.65263,10千伏Ⅳ段母线,10.423086,5.4,67,1031.6,3.7,115,0
2019/1/3 11:20,Y地市,学校Y01线,学校,0.524081,0.053736,22.990715,10千伏Ⅳ段母线,10.459178,5.6,66,1031.4,3.7,115,0
2019/1/3 11:30,Y地市,学校Y01线,学校,0.510992,0.065299,22.540686,10千伏Ⅳ段母线,10.531226,5.7,66,1031.3,4.8,131,0
2019/1/3 11:40,Y地市,学校Y01线,学校,0.396745,-0.036944,18.16214,10千伏Ⅳ段母线,10.531226,5.7,65,1031,4.9,134,0
2019/1/3 11:50,Y地市,学校Y01线,学校,0.314836,-0.01112,18.533859,10千伏Ⅳ段母线,10.584955,5.7,66,1030.8,4.9,134,0
2019/1/3 12:00,Y地市,学校Y01线,学校,0.334893,0.025626,16.854422,10千伏Ⅳ段母线,10.557799,5.7,66,1030.5,4.9,134,0
2019/1/3 12:10,Y地市,学校Y01线,学校,0.334893,0.025626,18.874495,10千伏Ⅳ段母线,10.557799,5.8,66,1030.3,3.8,134,0
2019/1/3 12:20,Y地市,学校Y01线,学校,0.338209,0.007205,19.89683,10千伏Ⅳ段母线,10.465691,5.8,67,1030.1,3.8,134,0
2019/1/3 12:30,Y地市,学校Y01线,学校,0.484333,0.035982,24.578558,10千伏Ⅳ段母线,10.4116,5.8,67,1030,3.9,127,0
2019/1/3 12:40,Y地市,学校Y01线,学校,0.585721,0.035982,27.430395,10千伏Ⅳ段母线,10.306194,5.8,67,1029.9,3.9,127,0
2019/1/3 12:50,Y地市,学校Y01线,学校,0.444658,0.009878,24.766338,10千伏Ⅳ段母线,10.341394,5.9,68,1029.7,3.9,127,0
2019/1/3 13:00,Y地市,学校Y01线,学校,0.441817,0.026933,26.913485,10千伏Ⅳ段母线,10.345109,5.9,67,1029.6,3.9,127,0
2019/1/3 13:10,Y地市,学校Y01线,学校,0.441817,0.026933,21.644819,10千伏Ⅳ段母线,10.345109,5.9,68,1029.5,3.5,139,0
2019/1/3 13:20,Y地市,学校Y01线,学校,0.453257,0.045506,27.997429,10千伏Ⅳ段母线,10.317126,6,68,1029.3,3.5,139,0
2019/1/3 13:30,Y地市,学校Y01线,学校,0.514525,0.046424,30.037601,10千伏Ⅳ段母线,10.352851,6,68,1029.2,3.7,124,0
2019/1/3 13:40,Y地市,学校Y01线,学校,0.550927,0.046424,26.654478,10千伏Ⅳ段母线,10.352851,6.1,67,1029.2,3.7,124,0
2019/1/3 13:50,Y地市,学校Y01线,学校,0.40248,0.023596,22.857269,10千伏Ⅳ段母线,10.36007,6.2,68,1029.1,3.7,124,0
2019/1/3 14:00,Y地市,学校Y01线,学校,0.486665,0.003234,25.851015,10千伏Ⅳ段母线,10.37851,6.2,68,1029,3.7,124,0
2019/1/3 14:10,Y地市,学校Y01线,学校,0.486665,0.003234,26.232,10千伏Ⅳ段母线,10.37851,6.2,67,1028.9,3.1,111,0
2019/1/3 14:20,Y地市,学校Y01线,学校,0.486316,0.031025,23.179655,10千伏Ⅳ段母线,10.343221,6.3,68,1028.8,3.1,111,0
2019/1/3 14:30,Y地市,学校Y01线,学校,0.470321,0.065367,23.948875,10千伏Ⅳ段母线,10.384722,6.3,68,1028.7,3.1,111,0
2019/1/3 14:40,Y地市,学校Y01线,学校,0.464456,0.065367,25.887589,10千伏Ⅳ段母线,10.384722,6.4,68,1028.7,3.4,130,0
2019/1/3 14:50,Y地市,学校Y01线,学校,0.479424,0.060983,29.656281,10千伏Ⅳ段母线,10.387725,NULL,NULL,NULL,NULL,NULL,NULL
2019/1/3 15:00,Y地市,学校Y01线,学校,0.4645,0.013917,26.220917,10千伏Ⅳ段母线,10.413772,6.4,68,1028.7,3.4,130,0
2019/1/3 15:10,Y地市,学校Y01线,学校,0.4645,0.013917,25.233168,10千伏Ⅳ段母线,10.413772,6.4,69,1028.6,2.4,96,0
2019/1/3 15:20,Y地市,学校Y01线,学校,0.463217,0.029223,24.271799,10千伏Ⅳ段母线,10.395862,6.4,69,1028.5,3.1,80,0
2019/1/3 15:30,Y地市,学校Y01线,学校,0.508915,0.036866,23.824415,10千伏Ⅳ段母线,10.430832,6.4,69,1028.5,3.2,105,0
2019/1/3 15:40,Y地市,学校Y01线,学校,0.508915,0.036866,23.66713,10千伏Ⅳ段母线,10.430832,6.4,69,1028.5,3.2,105,0
2019/1/3 15:50,Y地市,学校Y01线,学校,0.462715,0.030555,24.29739,10千伏Ⅳ段母线,10.405936,6.4,69,1028.6,3.2,105,0
2019/1/3 16:00,Y地市,学校Y01线,学校,0.48184,0.05442,28.340317,10千伏Ⅳ段母线,10.423352,6.4,69,1028.7,3.2,105,0
2019/1/3 16:10,Y地市,学校Y01线,学校,0.48184,0.05442,21.211939,10千伏Ⅳ段母线,10.423352,NULL,NULL,NULL,NULL,NULL,NULL
2019/1/3 16:20,Y地市,学校Y01线,学校,0.4932,0,26.18996,10千伏Ⅳ段母线,10.431572,6.3,69,1028.7,2.9,86,0
2019/1/3 16:30,Y地市,学校Y01线,学校,0.497028,0.043787,24.862247,10千伏Ⅳ段母线,10.466479,6.3,69,1028.7,2.9,90,0
2019/1/3 16:40,Y地市,学校Y01线,学校,0.36971,0.043787,24.627214,10千伏Ⅳ段母线,10.466479,NULL,NULL,NULL,NULL,NULL,NULL
2019/1/3 16:50,Y地市,学校Y01线,学校,0.359182,0.026632,20.705853,10千伏Ⅳ段母线,10.439827,6.3,69,1028.8,2.9,96,0
2019/1/3 17:00,Y地市,学校Y01线,学校,0.347609,0.006277,14.185052,10千伏Ⅳ段母线,10.360453,6.2,69,1028.8,2.9,86,0
2019/1/3 17:10,Y地市,学校Y01线,学校,0.347609,0.013948,16.028526,10千伏Ⅳ段母线,10.360453,6.2,69,1028.9,2.3,94,0
2019/1/3 17:20,Y地市,学校Y01线,学校,0.28139,0.017402,14.703348,10千伏Ⅳ段母线,10.386878,NULL,NULL,NULL,NULL,NULL,NULL
2019/1/3 17:30,Y地市,学校Y01线,学校,0.301731,0.011619,15.015337,10千伏Ⅳ段母线,10.423314,6.2,69,1029,2.8,112,0
2019/1/3 17:40,Y地市,学校Y01线,学校,0.301731,0.011619,12.098189,10千伏Ⅳ段母线,10.423314,6.2,70,1028.8,3,90,0
2019/1/3 17:50,Y地市,学校Y01线,学校,0.25162,0.016306,12.010741,10千伏Ⅳ段母线,10.410402,6.2,70,1028.9,3.8,93,0
2019/1/3 18:00,Y地市,学校Y01线,学校,0.230475,0.022085,10.481224,10千伏Ⅳ段母线,10.434044,NULL,NULL,NULL,NULL,NULL,NULL
2019/1/3 18:10,Y地市,学校Y01线,学校,0.230475,0.022085,12.074885,10千伏Ⅳ段母线,10.434044,6.3,69,1029.1,3.1,87,0
2019/1/3 18:20,Y地市,学校Y01线,学校,0.220842,0,12.249034,10千伏Ⅳ段母线,10.443032,6.3,70,1029.1,3.3,99,0
2019/1/3 18:30,Y地市,学校Y01线,学校,0.227506,0,10.936617,10千伏Ⅳ段母线,10.404762,NULL,NULL,NULL,NULL,NULL,NULL
2019/1/3 18:40,Y地市,学校Y01线,学校,0.227506,0,11.966939,10千伏Ⅳ段母线,10.404762,6.3,70,1029.3,4.1,79,0
2019/1/3 18:50,Y地市,学校Y01线,学校,0.236283,0.007508,11.838271,10千伏Ⅳ段母线,10.42178,6.3,70,1029.1,4.1,79,0
2019/1/3 19:00,Y地市,学校Y01线,学校,0.189086,0.007112,11.709509,10千伏Ⅳ段母线,10.441636,6.3,71,1029.2,4.1,79,0
2019/1/3 19:10,Y地市,学校Y01线,学校,0.189086,0.007112,9.357747,10千伏Ⅳ段母线,10.441636,6.3,71,1029.2,2.7,82,0
2019/1/3 19:20,Y地市,学校Y01线,学校,0.196503,0.003463,12.536582,10千伏Ⅳ段母线,10.42532,6.2,71,1029,3,93,0
2019/1/3 19:30,Y地市,学校Y01线,学校,0.2191,0.003809,9.804075,10千伏Ⅳ段母线,10.432786,6.2,71,1029,3,93,0
2019/1/3 19:40,Y地市,学校Y01线,学校,0.2191,0.003809,11.021101,10千伏Ⅳ段母线,10.432786,6.2,71,1029,3,93,0
2019/1/3 19:50,Y地市,学校Y01线,学校,0.244276,0.007177,10.790977,10千伏Ⅳ段母线,10.452756,NULL,NULL,NULL,NULL,NULL,NULL
2019/1/3 20:00,Y地市,学校Y01线,学校,0.174869,-0.007663,11.260195,10千伏Ⅳ段母线,10.454085,NULL,NULL,NULL,NULL,NULL,NULL
2019/1/3 20:10,Y地市,学校Y01线,学校,0.174869,-0.007663,8.698481,10千伏Ⅳ段母线,10.454085,6.1,72,1028.8,2.9,98,0
2019/1/3 20:20,Y地市,学校Y01线,学校,0.159654,-0.012135,11.397941,10千伏Ⅳ段母线,10.454673,6.2,72,1028.6,3.3,98,0
2019/1/3 20:30,Y地市,学校Y01线,学校,0.171872,-0.009223,10.048893,10千伏Ⅳ段母线,10.445007,6.1,73,1028.6,3.3,98,0
2019/1/3 20:40,Y地市,学校Y01线,学校,0.171872,-0.009223,9.02421,10千伏Ⅳ段母线,10.445007,NULL,NULL,NULL,NULL,NULL,NULL
2019/1/3 20:50,Y地市,学校Y01线,学校,0.166231,-0.011893,9.02421,10千伏Ⅳ段母线,10.42991,6.2,73,1028.7,3.9,93,0
2019/1/3 21:00,Y地市,学校Y01线,学校,0.168627,-0.010833,9.02421,10千伏Ⅳ段母线,10.448722,NULL,NULL,NULL,NULL,NULL,NULL
2019/1/3 21:10,Y地市,学校Y01线,学校,0.168627,-0.010833,10.353686,10千伏Ⅳ段母线,10.448722,6.1,74,1028.6,2.8,88,0
2019/1/3 21:20,Y地市,学校Y01线,学校,0.180033,-0.017729,9.082434,10千伏Ⅳ段母线,10.437586,NULL,NULL,NULL,NULL,NULL,NULL
2019/1/3 21:30,Y地市,学校Y01线,学校,0.154315,-0.019528,9.082434,10千伏Ⅳ段母线,10.431781,6.1,74,1028.5,3.5,93,0
2019/1/3 21:40,Y地市,学校Y01线,学校,0.154315,-0.019528,9.082434,10千伏Ⅳ段母线,10.431781,6.1,75,1028.4,3.5,93,0
2019/1/3 21:50,Y地市,学校Y01线,学校,0.173973,-0.010723,8.370666,10千伏Ⅳ段母线,10.450345,6,75,1028.2,3.5,93,0
2019/1/3 22:00,Y地市,学校Y01线,学校,0.155324,-0.020861,7.055494,10千伏Ⅳ段母线,10.478656,NULL,NULL,NULL,NULL,NULL,NULL
2019/1/3 22:10,Y地市,学校Y01线,学校,0.155324,-0.020861,7.166011,10千伏Ⅳ段母线,10.478656,6,76,1028.2,1.8,98,0
2019/1/3 22:20,Y地市,学校Y01线,学校,0.14236,-0.021288,7.166011,10千伏Ⅳ段母线,10.490983,NULL,NULL,NULL,NULL,NULL,NULL
2019/1/3 22:30,Y地市,学校Y01线,学校,0.133154,-0.0304,7.387874,10千伏Ⅳ段母线,10.485102,6,76,1027.7,1.8,87,0
2019/1/3 22:40,Y地市,学校Y01线,学校,0.133154,-0.0304,7.387874,10千伏Ⅳ段母线,10.485102,6,76,1027.8,2.2,88,0
2019/1/3 22:50,Y地市,学校Y01线,学校,0.143798,-0.021398,8.682922,10千伏Ⅳ段母线,10.506011,NULL,NULL,NULL,NULL,NULL,NULL
2019/1/3 23:00,Y地市,学校Y01线,学校,0.154647,-0.017366,7.305855,10千伏Ⅳ段母线,10.514819,6,77,1027.5,2.8,77,0
2019/1/3 23:10,Y地市,学校Y01线,学校,0.154647,-0.017366,7.252811,10千伏Ⅳ段母线,10.514819,NULL,NULL,NULL,NULL,NULL,NULL
2019/1/3 23:20,Y地市,学校Y01线,学校,0.143167,-0.024471,7.30049,10千伏Ⅳ段母线,10.544547,6.1,77,1026.2,3.5,91,0
2019/1/3 23:30,Y地市,学校Y01线,学校,0.12732,-0.027424,7.742222,10千伏Ⅳ段母线,10.539525,6.2,78,1026,4.8,96,0
2019/1/3 23:40,Y地市,学校Y01线,学校,0.12732,-0.027424,7.115994,10千伏Ⅳ段母线,10.539525,6.2,78,1026.1,4.8,96,0
2019/1/3 23:50,Y地市,学校Y01线,学校,0.130241,-0.024947,7.115994,10千伏Ⅳ段母线,10.530216,NULL,NULL,NULL,NULL,NULL,NULL
